Name,Team,W,L,SV,G,GS,IP,K/9,BB/9,HR/9,BABIP,LOB%,GB%,HR/FB,vFA (pi),ERA,xERA,FIP,xFIP,WAR,NameASCII,PlayerId,MLBAMID
"Tarik Skubal","DET",17,6,0,33,33,190.1,11.06479889463298,1.6077058222971,0.6147110497018323,0.2737306843267108,0.74165637,0.487012987,0.084415584,96.45831010624345,2.553415129530688,,2.310876004697346,2.662651211941762,6.676890850067139,"Tarik Skubal",22267,669373
"Justin Steele","CHC",17,8,0,43,43,252.2,9.011873713747441,1.9234829270449083,0.7836411924997775,0.29512893982808025,0.71975498,0.47733711,0.098654708,,3.0277046073855036,,3.116517752115268,3.3808421074517545,6.430431246757507,"Justin Steele",17312,657006
"Framber Valdez","HOU",19,16,0,46,46,289.1,8.460829641822597,2.7373272370602524,0.8398617659162138,0.2895408163265306,0.71741855,0.563591022,0.145945945,95.64213562011719,3.577189002976466,,3.628108772792979,3.438862013239789,5.455981254577637,"Framber Valdez",17295,664285
"Chris Sale","- - -",17,8,0,36,36,202.1,11.209225981942692,2.1350906632271798,0.9785832206457907,0.28661087866108786,0.72938689,0.425101214,0.116402116,94.48739414934565,3.5140033832280664,,3.0385946868361615,3.0956993779007744,5.404546737670898,"Chris Sale",10603,519242
"Cole Ragans","- - -",12,11,0,48,31,205.2,10.808752560546111,3.4132902822777194,0.6564019773610998,0.2925851703406814,0.72972973,0.418145956,0.078947368,96.28388776881721,3.369530150453646,,2.9502922153224764,3.4292751935305454,5.36877416074276,"Cole Ragans",21846,666142
"Ranger Suárez","PHI",14,9,0,40,40,233,8.690987409042798,2.7424893601868385,0.8497854355508513,0.30077519379844964,0.75607903,0.506849315,0.117647058,92.95530805987822,3.437768352910262,,3.5145705295785463,3.5516535994235268,5.125162363052368,"Ranger Suarez",17277,624133
"Cristopher Sánchez","PHI",9,9,0,36,35,196.2,8.145763133201632,1.9677967119532032,0.8237288561664572,0.2971014492753623,0.7199211,0.582300884,0.144,,3.203389996202889,,3.2927270252708616,3.1008172561936616,4.768078384920955,"Cristopher Sanchez",20778,650911
"Jordan Montgomery","- - -",16,16,0,45,45,254.1,7.466579441587104,2.512450902145424,0.9200524430391692,0.3119266055045872,0.71050892,0.433503836,0.096296296,92.864221343361,4.0340760964025115,,3.786649200034021,4.153408982426168,4.736298203468323,"Jordan Montgomery",16511,656756
"Yusei Kikuchi","TOR",15,14,0,50,50,261.2,9.596178717009087,2.4420383114969364,1.3757962318292598,0.3191489361702128,0.76408451,0.404891304,0.142348754,95.32937576970443,3.9554141665091223,,3.937992601157112,3.648166890795883,4.442087173461914,"Yusei Kikuchi",20633,579328
"Jesús Luzardo","MIA",13,16,0,44,44,245.1,9.758152679679325,2.824728407275594,1.1372283198122521,0.3033175355450237,0.72562358,0.392694063,0.116104868,96.48829563766114,3.961956727087846,,3.7446502077712718,3.8405019206593862,4.289302945137024,"Jesus Luzardo",19959,666200
"Blake Snell","- - -",14,12,0,38,38,203.2,11.710311111853656,4.993453417507408,0.839607211793281,0.2782608695652174,0.80454928,0.44117647,0.114457831,95.70575656741022,3.093289727659456,,3.578665985405374,3.6864701913067646,4.2103990241885185,"Blake Snell",13543,605483
"Max Fried","ATL",15,5,0,31,31,179.2,8.415584534704665,2.4545454892888605,0.7513914763129166,0.2883435582822086,0.77894737,0.582329317,0.125,94.20616060534165,2.9053803750766107,,3.338527982828394,3.2842099181446502,3.639854669570923,"Max Fried",13743,608331
"Garrett Crochet","CHW",6,8,0,32,19,118,12.050848334180177,2.745762911585357,0.8389831118733034,0.29304029304029305,0.76530612,0.436170212,0.1,97.03150983537947,3.1271188715277676,,2.7779710342140573,2.955876313343478,3.611295446753502,"Garrett Crochet",27463,676979
"Patrick Sandoval","LAA",9,21,0,44,44,224.1,8.384844457438978,4.3729571572289405,0.8023774600420075,0.3181818181818182,0.65408805,0.460506706,0.095238095,93.2629476092706,4.4531949032331415,,4.070659471558109,4.391083082903152,3.5739991664886475,"Patrick Sandoval",19447,663776
"MacKenzie Gore","WSN",13,17,0,45,45,230.1,10.276411225478425,3.555716431629417,1.3285094359934084,0.33444259567387685,0.7472067,0.371019108,0.13877551,95.67944467467882,4.180897342685139,,4.143777700194812,3.9007242040976657,3.530336022377014,"MacKenzie Gore",22201,669022
"Braxton Garrett","MIA",11,9,0,38,37,196.2,8.69491570397927,1.5101695696385047,1.144067855786746,0.3039568345323741,0.72596154,0.49568221,0.149700598,90.8030494947112,3.981356138137876,,3.7062366880615407,3.4226828142831827,3.4754174947738647,"Braxton Garrett",21844,666129
"Matt Strahm","PHI",13,6,2,92,10,121.2,11.317809520312842,1.8493152810968696,0.8876713349264974,0.2807017543859649,0.76996198,0.317406143,0.088235294,93.66619591346154,2.810959227267242,,2.7372319267880667,3.246660779892918,3.462056279182434,"Matt Strahm",13799,621381
"Tanner Scott","MIA",15,10,25,111,0,116,11.327587324430596,3.646552083892041,0.3879310727544725,0.2548262548262548,0.7826087,0.501945525,0.066666666,96.86063280419766,2.0172415783232567,,2.588204413043319,3.04942095324303,3.3483006358146667,"Tanner Scott",17586,656945
"Reid Detmers","LAA",7,16,0,40,40,211.2,10.119685525713848,3.6992127762063225,1.2330709254021075,0.322463768115942,0.68181818,0.379549393,0.122362869,94.36179610148515,4.974803388691262,,4.206730835763068,4.2072576288900265,3.2984110713005066,"Reid Detmers",27468,672282
"Andrew Abbott","CIN",17,12,0,39,39,212.1,8.562009624247878,3.475667273209535,1.3563579602768916,0.26548672566371684,0.82730561,0.310169491,0.10738255,92.87293309059326,3.475667273209535,,4.455566480520447,4.679864649229468,3.1610242128372192,"Andrew Abbott",29911,671096
"Eduardo Rodriguez","DET",13,9,0,26,26,152.2,8.430131566085587,2.829694511693064,0.8842795349040825,0.27427184466019416,0.75949367,0.410071942,0.096774193,92.29422743055555,3.301310263641908,,3.6611539236752417,4.062482696239407,3.00055193901062,"Eduardo Rodriguez",13164,593958
"Nestor Cortes","NYY",9,9,0,31,31,174.1,8.931166413135173,2.06500957529137,1.3422562239393903,0.284796573875803,0.74582339,0.286885245,0.102362204,91.81126600555157,3.9751434324358867,,3.9273490838097067,4.223906661209076,2.9671534299850464,"Nestor Cortes",17874,641482
"Andrew Heaney","TEX",13,15,0,52,45,237.1,9.214888208213626,3.18539345469113,1.327247272787971,0.30153846153846153,0.75800712,0.381791483,0.119863013,92.26508952744068,4.019663169014997,,4.342366718457168,4.3617445733724916,2.804478073492646,"Andrew Heaney",15423,571760
"Sean Manaea","- - -",12,9,1,54,27,207,9.34782677602182,3.521739390036128,0.9130435455649221,0.285451197053407,0.6803005,0.38998211,0.095022624,93.51652173239087,4.000000294855849,,3.8063331411638543,4.1549206466439115,2.503119021654129,"Sean Manaea",15873,640455
"Tyler Anderson","LAA",14,14,0,45,43,253,6.972332042092229,3.948616615674681,1.1383399252395476,0.2696476964769648,0.73567708,0.334207077,0.09039548,89.88097403089778,4.268774719648303,,4.745623701987374,5.301380823450468,2.3871705904603004,"Tyler Anderson",12880,542881
"Clayton Kershaw","LAD",13,5,0,24,24,131.2,9.36455660027394,2.7341771095690337,1.298734127045291,0.25,0.89347079,0.475073313,0.168141592,90.86030456216578,2.4607593986121303,,4.029723873874963,3.572727042387137,2.341388702392578,"Clayton Kershaw",2036,477132
"Josh Hader","- - -",5,8,48,100,0,95.1,13.783218070110594,3.870629732017359,1.0384616354192913,0.27419354838709675,0.8388521,0.331606217,0.119565217,,2.454545683718325,,3.040622178508256,3.053742830978406,2.1302059292793274,"Josh Hader",14212,623352
"Steven Matz","STL",5,9,0,31,23,132.2,7.801507799400419,2.9170855249932,0.9497487755791814,0.3283208020050125,0.70934256,0.420537897,0.104477611,,4.341708688361972,,3.960257530641142,4.208023151839549,2.089166708290577,"Steven Matz",13361,571927
"José Alvarado","PHI",1,5,23,80,0,77.1,11.870690435915352,3.6077588579742734,0.6982759079950206,0.2808988764044944,0.70351759,0.486187845,0.111111111,99.05479431152344,2.6767243139809125,,2.826033989292705,2.890624174026256,1.9390885829925537,"Jose Alvarado",17780,621237
"Shota Imanaga","CHC",7,2,0,16,16,91,9.098901098901099,1.4835164835164836,1.1868131868131868,0.2924901185770751,0.75117371,0.34351145,0.095238095,92.16011469414893,3.1648351648351647,,3.386584724174751,3.689564001887709,1.9369800090789795,"Shota Imanaga",33829,684007
"Danny Coulombe","BAL",6,3,3,90,0,77.1,10.00862455701297,1.7456903297115647,0.8146554871987302,0.265625,0.78220859,0.443877551,0.09090909,91.39829651738556,2.676725172224399,,2.8374436715265263,3.2409010669506095,1.856138914823532,"Danny Coulombe",13293,543056
"Shane McClanahan","TBR",11,2,0,21,21,115,9.469565217391304,3.208695652173913,1.173913043478261,0.273972602739726,0.8173913,0.436065573,0.132743362,96.97010157273918,3.2869565217391306,,3.9159099247144615,3.8448555612045787,1.7925292253494263,"Shane McClanahan",21483,663556
"Brandon Williamson","CIN",5,5,0,23,23,117,7.538462030033342,3.0000001956255136,1.384615474904083,0.27844311377245506,0.70189274,0.373563218,0.121621621,92.83613308414465,4.461538752468712,,4.631108825296808,4.722528143947164,1.7849310636520386,"Brandon Williamson",25463,682227
"Andrew Nardi","MIA",9,2,3,105,0,91.2,11.290911753505357,3.1418189227145343,0.8836365720134628,0.3076923076923077,0.75936884,0.400881057,0.098901098,94.47691306089743,3.436364446719022,,3.2001738348516304,3.4772762149187164,1.6710914969444275,"Andrew Nardi",25942,677053
"Sam Moll","- - -",2,4,1,97,1,84,9.64286020823985,3.7500011920932743,0.32142867360799493,0.2777777777777778,0.7367387,0.504629629,0.04054054,93.92587752855356,3.0000009536746197,,3.0894239203268428,4.030214582761836,1.6210298463702202,"Sam Moll",14874,594580
"Jose Quintana","NYM",6,11,0,30,30,165.1,6.858871178746106,3.0483871905538247,0.9798387398208722,0.29116465863453816,0.74826561,0.431372549,0.099447513,90.57713739398223,3.919354959283489,,4.25960602679356,4.537866492412946,1.6078982204198837,"Jose Quintana",11423,500779
"Austin Gomber","COL",11,14,0,44,44,233.2,5.738944427652883,2.5805991721660617,1.6176890332981282,0.29891304347826086,0.71742313,0.416993464,0.143344709,90.72329540984896,5.084165533222689,,5.1793499636416955,4.8166639213369855,1.5820769667625427,"Austin Gomber",16561,596295
"Aroldis Chapman","- - -",7,9,9,99,0,91,15.527474154742121,6.72527543007939,0.791208874126987,0.3151515151515151,0.72390572,0.445086705,0.129032258,98.55242789318831,3.4615388243055683,,3.223365952818332,3.1465257313986075,1.5649773627519608,"Aroldis Chapman",10233,547973
"Hoby Milner","MIL",5,2,1,113,1,104.1,8.453676697141963,1.897764156501257,0.7763580640232415,0.28027681660899656,0.73964497,0.505190311,0.097826086,88.93098764888576,2.932908241865579,,3.154119243817982,3.4303717938768497,1.5546037703752518,"Hoby Milner",13346,571948
"JoJo Romero","STL",7,3,3,69,0,76.2,8.921740758135394,2.1130438637689095,0.586956628824697,0.27722772277227725,0.71052632,0.539215686,0.1,95.30835269976266,3.0521744698884246,,2.9350911681129457,3.0835464161766177,1.5544773638248444,"JoJo Romero",19574,668941
"Patrick Corbin","WSN",11,23,0,50,50,280,6.171428571428572,2.9571428571428573,1.5107142857142857,0.3160854893138358,0.68850639,0.448801742,0.152103559,91.75426059299045,5.303571428571429,,5.084241839817592,4.652324869164398,1.5420905947685242,"Patrick Corbin",9323,571578
"Kyle Freeland","COL",6,17,0,36,36,191,5.418848492218846,2.5445027702592844,1.5549739151584514,0.3160377358490566,0.67678425,0.406060606,0.12890625,89.84391220301798,5.32460764887591,,5.160183579573205,5.084868237217886,1.5030767619609833,"Kyle Freeland",16256,607536
"Nick Lodolo","CIN",10,4,0,19,19,104.1,10.351437825838982,2.5015974745777543,1.4664536919938558,0.3248175182481752,0.81123245,0.461805555,0.161904761,94.05756341585257,4.054313148453602,,4.336415677559646,3.754091134284489,1.4702144749462605,"Nick Lodolo",26378,666157
"Sam Hentges","CLE",3,2,0,80,0,75,9.840002252197781,2.7600006317140116,0.4800001098633064,0.325,0.70601852,0.55721393,0.086956521,95.57633463541667,3.3600007690431446,,2.6550400623496,2.925998202473241,1.4625651836395264,"Sam Hentges",18548,656529
"Brennan Bernardino","BOS",5,3,0,87,8,82,9.439026695572,3.4024398553806043,0.4390244974684651,0.3194444444444444,0.80827068,0.476851851,0.0625,90.02740478515625,2.6341469848107906,,3.1847388462966393,3.7739370888756465,1.4488645568490028,"Brennan Bernardino",16835,657514
"Logan Allen","CLE",15,12,0,42,42,212.2,8.252351491915018,3.512539352968956,1.4388715421800544,0.3184818481848185,0.76290202,0.426984126,0.141666666,91.48624101082741,4.5705331339837025,,4.70469906098544,4.393345781418107,1.4247802197933197,"Logan Allen",27589,671106
"Brent Suter","- - -",4,3,0,91,5,117,7.15384685358359,2.615384871202603,0.8461539289184892,0.2910662824207493,0.68350669,0.445714285,0.088709677,,3.5384618845682274,,3.8259300860020433,4.2602775047141375,1.4241351447999477,"Brent Suter",13942,608718
"Mitchell Parker","WSN",5,5,0,16,16,91.2,7.265454747021893,1.865454597208324,1.1781818508684152,0.2593984962406015,0.72446556,0.405797101,0.109090909,92.71534871842496,3.436363731699544,,3.908622706793163,3.9551008526632856,1.366023302078247,"Mitchell Parker",27636,680730
"Alex Vesia","LAD",3,7,6,94,1,89.1,11.485076752079035,3.5261200554628616,1.108209160288328,0.28502415458937197,0.7775378,0.272300469,0.091666666,94.14871212734612,3.0223886189681672,,3.54048793069637,4.048516363073976,1.3465518355369568,"Alex Vesia",25007,681911
"Caleb Ferguson","- - -",8,7,4,103,7,88.1,10.698115671551554,3.66792537310339,0.8150945273563088,0.35684647302904565,0.69875776,0.473469387,0.109589041,95.29834386252573,4.075472636781544,,3.589335495721941,3.7138408647201935,1.337289646267891,"Caleb Ferguson",19349,657571
"A.J. Minter","ATL",8,9,11,97,0,88,10.943183478491617,2.7613640553203145,1.1250001706860542,0.29411764705882354,0.76271186,0.371428571,0.118279569,95.78015659619645,3.4772732548478036,,3.345280869341113,3.4073022776678985,1.336044430732727,"A.J. Minter",18655,621345
"James Paxton","- - -",14,7,0,35,35,176.2,7.998113322680683,3.718867978061719,1.426415114872988,0.2782258064516129,0.7495069,0.397286821,0.137254901,94.5071875,4.381132138538463,,4.788336464094227,4.522585300824546,1.313740074634552,"James Paxton",11828,572020
"Gregory Soto","PHI",4,7,5,104,0,89.2,10.03717671391475,3.814127151287605,0.7026023699740326,0.296137339055794,0.64748201,0.497890295,0.088607594,98.76834876019022,4.315985986983343,,3.5161379804690642,3.907551193611349,1.2971317768096924,"Gregory Soto",19677,642397
"Aaron Bummer","- - -",7,7,0,93,0,89.2,11.24163911521998,4.717473557279813,0.5018588890723206,0.3659574468085106,0.62318841,0.569620253,0.108695652,94.5617052443484,5.721191335424455,,3.2576642691135236,3.343702200422437,1.2771613597869873,"Aaron Bummer",16258,607481
"Robert Garcia","- - -",2,5,0,64,0,62.1,10.97326477947703,3.176471383532825,0.8663103773271341,0.32903225806451614,0.63739377,0.467532467,0.127659574,94.3940806833438,4.33155188663567,,3.083759782103744,3.0065852443447767,1.2635425925254822,"Robert Garcia",23363,676395
"Julio Urías","LAD",11,8,0,21,21,117.1,8.974432207212978,1.8409091707103544,1.8409091707103544,0.2829581993569132,0.74723247,0.370820668,0.161073825,92.8655462184874,4.6022729267758855,,4.686858603382902,4.127336516672884,1.2228851318359375,"Julio Urias",14765,628711
"Bailey Falter","- - -",6,16,0,35,31,171,6.368421301250286,2.526315888099287,1.5263158490599857,0.2821011673151751,0.6890849,0.376865671,0.131221719,91.39533257774482,4.684210709184094,,4.840007447910276,4.633116923109609,1.1938970973715186,"Bailey Falter",20070,663559
"A.J. Puk","MIA",9,13,16,84,4,94.1,10.685514239950619,3.2438168228421524,1.2402829028514113,0.30522088353413657,0.64935065,0.42084942,0.13,95.60182220997287,4.388693348551147,,3.8134480547211362,3.6892205909207156,1.1931962817907333,"A.J. Puk",19343,640462
"Cole Irvin","BAL",7,9,0,41,26,162,7.111111404146853,2.277777871640789,1.2222222725877403,0.30218687872763417,0.68647541,0.392307692,0.107317073,92.0945336657843,4.444444627591783,,4.357073520618615,4.543186394461538,1.1910808980464935,"Cole Irvin",19244,608344
"Tyler Holton","DET",7,3,3,93,2,132.1,7.4811095703222765,1.904282436082034,0.952141218041017,0.20857142857142857,0.78685259,0.441666666,0.106870229,91.69116664676072,2.6523933931142616,,3.6846594417014984,3.8718169467489707,1.1792373172938824,"Tyler Holton",26231,663947
"David Peterson","NYM",6,8,0,34,28,148.2,9.383408292457109,3.9955157890462525,1.2107623603170463,0.35135135135135137,0.7535545,0.543735224,0.185185185,93.03831762197066,4.661435087220628,,4.429994084547192,3.839922111054891,1.1523200571537018,"David Peterson",20302,656849
"Tim Mayza","TOR",3,2,1,104,0,78,7.9615413818144365,3.115385758101301,0.576923288537278,0.3446808510638298,0.74528302,0.508403361,0.084745762,,3.5769243889311237,,3.329700852310868,3.6689082956533006,1.141416072845459,"Tim Mayza",15042,641835
"Matthew Liberatore","STL",5,8,0,52,16,110.2,6.831326341227727,3.4156631706138634,0.8132531358604437,0.2948328267477204,0.64285714,0.421686746,0.081300813,94.44638056462479,4.635542874404529,,4.1466951091742725,4.710204798096751,1.1174506396055222,"Matthew Liberatore",22294,669461
"Joe Mantiply","ARI",5,3,1,76,5,72.2,6.811928542493047,2.2293584320886337,0.49541298490858526,0.28440366972477066,0.57397959,0.515981735,0.052631578,89.99487813313802,4.582570110404413,,3.159114560808766,4.075394086721642,1.078564092516899,"Joe Mantiply",14857,573009
"JP Sears","OAK",10,21,0,50,50,267.1,7.7094764559068265,2.7942643923155748,1.5822942944437592,0.2757255936675462,0.7486631,0.317380352,0.117206982,93.0482233191906,4.6122195391232985,,5.01919598071235,5.111549413926309,1.046534776687622,"JP Sears",23429,676664
"Keegan Akin","BAL",4,2,0,61,1,68.1,10.27317350361551,2.634147052209105,1.0536588208836422,0.31693989071038253,0.60686016,0.349462365,0.094117647,93.81376096810868,4.873172046586845,,3.3583398903401083,3.732013592576957,1.0412241779267788,"Keegan Akin",19362,669211
"Cody Bradford","TEX",7,3,0,23,11,75.1,8.123894559495978,1.6725665269550543,1.4336284516757607,0.2571428571428571,0.68535826,0.327272727,0.110091743,90.3054389458198,4.300885355027282,,4.095227697410689,4.335835134438934,1.0131889842450619,"Cody Bradford",27597,674003
"Colin Poche","TBR",13,4,3,89,0,82.2,8.600807906872026,3.266129584888111,0.8709678893034963,0.2336448598130841,0.82262211,0.334862385,0.076190476,92.31353879442402,2.504032681747552,,3.7033325102394046,4.47637975218657,0.9969357177615166,"Colin Poche",19403,621363
"Andrew Chafin","- - -",6,6,9,95,0,79.1,11.231095317191839,4.53781628977448,0.907563257954896,0.33497536945812806,0.6805293,0.387559808,0.096385542,92.12901156556373,4.424370882530118,,3.5894446057212743,3.9240997149662182,0.9936462044715881,"Andrew Chafin",12988,605177
"Will Smith","- - -",2,10,23,91,0,85,7.623530951371554,2.8588241067643323,0.9529413689214442,0.26778242677824265,0.61085973,0.281632653,0.075,92.06591998644112,4.552942095958011,,3.896908823260884,4.743652280621793,0.9557425379753113,"Will Smith",8048,519293
"Wade Miley","MIL",9,5,0,25,25,127.1,5.725131118739707,2.9685865060131813,1.2015707286243829,0.23404255319148937,0.80188679,0.466145833,0.118881118,90.47067410570091,3.321989661490941,,4.797310177758893,4.909226453877188,0.9468763545155525,"Wade Miley",8779,489119
"Marco Gonzales","- - -",4,1,0,13,13,67,6.044776119402985,3.08955223880597,0.8059701492537313,0.3047619047619048,0.66193853,0.410377358,0.08,89.54812640344312,4.567164179104478,,4.0833984261128435,4.714279869732572,0.9410915672779083,"Marco Gonzales",15467,594835
"Brooks Raley","NYM",2,2,3,74,0,61.2,10.216219323426015,4.086487729370406,0.5837839613386294,0.27450980392156865,0.81989247,0.419354838,0.063492063,90.17362060546876,2.4810818356891753,,3.47205149196091,4.2924245302825295,0.9393134713172913,"Brooks Raley",10061,548384
"Jordan Wicks","CHC",5,3,0,14,13,62.2,8.042553885051118,3.0159577068941696,1.0053192356313898,0.30158730158730157,0.69948187,0.432291666,0.114754098,92.87308584008728,4.3085110098488135,,3.9815733419843604,4.044785781463638,0.881509605795145,"Jordan Wicks",30094,696136
"Adrian Morejon","SDP",2,1,0,38,1,47.2,9.062939359702902,3.0209797865676338,0.3776224733209542,0.3382352941176471,0.73529412,0.507462686,0.04347826,96.40195850908982,3.209791023228111,,2.7219258432801503,3.623654896935548,0.8799075875431299,"Adrian Morejon",20039,670970
"Tanner Banks","CHW",3,6,3,68,4,103.1,8.448388058417407,2.351613170899691,1.3064517616109392,0.29411764705882354,0.66666667,0.412541254,0.120967741,93.13421872365389,4.354839205369798,,4.15760190902425,4.1689815955003535,0.8783737272024155,"Tanner Banks",16990,621383
"Matthew Boyd","DET",5,5,0,15,15,71,9.253522121109452,3.1690144250374837,1.3943663470164926,0.3020833333333333,0.62034739,0.388059701,0.126436781,91.64313122234513,5.450704811064472,,4.353632026843398,4.3654855857743255,0.8692860007286072,"Matthew Boyd",15440,571510
"Jalen Beeks","- - -",7,7,9,69,8,86.1,8.444016687697582,3.9613905448457793,0.8339769568096377,0.29435483870967744,0.63752277,0.442687747,0.08080808,94.70626629794751,5.003861740857826,,3.9282175595962814,4.5011949402764735,0.8646783381700516,"Jalen Beeks",17192,656222
"Martín Pérez","- - -",11,8,0,48,33,210.1,6.204437776038856,3.038035048956957,1.3264660072910657,0.3089802130898021,0.73617339,0.449189985,0.128099173,91.97991861979166,4.535657960414612,,4.861733665063709,4.773283925484371,0.8644234091043472,"Martin Perez",6902,527048
"Ryan Borucki","PIT",4,0,0,42,2,43.2,8.038170162597439,0.8244277089843527,0.8244277089843527,0.22608695652173913,0.77160494,0.47008547,0.093023255,,2.679390054199146,,3.2025032593569405,3.635274843304968,0.8602665066719055,"Ryan Borucki",16350,621366
"Cionel Pérez","BAL",5,2,4,93,0,79.1,7.487396878127893,4.310925475285756,0.226890814488724,0.3089430894308943,0.67114094,0.574380165,0.032786885,96.81626326421339,3.630253031819584,,3.5538538996227524,4.440447146814369,0.8005360662937164,"Cionel Perez",19614,672335
"Gabe Speier","SEA",2,4,1,91,0,71,10.90141255069184,2.6619728321456817,1.0140848884364502,0.30994152046783624,0.68601583,0.514285714,0.156862745,94.64406354765326,4.309860775854913,,3.375587092375864,3.0513826172739056,0.7738035768270493,"Gabe Speier",17170,642100
"Zack Thompson","STL",5,9,0,30,11,83.1,9.936001061279411,3.56400038067631,1.5120001614990406,0.34649122807017546,0.69469835,0.432773109,0.168674698,93.47975870219845,5.508000588317934,,4.509040381017363,3.9199189937916445,0.7710094936192036,"Zack Thompson",25918,668868
"Drew Smyly","CHC",13,16,0,63,23,173.1,8.930770082473837,3.738461894989048,1.6096155381202844,0.3,0.71833648,0.340594059,0.136563876,,4.725000450611158,,4.964259881126414,4.75464968579506,0.7685015052556992,"Drew Smyly",11760,592767
"Rich Hill","- - -",8,14,0,32,27,146.1,7.933940843429573,3.5671982086737613,1.4145785999913192,0.32054176072234764,0.66734075,0.379912663,0.13372093,88.41339902524595,5.412300730401569,,4.867796637748043,4.76786384653403,0.7230013012886047,"Rich Hill",4806,448179
"Jeffrey Springs","TBR",2,0,0,3,3,16,13.5,2.25,0.5625,0.11538461538461539,1,0.5,0.111111111,92.08431570870536,0.5625,,1.8175403594970705,1.9350507210940124,0.7177779674530029,"Jeffrey Springs",17677,605488
"Trevor Rogers","MIA",2,11,0,21,21,102.1,7.827361952560472,3.9576549198339466,1.0553746452890524,0.32051282051282054,0.71135431,0.496894409,0.115384615,92.64345799814356,4.749185903800736,,4.462455175227096,4.455139276931593,0.7143117785453796,"Trevor Rogers",22286,669432
"Robert Gasser","MIL",2,0,0,5,5,28,5.142857142857143,0.32142857142857145,0.6428571428571429,0.2826086956521739,0.78767123,0.430107526,0.0625,93.2071063701923,2.5714285714285716,,3.381090218680246,4.117562910488674,0.6645591259002686,"Robert Gasser",29812,688107
"Tim Herrin","CLE",4,1,0,65,0,64.1,9.79274833988735,3.91709933595494,0.5595856194221344,0.27848101265822783,0.73569482,0.464968152,0.074074074,96.28512378808864,3.217617311677272,,3.282470721335456,3.776471764482449,0.6516115516424179,"Tim Herrin",25139,682120
"Nick Ramirez","- - -",1,2,1,39,0,52,5.538462249485084,2.769231124742542,0.17307694529640888,0.3103448275862069,0.66572238,0.488505747,0.017543859,90.50246384564568,3.461538905928178,,3.235809466070928,4.752805664509121,0.6489146982785314,"Nick Ramirez",12575,598286
"John King","- - -",5,2,0,65,0,70.1,6.014219586090956,1.9194317827949858,0.6398105942649953,0.32158590308370044,0.74712644,0.644736842,0.108695652,93.5217514038086,3.1990529713249765,,3.483782852514345,3.5711273346474286,0.6431761533021927,"John King",22051,667463
"Taylor Rogers","SFG",7,6,2,98,0,88,10.636366402808035,3.7840918933067043,0.9204547848583876,0.2890995260663507,0.7444668,0.418604651,0.102272727,,3.0681826161946253,,3.6163370222177065,3.855317819603758,0.6324864029884338,"Taylor Rogers",13449,573124
"John Means","BAL",3,2,0,8,8,44.1,5.278195640110665,1.2180451477178458,1.2180451477178458,0.1796875,0.83916084,0.240601503,0.08,91.21208552003817,2.6390978200553326,,4.341727436920539,5.228700796794988,0.6282655298709869,"John Means",16269,607644
"Ryan Weathers","- - -",4,13,0,28,25,128.2,7.694300727244629,3.4274612330453347,1.3989637685899325,0.2970027247956403,0.70440252,0.448818897,0.141843971,95.67178695305144,4.896373190064764,,4.869563105093383,4.564487920201623,0.6244397154077888,"Ryan Weathers",23796,677960
"Steven Okert","- - -",5,2,1,95,2,85,10.376473280468488,3.6000009340400876,1.270588564955325,0.29439252336448596,0.71725572,0.263636363,0.110091743,93.59828939927897,4.341177596930693,,4.098293006903859,4.3069152054576545,0.6063697338104248,"Steven Okert",13580,595345
"Bryan Hudson","- - -",4,1,0,38,0,55.1,9.596386755061486,2.4397593445071575,1.1385543607700068,0.21481481481481482,0.88495575,0.453900709,0.137254901,91.86507948500967,2.4397593445071575,,3.7227933220419955,3.4494336319658787,0.5730556016787887,"Bryan Hudson",19924,663542
"Kyle Harrison","SFG",5,5,0,22,22,115.1,8.193641979841198,2.8872833643249938,1.4046243394013482,0.2953846153846154,0.74925816,0.376093294,0.118421052,93.3031089469178,4.213873018204045,,4.597950602935093,4.577710588215708,0.5707287639379501,"Kyle Harrison",27758,690986
"Joey Lucchesi","NYM",4,1,0,10,10,51,6.000000336590954,3.7058825608355894,0.8823529906751403,0.2857142857142857,0.76923077,0.447368421,0.084745762,90.58230949850643,3.529411962700561,,4.5416609151243135,5.160593552589976,0.5426783859729767,"Joey Lucchesi",19320,664192
"Ryan Yarbrough","- - -",11,9,3,50,9,146.2,5.952273062704042,2.0863637539374995,1.227272796433823,0.2639821029082774,0.74213836,0.391684901,0.106951871,87.03083939985795,4.172727507874999,,4.673021507103531,4.9145631633431766,0.5335304439067841,"Ryan Yarbrough",16502,642232
"Kris Bubic","KCR",0,2,0,4,3,17,9.529411764705882,1.0588235294117647,0.5294117647058824,0.3673469387755102,0.72815534,0.510204081,0.055555555,91.99234430576728,3.7058823529411766,,2.4263206033145686,3.4006672752254152,0.527269534766674,"Kris Bubic",21455,663460
"Tayler Saucedo","SEA",5,2,4,81,0,71,8.492960028033197,4.1830997152999325,0.38028179229999387,0.29743589743589743,0.77479339,0.569948186,0.076923076,92.56710597446987,3.1690149358332826,,3.578155434557008,3.89830459553964,0.5216488242149353,"Tayler Saucedo",17888,642048
"Carlos Rodón","NYY",12,14,0,32,32,163.1,9.036734975284965,3.085714381804622,1.818367403563438,0.2873303167420814,0.69474836,0.310782241,0.1375,95.43639157289628,5.400000168158089,,5.087272969685227,4.720578929651499,0.5016644597053528,"Carlos Rodon",16137,607074
"Justin Wilson","CIN",1,1,1,29,0,21.2,11.630772643682816,2.076923686371931,1.2461542118231588,0.3898305084745763,0.72916667,0.426229508,0.12,95.59470177664974,4.984616847292635,,3.3514199431831475,3.232474068278772,0.4957992136478424,"Justin Wilson",4301,458677
"Angel Perdomo","PIT",3,2,0,30,0,29,13.655176006231901,3.4137940015579753,0.9310347276976296,0.32142857142857145,0.68181818,0.339285714,0.115384615,93.83988255380795,3.7241389107905185,,3.013660985649537,3.15114880122374,0.4922177791595459,"Angel Perdomo",17759,622780
"Brad Hand","- - -",5,3,1,60,0,53.2,9.894411813375687,3.6894416931231375,1.0062113708517648,0.3333333333333333,0.66115702,0.37062937,0.127659574,92.75086768897805,5.534162539684706,,4.019015659588225,4.013565952387324,0.4897240325808525,"Brad Hand",9111,543272
"Jared Koenig","MIL",7,1,0,29,5,38,8.526317073367833,2.6052635501957266,0.7105264227806527,0.2376237623762376,0.89673913,0.495049504,0.081081081,,1.6578949864881898,,3.4036466453214156,3.79590468852711,0.48318471014499664,"Jared Koenig",27517,657649
"DJ Herz","WSN",1,3,0,7,7,31.1,11.776596222597334,2.5851064878872196,1.7234043252581464,0.34523809523809523,0.68306011,0.34090909,0.146341463,93.20879597065917,5.170212975774439,,3.996591772111417,3.4136169979838615,0.4725959300994873,"DJ Herz",26389,687792
"Austin Cox","KCR",0,1,1,24,3,35.2,8.32710428810196,4.289720390840404,0.5046729871576946,0.2736842105263158,0.61085973,0.364583333,0.052631578,91.60528455849644,4.542056884419251,,3.7316759584793378,4.76421913272711,0.4529571309685707,"Austin Cox",24604,680735
"Cam Booser","BOS",1,2,1,27,0,30,10.200001296997236,2.1000002670288427,0.9000001144409325,0.3125,0.77922078,0.259259259,0.073170731,95.68065878378378,3.000000381469775,,2.9001378038194403,3.5912531523202134,0.4524213969707489,"Cam Booser",16061,592155
"Yuki Matsui","SDP",3,2,0,41,0,38.1,8.921741202053846,5.400001253874697,0.23478266321194333,0.26262626262626265,0.69958848,0.43,0.025,92.30105377906976,3.52173994817915,,3.3233262798691605,4.504453794472571,0.4385357201099396,"Yuki Matsui",33826,673513
"Scott Alexander","- - -",8,5,1,74,8,63.2,5.371729170223286,2.403141997205154,0.5654451758129775,0.3014354066985646,0.60453401,0.598086124,0.09090909,,4.382200112550575,,3.7049941527012997,3.9907604258390235,0.4256138652563095,"Scott Alexander",10591,518397
"Hyun Jin Ryu","TOR",3,3,0,11,11,52,6.576923076923077,2.423076923076923,1.5576923076923077,0.2716049382716049,0.77617329,0.455621301,0.163636363,88.77156409438776,3.4615384615384617,,4.908886513343225,4.407623945405851,0.42175111174583435,"Hyun Jin Ryu",14444,547943
"Angel Zerpa","KCR",4,3,0,54,3,75.2,7.96916446872004,2.1409695587606077,1.189427532644782,0.3185840707964602,0.75,0.549356223,0.151515151,94.96545027599716,4.162996364256737,,4.115237229406689,3.7769997245108096,0.41132504865527153,"Angel Zerpa",22717,672582
"Tom Cosgrove","SDP",1,3,1,72,0,66,8.045456754275211,3.409091845031869,0.8181820428076486,0.26373626373626374,0.7160804,0.4,0.075949367,91.67538452148438,3.954546540236968,,4.174826590835806,4.918446520550857,0.39959007501602173,"Tom Cosgrove",23443,676680
"Kenny Rosenberg","LAA",2,2,0,7,3,33,7.909090909090909,3.8181818181818183,0.8181818181818182,0.32323232323232326,0.7860262,0.431372549,0.075,90.61617337740384,3.8181818181818183,,4.042919147375859,4.865163697618427,0.39683327719103545,"Kenny Rosenberg",20009,670046
"Chris Murphy","BOS",1,2,1,20,0,47.2,9.251749485756065,3.20979063791537,0.9440560699751087,0.32142857142857145,0.67213115,0.44680851,0.1,93.89999308628319,4.9090915638705654,,3.6955998588187877,4.066248601210967,0.3777315020561218,"Chris Murphy",26214,669684
"Dylan Lee","ATL",3,2,0,52,1,59.2,9.201118887127734,2.8659222763184746,1.0558661018015434,0.29559748427672955,0.7278481,0.376543209,0.104477611,92.24482350068934,2.8659222763184746,,3.637557344593143,3.833992072295397,0.3757031708955765,"Dylan Lee",19996,669276
"Francisco Pérez","OAK",1,2,0,17,1,16.2,7.560002451325258,4.32000140075729,0,0.3333333333333333,0.53846154,0.372549019,0,92.46978722549066,5.9400019260412735,,3.195040340042108,5.07986195069727,0.34692104160785675,"Francisco Perez",21018,660906
"Richard Lovelady","- - -",2,7,0,42,0,36.1,8.917433611322473,3.220184359644226,0.9908259568136081,0.29,0.55299539,0.431372549,0.093023255,91.28025281751478,5.6972492516782465,,3.9941121416822307,4.416914107627465,0.2895094156265259,"Richard Lovelady",19337,663992
"Jovani Moran","MIN",2,2,0,43,0,42.1,10.204727474641416,5.740159204485797,0.6377954671650885,0.3018867924528302,0.60553633,0.419047619,0.075,93.36441200657895,5.314962226375738,,3.8219696636438156,4.462932143366591,0.2653621435165405,"Jovani Moran",20422,663558
"Anthony Banda","- - -",1,1,0,29,0,28.2,8.162792236499653,5.337210308480543,0.31395354755767896,0.2926829268292683,0.74519231,0.354430379,0.03125,95.74463105726872,3.13953547557679,,3.7116063827351016,4.925555364922669,0.2581726014614105,"Anthony Banda",14706,607455
"Ty Blach","COL",6,8,0,35,22,136,5.426470816547905,2.448529514783811,1.6544118343133856,0.34490238611713664,0.73333333,0.398322851,0.16025641,89.47341782823742,5.558823763292976,,5.415939866387625,4.825951000820613,0.22557600028812885,"Ty Blach",14361,621389
"José Quijada","LAA",0,1,4,10,0,9,8.000000847710593,3.0000003178914727,0,0.2857142857142857,0.46153846,0.392857142,0,94.50394933363971,6.000000635782945,,3.143929236612201,5.164692705567926,0.21948423981666565,"Jose Quijada",19200,650671
"Ray Kerr","- - -",2,3,0,32,2,49.1,11.310811976954689,2.9189192198592746,1.641892061170842,0.35714285714285715,0.73289902,0.363636363,0.183673469,95.72538414779974,4.925676183512526,,4.289420182659953,3.4604325747882605,0.21036043763160706,"Ray Kerr",23809,678061
"Tyler Gilbert","ARI",0,2,0,11,0,17.1,9.865386424685703,2.5961543222857113,1.0384617289142846,0.41304347826086957,0.68965517,0.425531914,0.166666666,92.56319640112704,5.192308644571423,,3.428117314316118,3.072745386491377,0.2077883630990982,"Tyler Gilbert",17964,656457
"Rob Zastryzny","- - -",2,0,0,25,2,24,6.750002682210081,5.250002086163396,0.37500014901167117,0.30666666666666664,0.63829787,0.369863013,0.032258064,92.75307055217463,4.125001639128382,,4.159452410344349,5.720626021448285,0.20112400315701962,"Rob Zastryzny",15094,642239
"Luke Little","CHC",3,1,0,35,1,32,10.96875326894321,6.1875018440192475,0.2812500838190567,0.2608695652173913,0.77981651,0.68115942,0.0625,96.22406198601973,2.812500838190567,,3.591437093745578,3.9320600743582377,0.19658126309514046,"Luke Little",28036,681432
"Hogan Harris","OAK",4,9,0,23,13,107.2,7.606811459943932,3.7616100626096367,1.3374613555945376,0.29559748427672955,0.63953488,0.377643504,0.109589041,93.03919520714472,5.517028091827467,,4.853109761729531,5.053757452620843,0.19122818298637867,"Hogan Harris",21520,663687
"Aaron Loup","LAA",2,3,1,55,0,48.2,8.321919547704315,3.6986309100908064,1.1095892730272419,0.37341772151898733,0.63613232,0.465838509,0.111111111,91.52218905362216,6.1027410016498305,,4.364629632524313,4.596430942208792,0.18998606503009796,"Aaron Loup",10343,571901
"T.J. McFarland","- - -",1,2,0,47,0,35.2,6.560749885599151,2.523365340615058,0.7570096021845174,0.3119266055045872,0.6768559,0.618181818,0.125,,4.289721079045599,,3.8998998845283364,3.786794982519475,0.1870681014843285,"T.J. McFarland",3237,519008
"Joe La Sorsa","- - -",1,0,0,25,0,32.2,7.71428744090928,2.47959239172084,0.82653079724028,0.29292929292929293,0.72429907,0.421568627,0.078947368,92.74756876627605,4.40816425194816,,4.112183408486991,4.841592754910966,0.1820406559854746,"Joe La Sorsa",25481,686747
"Andrew Vasquez","- - -",2,1,0,42,0,48.1,8.006898342228222,4.2827595784011425,0.744827752765416,0.29577464788732394,0.78125,0.464788732,0.083333333,89.17110855852971,3.351724887444372,,4.413661308243273,4.97974869392713,0.18129950016736984,"Andrew Vasquez",19482,607755
"Tommy Henry","ARI",7,7,0,26,23,127.1,6.643979223460533,3.7460733919511515,1.4842932307730976,0.29457364341085274,0.73829532,0.385185185,0.123529411,90.54877564803414,5.018324732613807,,5.33318930338746,5.32251469870632,0.18019195646047592,"Tommy Henry",26285,674072
"Kolby Allard","ATL",0,1,0,4,3,12.1,9.486487464542643,2.9189192198592746,1.4594596099296373,0.3783783783783784,0.63953488,0.307692307,0.117647058,90.54247911241319,6.567568244683368,,4.228013432783495,4.398849651787401,0.1716040861501824,"Kolby Allard",18694,663465
"Adam Kolarek","- - -",0,0,0,5,0,6,10.500001668930318,1.500000238418617,0,0.15384615384615385,1,0.666666666,0,89.2030029296875,0,,1.9217068142360776,2.7483828226077502,0.1691778227686882,"Adam Kolarek",10843,592473
"Chasen Shreve","- - -",1,2,0,50,0,44.2,9.067166050496851,2.8208961045990204,1.4104480522995102,0.30952380952380953,0.703125,0.454545454,0.142857142,90.64345848338755,4.634329314698391,,4.284891318318936,4.061329390316806,0.16589700803160667,"Chasen Shreve",10855,592741
"Alex Young","CIN",4,2,1,66,0,55.2,8.407188479353945,3.233534030520748,1.616767015260374,0.2883435582822086,0.796875,0.494117647,0.175438596,91.46446491109914,3.71856413509886,,4.850673146953085,4.201238920964656,0.14564815163612366,"Alex Young",18333,622065
"Garrett Cleavinger","TBR",6,1,3,54,0,47.1,11.218311742714047,4.9436628018739865,0.7605635079806133,0.28440366972477066,0.78525641,0.4375,0.102564102,96.03366758765245,3.2323949089176067,,3.8863573718722373,4.037981799964735,0.1441267728805542,"Garrett Cleavinger",17897,664076
"Danny Young","- - -",2,0,0,21,0,20.2,11.758067048179544,3.4838717179791243,0.8709679294947811,0.3333333333333333,0.76335878,0.510204081,0.142857142,,3.4838717179791243,,3.444319016429836,3.230226359020703,0.13778618955984712,"Danny Young",18439,664849
"Kyle Nelson","ARI",7,4,0,79,2,66.2,10.12500371754306,2.430000892210334,1.8900006939413712,0.3063583815028902,0.76807229,0.370165745,0.197183098,91.86699187943611,4.185001536584465,,4.575923112290222,3.586116361220224,0.13185015693306923,"Kyle Nelson",20515,669459
"Bennett Sousa","- - -",0,0,0,7,0,9,10.000002119276708,2.0000004238553415,1.0000002119276707,0.23809523809523808,0.60606061,0.454545454,0.1,94.540380859375,4.000000847710683,,3.14392922483844,3.536542367988588,0.12906094640493393,"Bennett Sousa",21345,656986
"Ryan Sherriff","BOS",0,0,0,5,0,6.2,6.750001609325793,2.7000006437303172,0,0.2857142857142857,0.77777778,0.3,0,,2.7000006437303172,,3.105040323734275,5.33706572372326,0.128618985414505,"Ryan Sherriff",12249,595411
"Tucker Davidson","- - -",1,2,2,38,1,51.1,8.064936463357386,3.331169408778051,1.0519482343509634,0.35802469135802467,0.6314433,0.441717791,0.115384615,91.4168921062842,5.96103999465546,,4.2680275481313315,4.423370910237396,0.12764735240489244,"Tucker Davidson",19871,656353
"Kody Funderburk","MIN",3,0,1,36,0,44.2,10.074628514791288,3.8283588356206897,1.0074628514791288,0.3162393162393162,0.73333333,0.537190082,0.161290322,,4.432836546508167,,4.08603219614121,3.6727348629427716,0.12735772132873535,"Kody Funderburk",24993,681892
"Bryan King","HOU",1,0,0,7,0,7.1,7.363637640456744,2.454545880152248,0,0.23809523809523808,0.75,0.333333333,0,91.47402896521227,2.454545880152248,,2.757713524369157,4.943084311300808,0.12614066898822784,"Bryan King",25890,687911
"Caleb Thielbar","MIN",5,3,3,65,0,51.2,10.277421757741292,2.9612910149424065,1.741935891142592,0.2814814814814815,0.68627451,0.342657342,0.15625,93.1527737119438,4.35483972785648,,4.438531879061564,3.867770756714578,0.11264158599078655,"Caleb Thielbar",10078,573204
"DL Hall","- - -",3,1,0,22,4,35.2,9.084113768838503,3.7850474036827095,1.5140189614730837,0.36792452830188677,0.74626866,0.444444444,0.162162162,94.44296171658587,5.299066365155793,,4.812764407607323,4.230855479311683,0.10842624306678772,"DL Hall",22207,669084
"Jackson Wolf","SDP",1,0,0,1,1,5,1.8,1.8,0,0.3,0.57142857,0.6,0,89.2559814453125,5.4,,3.4550403594970707,5.10839211344719,0.10541950166225433,"Jackson Wolf",29832,680232
"Sam Long","- - -",2,2,2,57,1,61.2,7.589190675834685,4.23243326152319,0.8756758472116944,0.3131868131868132,0.67375887,0.429347826,0.08219178,94.23618114741161,4.816217159664319,,4.269030873927253,4.910409394060988,0.09638560563325882,"Sam Long",25379,669674
"Jared Shuster","- - -",5,5,0,30,12,90,5.300000449286605,4.200000356038442,1.1000000932481633,0.2756183745583039,0.70325901,0.354166666,0.084615384,91.82748660268814,4.900000415378182,,5.062883422286448,5.7508543965399195,0.09581564925611019,"Jared Shuster",27472,694363
"Thomas Pannone","MIL",0,0,0,1,0,2.2,13.500003218651585,3.3750008046628963,0,0.5555555555555556,0.66666667,0.444444444,0,89.6572624655331,6.750001609325793,,1.380039912462128,3.8600681346721117,0.09404344856739044,"Thomas Pannone",17281,623381
"Alex Wood","- - -",6,8,0,38,21,137,7.029197667465572,4.007299604816821,0.9854015421680709,0.3198090692124105,0.71287129,0.425882352,0.095541401,,4.598540530117664,,4.711459384890434,5.115427538234838,0.09256325662136078,"Alex Wood",13781,622072
"Matt Moore","- - -",9,3,1,87,0,87,8.793104508544106,3.3103452267460165,1.5517243250371953,0.2565217391304348,0.80898876,0.340248962,0.127118644,93.63340516523881,3.5172418034176425,,4.748955130708487,4.6236099505774195,0.0913519375026226,"Matt Moore",1890,519043
"Packy Naughton","STL",0,0,0,4,0,5,9.000001716614097,1.8000003433228193,0,0.18181818181818182,1,0.636363636,0,93.7990966796875,0,,1.8550400924682109,2.847051334049411,0.08243713527917862,"Packy Naughton",23292,676050
"Justin Bruihl","- - -",1,0,0,34,0,33.2,7.217822787434853,3.2079212388599347,0.8019803097149837,0.3333333333333333,0.5942623,0.514285714,0.09090909,,6.148515707814875,,4.220386938340984,4.653409289855731,0.08090745378285646,"Justin Bruihl",23779,677865
"Jose A. Ferrer","WSN",3,0,0,39,0,34,6.6176492862642915,3.4411776288574316,1.0588238858022867,0.3333333333333333,0.70484581,0.578431372,0.181818181,95.49236284289277,5.029413457560861,,4.54915844214431,4.0895623635338065,0.08035029470920563,"Jose A. Ferrer",24017,678606
"Josh Maciejewski","NYY",0,0,0,3,0,4,11.25,2.25,0,0.125,1,0.625,0,91.17574055989583,0,,1.4168045043945314,2.1452613070607187,0.06529192626476288,"Josh Maciejewski",21310,656671
"Blake Walston","ARI",0,0,0,3,2,12.2,7.8157904544366605,6.394737644539085,0,0.2727272727272727,0.80952381,0.393939393,0,91.52384114583333,2.842105619795149,,4.272067800981533,5.997360444844515,0.0648951600305736,"Blake Walston",26270,686796
"Jacob Latz","TEX",2,3,0,41,0,40.1,8.033060193836016,5.132232901617455,0.8925622437595574,0.24770642201834864,0.8097166,0.36036036,0.072727272,94.93823445074446,2.9008272922185614,,4.469916298975831,5.206323624855992,0.05766706774011254,"Jacob Latz",21306,656641
"Austin Davis","SDP",0,0,0,4,0,5,9,5.4,0,0.35714285714285715,0.44444444,0.307692307,0,,9,,3.5668045043945313,5.0237181097269055,0.05550657957792282,"Austin Davis",17117,656354
"Jacob Lopez","TBR",1,0,1,7,1,17.2,5.0943398059751335,3.566037864182593,0.5094339805975133,0.2711864406779661,0.56390977,0.316666666,0.04,90.80724182128907,5.6037737865726465,,4.700101287020516,6.159352165010461,0.041263796389102936,"Jacob Lopez",25098,682052
"Easton Lucas","OAK",0,0,0,9,0,10.1,11.322582038458798,6.0967749437855066,0.8709678491122153,0.4594594594594595,0.50847458,0.368421052,0.066666666,94.03955078125,10.451614189346582,,3.9979245077566428,5.025825997233061,0.03799553029239178,"Easton Lucas",26058,687922
"Josh Rogers","COL",1,0,0,5,0,9.1,1.928571888378798,1.928571888378798,0,0.3333333333333333,0.5625,0.305555555,0,89.62860785590277,6.750001609325793,,4.023947565896219,6.521514341932326,0.036934345960617065,"Josh Rogers",18510,642028
"Brendon Little","TOR",0,1,0,17,0,17.1,8.307693831314277,2.076923457828569,1.5576925933714267,0.2708333333333333,0.69620253,0.705882352,0.333333333,,4.67307778011428,,4.262958551581832,2.769432649670316,0.03621013090014458,"Brendon Little",21574,663893
"Brandon Walter","BOS",0,0,1,9,0,23,6.260869565217392,2.739130434782609,1.173913043478261,0.3670886075949367,0.6424581,0.426829268,0.09090909,91.77609252929688,6.260869565217392,,4.602866446453592,5.279414615164633,0.033057231456041336,"Brandon Walter",26056,687888
"Sammy Peralta","CHW",2,0,0,17,0,20.1,7.967215493061829,5.311476995374552,0.8852461658957588,0.29508196721311475,0.68493151,0.38095238,0.086956521,,4.4262308294787935,,4.532282777440046,5.123779200280146,0.031938448548316956,"Sammy Peralta",25589,671111
"Nick Vespi","BAL",1,0,0,19,0,26,5.5384619447606855,1.3846154861901714,1.0384616146426284,0.2875,0.74626866,0.457831325,0.111111111,89.15210988898026,3.807692587022971,,4.062732482988268,4.189010937376626,0.03008812479674816,"Nick Vespi",21093,663989
"Nick Pratto","KCR",0,0,0,1,0,1,9,0,0,0.3333333333333333,1,0.333333333,0,78.68641764322916,0,,1.1668045043945314,2.623718109726906,0.029427457600831985,"Nick Pratto",22117,668472
"Anthony Veneziano","KCR",0,0,0,4,0,4.1,6.230769687855771,6.230769687855771,0,0.35294117647058826,0.55555556,0.352941176,0,94.73060825892857,2.076923229285257,,3.9066238587880866,6.4867592743153875,0.02927579078823328,"Anthony Veneziano",27453,685107
"José Lopez","TBR",0,0,0,1,0,2,9,4.5,0,0.42857142857142855,0.75,0.285714285,0,94.37372903262867,4.5,,2.7550403594970705,5.235067990422249,0.029074635356664658,"Jose Lopez",22982,673111
"Bailey Horn","BOS",0,0,0,3,0,7.1,7.363637640456744,2.454545880152248,1.227272940076124,0.2727272727272727,0.92105263,0.608695652,0.25,94.58630952380952,2.454545880152248,,4.121350124453739,3.143302830500746,0.0216577909886837,"Bailey Horn",27753,690544
"Matt Gage","HOU",0,0,0,5,0,6.2,10.800002574921269,4.050000965595475,1.3500003218651586,0.3333333333333333,0.92105263,0.466666666,0.5,93.96646610383064,2.7000006437303172,,4.155040574073843,2.7010457535994994,0.020356077700853348,"Matt Gage",17381,657424
"Zach Muckenhirn","NYM",0,0,0,3,0,6,4.500000715255851,3.000000476837234,0,0.44,0.71428571,0.4,0,91.25989163306451,6.000000953674468,,3.7550404389699428,6.510627133542184,0.019838498905301094,"Zach Muckenhirn",20209,669105
"Konnor Pilkington","CLE",0,0,0,1,0,2,9,4.5,0,0.2,1,0.4,0,93.48186125578704,0,,2.7550403594970705,5.235067990422249,0.019741494208574295,"Konnor Pilkington",21453,663455
"Andrew Saalfrank","ARI",0,0,0,12,0,11.1,4.764707268934752,6.352943025246336,0,0.2571428571428571,0.64705882,0.657142857,0,,3.176471512623168,,4.306078686498717,4.872281986609709,0.019108720123767853,"Andrew Saalfrank",26203,685314
"Rowdy Tellez","MIL",0,0,0,1,0,1,9,0,0,0.3333333333333333,1,0,0,57.91168212890625,0,,1.2550403594970705,4.5617438673973085,0.01801948994398117,"Rowdy Tellez",15679,642133
"Josh Taylor","KCR",1,3,0,17,1,17.2,13.245284925537819,4.584906320378476,2.0377361423904334,0.4090909090909091,0.5511811,0.458333333,0.25,93.04533984375,8.150944569561734,,4.783342466289897,3.3373212051076133,0.005782103165984154,"Josh Taylor",17359,657031
"Dominic Smith","BOS",0,0,0,1,0,1,0,0,0,0.25,1,0,0,45.057970319475444,0,,3.1668045043945314,7.537545320391655,0.005591957829892635,"Dominic Smith",15653,642086
"Tyler Jay","NYM",0,0,0,3,0,4.2,5.7857150739554095,5.7857150739554095,0,0.3888888888888889,0.5,0.705882352,0,92.10421316964286,7.714286765273879,,3.8096617348340214,5.058444995252131,0.004656154662370682,"Tyler Jay",17952,664079
"Enmanuel De Jesus","MIA",0,0,0,2,0,6.1,7.1052635145319645,5.684210811625571,0,0.4090909090909091,0.5,0.409090909,0,93.61279296875,11.368421623251143,,4.991882551938218,6.297160317941463,-0.0011615714756771922,"Enmanuel De Jesus",18554,646241
"Raymond Burgos","SFG",0,0,0,1,0,1,9,9,0,0.6,0.75,0.8,0,92.8377685546875,9,,4.166804504394531,5.623718109726906,-0.00384430936537683,"Raymond Burgos",22370,670103
"Kirby Snead","- - -",1,2,0,26,0,22,6.545456247881867,5.318183201404017,0.40909101549261667,0.33783783783783783,0.71808511,0.486486486,0.047619047,92.67459810697116,4.500001170418783,,4.1226873894214275,5.020687866020291,-0.00472606485709548,"Kirby Snead",19179,669912
"Joe Jacques","- - -",2,1,1,25,1,29.2,6.6741583046025506,3.3370791523012753,0.910112496082166,0.3684210526315789,0.69498069,0.618556701,0.130434782,,5.460674976492996,,4.8978032751125,4.85176553933926,-0.004824981093406677,"Joe Jacques",25178,682175
"Ethan Small","MIL",0,0,1,2,0,4,13.5,4.5,2.25,0.5714285714285714,0.625,0.266666666,0.166666666,92.201416015625,11.25,,5.0050403594970705,4.235067990422249,-0.006682143080979586,"Ethan Small",26364,663629
"Evan Justice","COL",0,0,0,9,0,7.1,8.59091169775104,9.81818479742976,0,0.5384615384615384,0.69565217,0.56,0,94.58365885416667,8.59091169775104,,5.02776817014411,6.155053798993894,-0.014347001910209656,"Evan Justice",30008,687145
"Bruce Zimmermann","BAL",2,0,0,7,0,13.1,9.450000225305562,0,2.025000048279763,0.3333333333333333,0.74324324,0.477272727,0.214285714,89.99928792317708,4.725000112652781,,4.53004038989544,3.3410597031955565,-0.016449935734272003,"Bruce Zimmermann",20370,669145
"Jake Bauers","MIL",0,0,0,2,0,2,0,13.5,0,0.14285714285714285,1,0.142857142,0,63.84897682883523,0,,7.666804504394531,11.309088517725467,-0.017938097938895226,"Jake Bauers",15194,641343
"Pavin Smith","ARI",0,0,0,1,0,1,0,9,0,0,1,0.333333333,0,73.73787195542279,0,,9.16680450439453,12.08063171505928,-0.029933420941233635,"Pavin Smith",19892,656976
"Robbie Ray","SEA",0,1,0,1,1,3.1,8.10000077247627,13.50000128746045,0,0.36363636363636365,0.44444444,0.4,0,93.89236749387256,8.10000077247627,,5.9550406169891605,7.443057337452601,-0.03208436444401741,"Robbie Ray",11486,592662
"Brady Basso","OAK",0,0,0,3,0,3.1,8.10000077247627,0,2.70000025749209,0.25,0.625,0.555555555,0.333333333,92.99967193603516,5.40000051498418,,5.266804704666157,2.678026702580185,-0.036979805678129196,"Brady Basso",25582,669620
"Logan Allen","ARI",0,1,1,12,0,28,6.750000919614645,3.2142861521974497,0.9642858456592349,0.31521739130434784,0.67839196,0.410526315,0.1,91.56210256177326,5.464286458735665,,4.345376093533597,4.513497836437339,-0.03751330450177193,"Logan Allen",18555,663531
"Dallas Keuchel","- - -",2,1,0,13,9,51.1,5.96103933018767,4.5584418407317475,1.0519481170919416,0.32335329341317365,0.70351759,0.505813953,0.130434782,,5.610389957823688,,5.062717939681805,4.963584887513353,-0.03834618255496025,"Dallas Keuchel",9434,572971
"Brandon Eisert","TOR",0,0,0,1,0,2,0,13.5,0,0.2,1,0.8,0,92.03463134765624,0,,7.666804504394531,8.395261307060718,-0.041029129177331924,"Brandon Eisert",27668,685126
"Alec Burleson","STL",0,0,0,2,0,1.2,5.400002059937309,0,5.400002059937309,0.6363636363636364,0.60606061,0.333333333,0.25,80.56489562988281,21.600008239749236,,9.855042877198226,6.023085624902826,-0.04859897121787071,"Alec Burleson",27615,676475
"Jack O'Loughlin","OAK",0,0,0,4,0,9.2,5.5862078150729175,4.655173179227431,0.9310346358454862,0.34285714285714286,0.78313253,0.444444444,0.09090909,92.23408840013587,4.655173179227431,,4.8219771903420625,5.135016861675091,-0.05408114567399025,"Jack O'Loughlin",22690,672552
"Tommy Milone","SEA",0,1,0,2,2,9,3.0000003178914727,6.000000635782945,1.0000001059638242,0.2,0.86206897,0.322580645,0.066666666,86.64468587239584,2.0000002119276483,,6.0328184316188045,7.343960382691492,-0.05601814389228821,"Tommy Milone",7608,543548
"Lucas Luetge","ATL",1,0,0,12,0,13.2,9.219513267367441,4.609756633683721,1.3170733239096344,0.36585365853658536,0.63063063,0.418604651,0.153846153,87.61372593470982,7.243903281502989,,4.864796644275513,4.535058030415474,-0.06248977407813072,"Lucas Luetge",8337,476595
"Sean Newcomb","OAK",2,1,0,14,2,25,8.640000659179737,6.120000466918981,1.0800000823974671,0.23728813559322035,0.76219512,0.459016393,0.130434782,93.57638113839286,4.320000329589869,,5.259746173768901,5.1422545189920115,-0.06399216502904892,"Sean Newcomb",16943,656794
"Reiver Sanmartin","CIN",1,0,0,14,0,14,8.357145134284192,6.428573180218609,1.285714636043722,0.3333333333333333,0.5785124,0.54347826,0.181818181,90.92151925223214,7.0714304982404705,,5.397898086236607,4.839817169418147,-0.06545882672071457,"Reiver Sanmartin",19754,665665
"Drew Rom","STL",1,4,0,8,8,33.2,8.554456091735847,5.079208304468159,1.8712872700672165,0.39285714285714285,0.59800664,0.394957983,0.134615384,90.78757628367003,8.019802586002356,,5.750090052920026,5.600811562596403,-0.06817306578159332,"Drew Rom",24602,680723
"Victor González","- - -",5,4,2,61,1,57,6.473685950288949,3.631579923332825,0.7894738963767012,0.2229299363057325,0.67741935,0.54658385,0.102040816,,3.9473694818835057,,4.446990925405774,4.638339118574922,-0.07398404739797115,"Victor Gonzalez",16408,624647
"Josh Walker","NYM",0,1,0,23,0,22.1,9.268658827291192,4.835821996847579,1.2089554992118947,0.3384615384615385,0.57926829,0.367647058,0.103448275,94.61641890914352,6.447762662463439,,4.504820852338575,4.7823015177972925,-0.08804499730467796,"Josh Walker",23617,677020
"Zach Logue","DET",0,0,0,3,0,11,8.181818891162775,1.6363637782325553,2.454545667348833,0.29411764705882354,0.55555556,0.459459459,0.25,91.0478515625,7.363637002046499,,5.5277678292645085,3.7859695916547977,-0.09127122163772583,"Zach Logue",20231,656657
"Anthony Misiewicz","- - -",2,0,0,12,0,12,6.750001626089607,5.250001264736361,1.500000361353246,0.3953488372093023,0.64655172,0.288888888,0.105263157,93.10361671447754,6.750001626089607,,5.664354618647405,6.082755305092409,-0.09692506902501918,"Anthony Misiewicz",18152,664948
"Génesis Cabrera","- - -",4,3,2,98,0,90.2,8.040443431754234,3.8713246152890752,1.2904415384296917,0.27559055118110243,0.71428571,0.406844106,0.12037037,95.98090177540416,3.9705893490144364,,4.720979142864884,4.7376117798826245,-0.09724003076553345,"Genesis Cabrera",17490,650893
"Erik Miller","SFG",2,2,0,42,9,41,9.878049699555346,4.609756526459162,1.317073293274046,0.23655913978494625,0.74519231,0.536082474,0.181818181,97.14906569809942,3.5121954487307896,,4.483877797668578,3.7540764852782678,-0.09918297082185745,"Erik Miller",26252,669062
"Jose E. Hernandez","PIT",2,4,1,57,0,56,10.607145927999374,4.178572638302784,1.6071433224241476,0.2896551724137931,0.72307692,0.363636363,0.151515151,94.59284451641614,4.821429967272443,,4.657351639926583,4.2494378481630655,-0.11416781693696976,"Jose E. Hernandez",22318,669796
"Richard Bleier","BOS",1,0,0,27,0,30.2,4.695652855366624,1.46739151730207,1.46739151730207,0.3106796116504854,0.65789474,0.552380952,0.178571428,89.18276977539062,5.282609462287452,,5.113736281413026,4.50375301171362,-0.11548691242933273,"Richard Bleier",7803,542947
"Justin Wrobleski","LAD",0,1,0,1,1,5,7.2,3.6,3.6,0.2727272727272727,0.71428571,0.416666666,0.333333333,95.1513671875,7.2,,7.966804504394531,4.515100830793381,-0.11735790222883224,"Justin Wrobleski",31204,680736
"Sean Nolin","MIA",0,0,0,1,0,3,6,6,6,0.4166666666666667,0.48387097,0.357142857,0.285714285,90.77579752604167,18,,12.588373692830405,7.779527785380681,-0.12407700717449188,"Sean Nolin",11341,543594
"Ken Waldichuk","OAK",4,9,1,35,22,141,8.42553259874162,4.5319152614443565,1.5319150179530219,0.31017369727047145,0.69600819,0.398104265,0.14117647,93.48297044223827,5.361702562835577,,5.297593716767766,5.078230565428108,-0.1273188591003418,"Ken Waldichuk",27681,686610
"Daniel Castano","MIA",0,0,0,2,0,3,12,9,6,0.45454545454545453,0.27777778,0.615384615,0.4,91.74990234375,21,,12.255040359497071,6.343959949413936,-0.13055062294006348,"Daniel Castano",19805,641447
"Jake Diekman","- - -",2,5,3,100,0,83.1,10.260002739716308,6.4800017303471416,0.7560002018738332,0.23737373737373738,0.64695009,0.472906403,0.104477611,95.27593399164842,3.888001038208285,,4.342805187099782,4.5400266676214756,-0.13724058866500854,"Jake Diekman",5003,518617
"Jhonathan Diaz","- - -",0,0,0,5,2,12.1,5.837838439718549,5.837838439718549,1.4594596099296373,0.4166666666666667,0.61643836,0.469387755,0.117647058,90.8336376953125,8.027027854613006,,6.460127890009133,6.535399594427387,-0.14036269672214985,"Jhonathan Diaz",20298,646242
"Kolton Ingram","LAA",0,0,0,5,0,5.1,11.812500704079909,8.43750050291422,3.375000201165688,0.375,0.58823529,0.352941176,0.222222222,92.5168212890625,8.43750050291422,,8.317540661245602,6.23257162176259,-0.14082621037960052,"Kolton Ingram",26068,688427
"Taylor Hearn","- - -",0,0,0,13,0,15,9.000001734495497,4.800000925064265,2.4000004625321325,0.3877551020408163,0.47244094,0.307692307,0.2,95.75087778191818,11.40000219702763,,6.321707617177018,5.059509712524269,-0.1414007805287838,"Taylor Hearn",18325,621368
"Anthony Kay","- - -",0,0,0,16,0,14.2,6.750001170418682,5.522728230342558,1.227272940076124,0.2619047619047619,0.66037736,0.295454545,0.111111111,94.70480439157197,6.1363647003806205,,5.777768069653547,6.03415435759397,-0.1440875604748726,"Anthony Kay",20387,641743
"Fernando Abad","COL",1,0,0,6,0,6.1,2.842105833777545,4.263158750666317,2.842105833777545,0.36,0.98214286,0.37037037,0.181818181,93.34080969769022,4.263158750666317,,8.149778184336174,6.916125719827925,-0.14641857147216797,"Fernando Abad",4994,472551
"Joely Rodríguez","BOS",0,1,0,22,0,22,10.227274500634367,3.2727278402029976,2.0454549001268734,0.359375,0.51724138,0.507246376,0.357142857,91.22612762451172,6.545455680405995,,4.98365001588068,3.018734107672412,-0.17199813947081566,"Joely Rodriguez",11487,570257
"Matt Dermody","BOS",0,1,0,1,1,4,2.25,2.25,4.5,0.16666666666666666,0.9375,0.5,0.5,91.78066618546195,6.75,,10.75504035949707,5.9083921134471895,-0.17452527582645416,"Matt Dermody",14844,571616
"Tyler Alexander","- - -",4,4,0,36,7,100.2,8.22516592654905,1.609271594324814,1.877483526712283,0.2945205479452055,0.65606362,0.306188925,0.139072847,89.69063782883713,5.453642625211869,,4.774907661130457,4.373245351154967,-0.1843701833859086,"Tyler Alexander",17735,641302
"Tyler Matzek","ATL",0,0,0,11,0,10,9.000001716614097,2.700000514984229,2.700000514984229,0.40625,0.54054054,0.314285714,0.23076923,93.89904477415966,9.900001888275506,,5.96680503845225,3.96079234276778,-0.19290286302566528,"Tyler Matzek",10058,554431
"Matt Krook","- - -",0,0,0,5,0,5,9.000001716614097,12.600002403259735,3.6000006866456387,0.3684210526315789,0.15151515,0.619047619,0.333333333,,23.40000446319665,,10.637394596548889,7.38212845067274,-0.19335933029651642,"Matt Krook",19315,640454
"Tim Hill","- - -",3,4,0,82,0,77.2,4.751073992024866,2.781116483136507,0.927038827712169,0.35815602836879434,0.61335404,0.638596491,0.140350877,90.87180125956633,5.214593405880951,,4.6978579110862935,4.516562730627846,-0.20232379157096148,"Tim Hill",16814,657612
"Aaron Ashby","MIL",0,2,0,2,2,8.2,5.192308073213143,7.269231302498399,2.076923229285257,0.20689655172413793,0.40983607,0.7,0.333333333,,6.230769687855771,,7.436035586814226,5.444667936727702,-0.20243118703365326,"Aaron Ashby",23550,676879
"Amir Garrett","- - -",0,1,0,33,0,29.2,11.831462449068159,7.584270800684717,1.5168541601369434,0.31343283582089554,0.84090909,0.449275362,0.166666666,95.18780723314607,3.640449984328664,,5.329065689229408,4.770254045627733,-0.2260196339339018,"Amir Garrett",14375,607237
"Michael Plassmeyer","PHI",0,1,0,1,1,3.2,9.818183520608992,0,7.363637640456744,0.38461538461538464,0.14705882,0.3125,0.375,89.18040114182692,22.090912921370233,,14.16413316017373,7.1350812227146605,-0.23671966791152954,"Michael Plassmeyer",23191,674681
"Brock Burke","TEX",5,3,0,63,0,69.1,8.17788611519999,1.9471157417142835,1.9471157417142835,0.3069306930693069,0.74324324,0.397196261,0.178571428,94.76496434176514,4.802885496228566,,5.016777032959249,4.179043694401109,-0.24545862525701523,"Brock Burke",17968,656271
"Daniel Lynch IV","KCR",3,4,0,14,12,75,5.880000149536136,2.8800000732421895,1.8000000457763683,0.24017467248908297,0.67948718,0.400826446,0.136363636,92.72686336016415,5.16000013122559,,5.681706919082943,5.417570857452413,-0.24703019857406616,"Daniel Lynch IV",21537,663738
"Kent Emanuel","MIA",0,0,0,5,0,9.1,5.785714482774546,2.892857241387273,2.892857241387273,0.25,0.64814815,0.580645161,0.3,,6.7500002299036375,,7.666804657663623,5.049212002793636,-0.25094881653785706,"Kent Emanuel",15849,592288
"Cade Povich","BAL",1,3,0,6,6,27.2,5.855422224979835,4.228916051374325,1.9518074083266117,0.2558139534883721,0.66473988,0.369565217,0.127659574,92.05497652746637,6.506024694422039,,6.311383106698517,5.9671037780867335,-0.2577507197856903,"Cade Povich",30055,700249
"Brent Headrick","MIN",3,0,1,14,0,25.2,10.519481561782793,3.506493853927598,2.4545456977493183,0.30303030303030304,0.73717949,0.180555555,0.155555555,91.78452394334532,6.311688937069676,,6.099196485460567,5.452475470514804,-0.3132578432559967,"Brent Headrick",27702,687396
"Devin Smeltzer","MIA",0,1,0,9,1,22.1,6.447761561138185,1.6119403902845462,2.820895682997956,0.3188405797101449,0.69852941,0.342105263,0.2,89.35779138513513,6.447761561138185,,6.971458481541997,5.487905175653276,-0.33667925000190735,"Devin Smeltzer",19487,656970
"Daniel Norris","CLE",0,0,0,7,0,12.2,7.8157904544366605,8.526316859385448,2.131579214846362,0.19444444444444445,0.63829787,0.394736842,0.157894736,88.71652970224056,5.684211239590298,,7.67609354584508,7.077173733194675,-0.34783703088760376,"Daniel Norris",13475,596057
"Andrew Suárez","STL",0,0,0,13,0,27.2,5.530120990258733,4.8795185208165295,2.2771086430477134,0.2857142857142857,0.54973822,0.418367346,0.166666666,92.60571487550813,7.1566271638642425,,6.941787686336226,6.16253847010147,-0.3702348470687866,"Andrew Suarez",18300,605498
"Madison Bumgarner","ARI",0,3,0,4,4,16.2,5.40000020599366,8.10000030899049,2.160000082397464,0.35,0.59322034,0.375,0.153846153,89.59771518049568,10.260000391387955,,8.055040542602546,7.514269258135944,-0.4044989049434662,"Madison Bumgarner",5524,518516
"Josh Fleming","- - -",3,1,1,35,5,80,4.725000394284758,3.2625002722442376,1.2375001032650557,0.2923076923076923,0.6988189,0.57992565,0.186440677,91.37485993214143,4.500000375509293,,5.086290318184357,4.4592057398092315,-0.40850107092410326,"Josh Fleming",20418,676596
"Clayton Andrews","- - -",0,1,0,5,0,3.2,12.272732692565238,4.909093077026095,9.81818615405219,0.5384615384615384,0.23809524,0.411764705,0.666666666,94.76739349365235,27.000011923643523,,17.156115974522667,5.62620334865782,-0.4563252180814743,"Clayton Andrews",23631,677076
"Parker Mushinski","HOU",0,0,0,24,0,25.2,6.3116891715877195,3.1558445857938597,2.10389639052924,0.2962962962962963,0.70224719,0.441860465,0.214285714,92.78305392795139,5.9610397731661795,,6.489952713030666,5.147499868965394,-0.4705030471086502,"Parker Mushinski",21324,656786
"Dylan Dodd","ATL",2,2,0,7,7,34.1,3.9320389805780422,3.1456311844624336,2.3592233883468254,0.3464566929133858,0.6928839,0.355555555,0.14516129,92.46487887814749,7.601942029117549,,6.924943408036576,6.5028407344883075,-0.5048835873603821,"Dylan Dodd",29928,689266
"Brandon Hughes","- - -",0,3,0,29,2,27.2,11.38554517754634,4.879519361805575,3.2530129078703833,0.36486486486486486,0.68292683,0.268292682,0.277777777,92.92164932642227,8.783134851250034,,7.330873904610764,4.620123274646952,-0.6165511645376682,"Brandon Hughes",23460,676714
"José Suarez","LAA",2,5,0,29,8,69,8.47826204137692,5.478261626735857,1.9565220095485203,0.35714285714285715,0.61206897,0.376681614,0.157894736,92.69569833792892,8.217392440103785,,6.1953644432349435,5.531754071522912,-0.6183810345828533,"Jose Suarez",19911,660761
"Kyle Muller","OAK",1,6,0,34,13,110.2,6.506024358026496,3.7409640058652354,1.7078313939819552,0.34444444444444444,0.6884058,0.42063492,0.154411764,93.57871342921982,6.343373749075834,,5.604703644675441,5.098664280281359,-0.6808208208531141,"Kyle Muller",20167,666205
"Joey Wentz","DET",3,14,0,51,19,142.2,8.768692448478921,4.100467691734747,1.8925235500314217,0.3325526932084309,0.65656566,0.391208791,0.161290322,93.68851412259616,6.4345800701068345,,5.447110252221579,4.823565569572125,-0.7105331420898438,"Joey Wentz",19962,666214
"Eric Lauer","MIL",4,6,0,10,9,46.2,8.292857425310183,4.628571586219637,3.0857143908130915,0.296875,0.70143885,0.25,0.216216216,91.16527381310097,6.557143080477819,,7.412183358231374,5.576783934124659,-0.8387304097414017,"Eric Lauer",19316,641778
"Wandy Peralta","- - -",6,4,4,103,0,87.1,7.3167959172361305,4.328245472167852,1.339695027099573,0.2288135593220339,0.81162325,0.555555555,0.185714285,95.68281416459517,3.4007642995604552,,5.282431824343279,4.598296106903302,-1.0578880906105042,"Wandy Peralta",14295,593974