Season,Name,Tm,G,TBF,ERA,H,2B,3B,R,ER,HR,BB,IBB,HBP,SO,AVG,OBP,SLG,wOBA,playerId
"Total","Adam Ottavino","NYM",31,55,5.25,11,2,1,8,7,2,6,0,2,16,0.239130434,0.345454545,0.456521739,0.34818770451979203,1247
"Total","Matt Moore","LAA",32,57,5.92682927,10,1,0,10,9,4,7,0,0,9,0.2,0.298245614,0.46,0.3294020546110053,1890
"Total","Lance Lynn","STL",17,81,6.23076923,17,5,0,15,12,5,10,0,1,24,0.242857142,0.345679012,0.528571428,0.37591180315724126,2520
"Total","Kenley Jansen","BOS",26,58,1.22727273,12,2,0,2,2,0,5,1,0,18,0.23076923,0.293103448,0.269230769,0.24807890047106826,3096
"Total","Max Scherzer","TEX",3,13,0,0,0,0,0,0,0,1,0,0,3,0,0.076923076,0,0.05318010770357572,3137
"Total","T.J. McFarland","OAK",37,65,1.03846154,14,4,0,2,2,1,2,0,1,13,0.225806451,0.261538461,0.338709677,0.2642925693438603,3237
"Total","Justin Wilson","CIN",26,48,6.0967742,13,2,0,7,7,2,3,0,1,16,0.302325581,0.354166666,0.488372093,0.3627275712788105,4301
"Total","Charlie Morton","ATL",16,83,4.32,14,3,0,8,8,1,12,0,9,24,0.233333333,0.426829268,0.333333333,0.35973168582451054,4676
"Total","Jake Diekman","NYM",31,56,2.18918919,7,1,0,5,3,0,10,0,2,12,0.166666666,0.345454545,0.19047619,0.2714834603396329,5003
"Total","Aaron Hicks","LAA",1,4,0,1,0,0,0,0,0,1,0,0,0,0.333333333,0.5,0.333333333,0.3941717594861984,5297
"Total","Jesse Chavez","ATL",23,58,0.675,12,0,1,1,1,1,8,1,0,9,0.244897959,0.350877192,0.346938775,0.30989048523562296,5448
"Total","Ryan Brasier","LAD",10,18,4.9090909,6,0,0,2,2,1,1,0,0,3,0.352941176,0.388888888,0.529411764,0.39890610840585494,5615
"Total","Huascar Brazoban","MIA",12,38,2.07692308,7,0,0,2,2,0,6,0,0,9,0.21875,0.342105263,0.21875,0.2722491543543966,6107
"Total","Albert Suarez","BAL",16,54,1.42105263,10,4,1,3,2,1,6,0,0,10,0.208333333,0.296296296,0.395833333,0.303588937830042,6175
"Total","Jose Cisnero","LAA",10,25,17.18181817,10,1,0,7,7,2,4,0,0,7,0.476190476,0.56,0.809523809,0.57392413854599,6399
"Total","Carlos Carrasco","CLE",15,71,4.69565217,17,5,1,8,8,1,10,0,0,18,0.278688524,0.38028169,0.44262295,0.3624236583709717,6632
"Total","Craig Kimbrel","BAL",36,66,2.59615385,7,1,0,5,5,2,7,0,2,29,0.122807017,0.242424242,0.245614035,0.23047508434815842,6655
"Total","Julio Teheran","NYM",1,4,0,0,0,0,0,0,0,1,0,0,1,0,0.25,0,0.1728353500366211,6797
"Total","Chase Anderson","BOS",20,71,2.45454545,12,1,0,5,5,2,4,0,0,12,0.181818181,0.228571428,0.287878787,0.2302684962749481,6895
"Total","Martin Perez","PIT",11,23,1.6875,5,1,0,1,1,0,0,0,1,7,0.227272727,0.260869565,0.272727272,0.2402109840641851,6902
"Total","Luis Garcia","LAA",33,69,6.06122449,13,2,0,11,11,2,8,0,2,18,0.224137931,0.333333333,0.362068965,0.3129023598588031,6984
"Total","Ryan Pressly","HOU",32,70,1.62,17,5,0,5,3,0,5,0,0,22,0.261538461,0.314285714,0.338461538,0.2912149003573826,7005
"Total","Fernando Cruz","CIN",35,76,5.71153846,15,5,0,11,11,4,12,1,0,23,0.234375,0.355263157,0.5,0.3662663873036702,7048
"Total","Daniel Hudson","LAD",33,61,1.01886792,9,3,0,3,2,2,1,1,0,18,0.15,0.163934426,0.3,0.1908062716325124,7146
"Total","Jay Jackson","MIN",16,49,7.83870968,15,0,1,11,9,5,4,0,0,12,0.333333333,0.387755102,0.711111111,0.4621114037474807,7432
"Total","Jordan Lyles","KCR",3,6,0,1,1,0,0,0,0,1,0,0,1,0.2,0.333333333,0.4,0.3253631790479024,7593
"Total","Hunter Strickland","LAA",30,47,2.31428571,8,3,0,3,3,0,5,0,0,7,0.19047619,0.276595744,0.261904761,0.24821166408822892,7836
"Total","Will Smith","KCR",26,47,0.71052632,9,1,0,2,1,1,1,0,0,10,0.195652173,0.212765957,0.282608695,0.21727316810729655,8048
"Total","Bryan Shaw","CHW",4,12,20.25000005,5,2,0,4,3,1,3,1,0,1,0.555555555,0.666666666,1.111111111,0.7033899805762551,8110
"Total","David Robertson","TEX",29,64,3.11538462,7,0,0,6,6,2,3,0,1,27,0.116666666,0.171875,0.216666666,0.17731039877980947,8241
"Total","Paolo Espino","TOR",2,7,6.75000002,2,1,0,1,1,1,1,0,0,1,0.333333333,0.428571428,1,0.5734884909221104,8246
"Total","Justin Verlander","HOU",10,43,6.0967742,8,0,0,7,7,3,3,0,0,13,0.205128205,0.255813953,0.435897435,0.295057522696118,8700
"Total","Wade Miley","MIL",2,2,0,0,0,0,0,0,0,0,0,0,1,0,0,0,0,8779
"Total","Kirby Yates","TEX",26,49,2.18918919,5,2,0,3,3,0,8,1,0,21,0.125,0.265306122,0.175,0.2086896263062954,9073
"Total","Nathan Eovaldi","TEX",14,58,2.4,13,3,0,4,4,1,3,0,0,16,0.236363636,0.275862068,0.345454545,0.2739118676761101,9132
"Total","Patrick Corbin","WSN",15,31,9,10,4,0,7,6,1,4,0,0,6,0.384615384,0.451612903,0.653846153,0.46121564026801815,9323
"Total","Dallas Keuchel","MIL",3,6,5.39999999,1,0,0,1,1,0,0,0,0,3,0.166666666,0.166666666,0.166666666,0.14755760629971823,9434
"Total","Joe Kelly","LAD",12,25,0,5,1,0,0,0,0,4,0,1,9,0.263157894,0.416666666,0.315789473,0.34542575975259143,9761
"Total","Miles Mikolas","STL",17,69,2.54716981,12,4,1,5,5,0,6,0,1,16,0.193548387,0.275362318,0.29032258,0.25667002322017285,9803
"Total","Tyler Matzek","ATL",10,18,5.40000001,6,0,1,2,2,1,1,0,0,5,0.352941176,0.388888888,0.647058823,0.4385413858625624,10058
"Total","Brooks Raley","NYM",3,4,0,0,0,0,0,0,0,0,0,0,2,0,0,0,0,10061
"Total","Caleb Thielbar","MIN",26,49,3.27272727,9,3,0,8,4,0,6,0,0,13,0.209302325,0.306122448,0.279069767,0.2702578622467664,10078
"Total","Kyle Gibson","STL",17,80,5.30357143,19,6,1,11,11,3,9,0,1,15,0.275362318,0.3625,0.52173913,0.37829179391264917,10123
"Total","Shelby Miller","DET",23,50,4.6097561,6,2,0,8,7,1,3,0,0,17,0.133333333,0.18,0.244444444,0.186279536485672,10197
"Total","Tucker Barnhart","ARI",1,3,18,3,0,0,2,2,1,0,0,0,0,1,1,2,1.277643879254659,10200
"Total","Aroldis Chapman","PIT",27,43,2.45454546,7,0,0,5,2,1,13,0,1,10,0.25,0.488372093,0.357142857,0.39731127439543257,10233
"Total","Zack Wheeler","PHI",17,82,3.43636364,20,5,0,7,7,3,6,0,0,19,0.263157894,0.31707317,0.447368421,0.3324768964837237,10310
"Total","Erasmo Ramirez","TBR",9,26,3.17647059,4,1,0,2,2,1,3,0,0,1,0.173913043,0.269230769,0.347826086,0.2756843658593985,10314
"Total","Michael Tonkin","3 Tms",24,52,5.10810811,8,3,0,10,7,1,6,0,0,9,0.181818181,0.269230769,0.318181818,0.2602727757050441,10315
"Total","Scott Alexander","OAK",16,24,0,4,0,0,1,0,0,1,0,0,2,0.173913043,0.208333333,0.173913043,0.1763634979724884,10591
"Total","Chris Sale","ATL",10,22,1.58823529,2,0,0,1,1,1,2,0,1,9,0.105263157,0.227272727,0.263157894,0.22967732765457846,10603
"Total","Merrill Kelly","ARI",3,14,5.40000001,3,0,0,2,2,1,1,0,0,4,0.23076923,0.285714285,0.461538461,0.32316235985074726,11156
"Total","Tommy Kahnle","NYY",16,28,0,4,1,0,0,0,0,2,1,1,12,0.16,0.25,0.2,0.19743882947497898,11384
"Total","Jose Quintana","NYM",15,30,0,5,2,0,0,0,0,2,0,0,6,0.178571428,0.233333333,0.25,0.2186798353989919,11423
"Total","Joely Rodriguez","BOS",6,18,0,5,0,0,2,0,0,1,0,0,4,0.294117647,0.333333333,0.294117647,0.28433719939655727,11487
"Total","Jose Urena","TEX",19,70,2.16,15,3,0,4,4,2,5,1,0,11,0.238095238,0.294117647,0.38095238,0.2914300854526349,11589
"Total","Jameson Taillon","CHC",14,62,2.93478261,13,2,0,5,5,2,2,0,0,17,0.216666666,0.241935483,0.35,0.2580153163402311,11674
"Total","Luke Jackson","SFG",26,50,6.3,14,2,0,8,7,3,7,0,0,8,0.333333333,0.42,0.595238095,0.4303179395198822,11752
"Total","Drew Smyly","CHC",18,47,2.7,12,1,0,3,3,1,4,0,2,10,0.292682926,0.382978723,0.390243902,0.34866308151407444,11760
"Total","Hector Neris","CHC",28,64,3.21428571,7,2,0,5,5,1,16,0,0,16,0.145833333,0.359375,0.25,0.29979313537478447,11804
"Total","James Paxton","LAD",13,22,0,6,0,0,0,0,0,1,0,0,1,0.3,0.333333333,0.3,0.28587691556839717,11828
"Total","Taijuan Walker","PHI",10,49,7.36363636,16,4,0,9,9,2,3,0,0,9,0.347826086,0.387755102,0.565217391,0.41010840814940785,11836
"Total","Chris Martin","BOS",24,54,3.29268293,13,0,0,6,5,2,1,1,0,17,0.25490196,0.269230769,0.372549019,0.2718290733356102,11847
"Total","Jason Adam","TBR",35,59,1.6875,9,3,0,4,3,2,6,1,0,12,0.16981132,0.254237288,0.339622641,0.25698419480488216,11861
"Total","Matt Andriese","MIA",4,11,7.71428573,3,0,1,3,2,1,1,1,0,2,0.3,0.363636363,0.8,0.45463666319847107,12022
"Total","Kyle Hendricks","CHC",15,65,2.59615385,10,1,0,5,5,1,4,0,1,12,0.166666666,0.23076923,0.233333333,0.21375140226804293,12049
"Total","Scott McGough","ARI",18,39,2.34782609,7,2,0,3,2,0,9,0,0,8,0.24137931,0.41025641,0.310344827,0.33770451637414783,12056
"Total","Yimi Garcia","TOR",23,47,4.90909091,9,3,0,6,6,3,5,3,0,18,0.214285714,0.29787234,0.5,0.3183625868775628,12095
"Total","Miguel Sano","LAA",1,1,0,0,0,0,0,0,0,0,0,0,0,0,0,0,0,12164
"Total","Aaron Brooks","OAK",5,18,8.30769231,6,2,0,4,4,1,0,0,1,0,0.352941176,0.388888888,0.647058823,0.4423658351103465,12272
"Total","Chris Bassitt","TOR",17,80,2.45454545,17,0,0,5,5,1,10,0,0,13,0.246376811,0.341772151,0.289855072,0.29292638694183737,12304
"Total","Colin Rea","MIL",16,78,5.94,22,3,1,12,11,5,7,0,1,7,0.318840579,0.384615384,0.608695652,0.4200514226387709,12317
"Total","Jacob Barnes","WSN",23,49,5.55882353,9,2,0,7,7,1,7,1,0,5,0.219512195,0.326530612,0.341463414,0.2925841237107913,12323
"Total","Seth Lugo","KCR",18,85,1.98529412,17,3,0,5,5,2,5,0,0,20,0.2125,0.258823529,0.325,0.2586805694243487,12447
"Total","Blake Treinen","LAD",21,35,6.23076923,8,2,0,7,6,2,1,0,0,15,0.235294117,0.257142857,0.470588235,0.31082514354160856,12572
"Total","Nick Ramirez","LAD",6,14,0,0,0,0,0,0,0,3,0,0,3,0,0.214285714,0,0.1481445857456752,12575
"Total","Adrian Houser","NYM",19,77,2.45454545,16,5,0,6,5,1,7,0,1,14,0.231884057,0.311688311,0.347826086,0.2958689262340595,12718
"Total","Nick Martinez","CIN",24,85,3.796875,19,5,2,10,9,3,3,0,0,19,0.231707317,0.258823529,0.451219512,0.3027130077866947,12730
"Total","Rafael Montero","HOU",32,72,5.29411765,18,2,1,11,10,4,6,0,0,9,0.272727272,0.333333333,0.515151515,0.36467038674487007,12760
"Total","Chris Devenski","TBR",17,53,4.5,12,4,0,10,6,3,4,0,0,11,0.244897959,0.301886792,0.510204081,0.34758802967251473,12763
"Total","Sonny Gray","STL",16,66,1.72340425,14,2,1,3,3,1,7,0,1,15,0.24137931,0.333333333,0.362068965,0.3120935595396793,12768
"Total","John Brebbia","CHW",34,66,6.89361702,13,5,0,12,12,3,5,0,1,23,0.216666666,0.287878787,0.45,0.3196511675011028,12777
"Total","Burch Smith","MIA",24,48,5.4,16,3,0,6,6,1,3,0,0,9,0.355555555,0.395833333,0.488888888,0.3863109424710274,12784
"Total","Michael Kelly","OAK",21,44,3.375,8,0,0,5,4,1,5,1,2,8,0.222222222,0.34090909,0.305555555,0.2900067498517591,12791
"Total","Mike Clevinger","CHW",4,20,0,3,1,0,0,0,0,1,0,0,4,0.157894736,0.2,0.210526315,0.18614351749420166,12808
"Total","Andrew Kittredge","STL",30,49,6.51724138,14,4,1,9,7,2,5,0,0,14,0.318181818,0.387755102,0.59090909,0.4167497656783279,12828
"Total","Shawn Armstrong","TBR",28,66,8.75675676,23,5,0,12,12,3,6,0,0,11,0.383333333,0.439393939,0.616666666,0.4533203397736405,12857
"Total","James McCann","BAL",1,2,54.00000054,1,0,0,2,2,1,0,0,0,0,0.5,0.5,2,1.0311201810836792,12859
"Total","Matt Barnes","WSN",12,30,9.94736843,7,2,0,7,7,1,3,0,0,5,0.269230769,0.344827586,0.461538461,0.35170077455454857,12863
"Total","Tyler Anderson","LAA",17,40,1,5,3,0,2,1,1,7,0,1,6,0.15625,0.325,0.34375,0.3073030307888985,12880
"Total","Joe Musgrove","SDP",8,30,2.34782609,5,1,0,2,2,1,1,0,2,8,0.185185185,0.266666666,0.333333333,0.27052403887112936,12970
"Total","Joe Ross","MIL",9,40,4.35483871,8,1,0,5,5,1,2,0,0,10,0.222222222,0.25,0.333333333,0.25044586658477785,12972
"Total","Andrew Chafin","DET",26,50,2.38235294,10,2,0,4,3,0,5,0,0,15,0.222222222,0.3,0.266666666,0.26122294902801513,12988
"Total","Colten Brewer","CHC",16,44,3.375,8,2,0,6,4,0,4,0,1,15,0.210526315,0.295454545,0.263157894,0.25731243599544873,12997
"Total","Yu Darvish","SDP",9,36,0,6,1,0,0,0,0,1,0,0,8,0.176470588,0.2,0.205882352,0.18225449323654175,13074
"Total","Gerrit Cole","NYY",4,20,2.07692308,5,3,0,1,1,0,2,0,0,4,0.277777777,0.35,0.444444444,0.3467943549156189,13125
"Total","Derek Law","WSN",39,85,3.0483871,17,1,0,7,7,2,9,0,0,26,0.22368421,0.305882352,0.315789473,0.28237917563494513,13133
"Total","Jordan Weems","WSN",29,63,8.25,21,4,0,12,11,2,6,0,1,8,0.375,0.444444444,0.553571428,0.4336301078872075,13190
"Total","Ross Stripling","OAK",10,53,3.75,18,2,0,6,5,1,0,0,0,5,0.346153846,0.346153846,0.442307692,0.3435403899504588,13273
"Total","Matt Carasiti","COL",7,22,12,12,3,0,4,4,0,3,0,0,1,0.631578947,0.681818181,0.789473684,0.6283930892294104,13276
"Total","Danny Coulombe","BAL",24,34,0.93103448,6,2,0,1,1,0,0,0,0,8,0.176470588,0.176470588,0.235294117,0.17832523233750286,13293
"Total","Hoby Milner","MIL",36,71,4.23529412,20,3,0,10,8,1,1,0,0,15,0.298507462,0.304347826,0.388059701,0.30002355057260266,13346
"Total","Steven Matz","STL",5,8,9,3,1,0,1,1,0,2,0,0,0,0.5,0.625,0.666666666,0.5517764687538147,13361
"Total","Dylan Floro","WSN",34,52,2.76923077,12,2,0,5,4,0,3,0,0,10,0.244897959,0.288461538,0.285714285,0.2586376139750847,13394
"Total","Matt Koch","COL",2,3,27,2,0,0,3,3,1,1,0,0,0,1,1,2.5,1.212975800037384,13420
"Total","Marcus Stroman","NYY",17,72,3.63461539,14,2,0,7,7,4,7,0,1,11,0.21875,0.305555555,0.4375,0.3252142237292396,13431
"Total","Pierce Johnson","ATL",25,54,6.39473684,9,1,0,9,9,2,7,0,0,20,0.191489361,0.296296296,0.340425531,0.2877181856720536,13435
"Total","Taylor Rogers","SFG",35,64,2.63414634,16,5,0,5,4,1,8,0,1,20,0.29090909,0.390625,0.436363636,0.3667695112526417,13449
"Total","Lucas Sims","CIN",22,39,4.82142857,6,0,0,5,5,1,6,0,1,6,0.193548387,0.333333333,0.29032258,0.29127306051743335,13470
"Total","Matt Bowman","3 Tms",9,25,6.75,5,1,0,4,4,1,3,0,0,4,0.227272727,0.32,0.409090909,0.3221255660057068,13528
"Total","Blake Snell","SFG",5,10,6.74999999,2,0,0,2,2,1,0,0,0,4,0.2,0.2,0.5,0.2947585999965668,13543
"Total","Steven Okert","MIN",25,41,1.58823529,5,2,0,3,2,0,1,0,1,12,0.128205128,0.170731707,0.179487179,0.16077283097476494,13580
"Total","Patrick Wisdom","CHC",1,1,0,0,0,0,0,0,0,0,0,0,0,0,0,0,0,13602
"Total","Jakob Junis","MIL",6,24,0,3,0,0,0,0,0,2,0,0,7,0.136363636,0.208333333,0.136363636,0.16827998807032904,13619
"Total","Clay Holmes","NYY",29,67,3.44680851,18,0,0,9,6,2,2,0,0,11,0.28125,0.298507462,0.375,0.29362229446866617,13649
"Total","Tayler Scott","HOU",32,83,1.265625,10,1,0,5,3,1,9,0,1,15,0.142857142,0.243902439,0.2,0.2115920505872587,13652
"Total","Max Fried","ATL",14,30,7.10526316,9,1,0,5,5,3,1,0,1,7,0.321428571,0.366666666,0.678571428,0.4429420252641042,13743
"Total","Tyler Duffey","KCR",9,19,7.36363636,4,3,0,3,3,0,3,0,1,5,0.285714285,0.421052631,0.5,0.3928692246738233,13758
"Total","Chris Stratton","KCR",31,59,2.13157895,9,0,0,3,3,0,12,0,0,13,0.191489361,0.355932203,0.191489361,0.27566453460919654,13761
"Total","Dominic Leone","CHW",13,29,3,6,1,0,4,2,1,5,1,0,6,0.25,0.379310344,0.416666666,0.34392236386026653,13763
"Total","JT Chargois","MIA",9,20,3.375,3,0,0,2,2,2,1,0,0,6,0.157894736,0.2,0.47368421,0.28505838811397555,13767
"Total","Zach Eflin","TBR",15,62,2.63414634,19,3,0,4,4,3,0,0,1,16,0.311475409,0.322580645,0.508196721,0.35808644852330607,13774
"Total","Alex Wood","OAK",6,16,2.25,4,1,0,1,1,0,0,0,1,5,0.266666666,0.3125,0.333333333,0.28996918722987175,13781
"Total","Matt Strahm","PHI",28,40,0.96428571,10,1,0,1,1,0,0,0,2,11,0.263157894,0.3,0.289473684,0.26685533076524737,13799
"Total","Austin Adams","OAK",30,47,6.0967742,9,5,0,7,7,2,5,2,4,13,0.243243243,0.391304347,0.54054054,0.3900889591737227,13801
"Total","Paul Sewald","ARI",17,33,2.16,4,1,0,2,2,1,4,1,0,9,0.137931034,0.242424242,0.275862068,0.22399354726076126,13892
"Total","Chris Flexen","CHW",16,64,2.59615385,11,2,1,5,5,3,1,0,0,15,0.174603174,0.1875,0.38095238,0.24101947899907827,13896
"Total","Brent Suter","CIN",30,69,5.4,17,2,1,12,10,4,1,0,1,11,0.253731343,0.275362318,0.492537313,0.32807025529336237,13942
"Total","Michael Wacha","KCR",14,64,1,7,2,0,2,2,1,6,0,0,23,0.120689655,0.203125,0.206896551,0.19177104160189629,14078
"Total","Kevin Gausman","TOR",16,82,2.5,19,6,1,7,5,2,11,0,0,15,0.267605633,0.365853658,0.464788732,0.3627621851316312,14107
"Total","Jose Berrios","TOR",18,92,3.32876712,15,1,0,9,9,5,10,0,0,22,0.182926829,0.27173913,0.37804878,0.2875387415937755,14168
"Total","Josh Hader","HOU",18,22,3,2,0,1,2,2,0,2,0,0,10,0.105263157,0.181818181,0.210526315,0.17576404864137823,14212
"Total","Wandy Peralta","SDP",33,46,5.0625,11,1,0,6,6,2,2,0,2,7,0.261904761,0.326086956,0.428571428,0.33252241559650586,14295
"Total","Frankie Montas","CIN",15,73,5.0625,14,3,0,9,9,2,12,0,1,9,0.233333333,0.369863013,0.383333333,0.3410114205046876,14309
"Total","Joel Payamps","MIL",34,64,3.95121951,17,6,0,7,6,3,5,2,0,11,0.288135593,0.34375,0.542372881,0.369492523131832,14332
"Total","Ty Blach","COL",14,36,3.6,8,2,0,4,4,1,0,0,0,4,0.228571428,0.222222222,0.371428571,0.2502956638733546,14361
"Total","Tyler Glasnow","LAD",16,68,2.5,12,3,0,5,5,4,3,0,0,25,0.1875,0.223880597,0.421875,0.2766004009033317,14374
"Total","Amir Garrett","LAA",6,9,3.85714286,2,0,0,1,1,1,1,0,0,5,0.25,0.333333333,0.625,0.404325266679128,14375
"Total","Yunior Marte","PHI",13,24,5.0625,7,2,0,5,3,2,1,0,0,4,0.304347826,0.333333333,0.652173913,0.41639726608991623,14416
"Total","Jackson Stephens","ATL",3,9,5.39999999,3,0,0,1,1,1,1,0,0,2,0.375,0.444444444,0.75,0.5026970042122735,14420
"Total","Thyago Vieira","3 Tms",23,67,2.93478261,10,3,0,5,5,2,12,1,1,15,0.185185185,0.343283582,0.351851851,0.3130471173560981,14510
"Total","Jose Leclerc","TEX",29,58,3.64864865,10,2,0,5,5,0,11,0,1,15,0.217391304,0.379310344,0.260869565,0.3091694527658923,14524
"Total","Jorge Lopez","2 Tms",25,43,6.75,11,2,0,7,7,3,3,1,1,10,0.282051282,0.348837209,0.564102564,0.3839472730954488,14527
"Total","Carlos Estevez","LAA",26,48,2.18918919,10,2,0,3,3,1,3,2,0,13,0.222222222,0.270833333,0.333333333,0.24940601250399713,14542
"Total","Jose Ruiz","PHI",18,42,5,14,3,0,5,5,1,2,0,0,12,0.35,0.38095238,0.5,0.38287839435395743,14552
"Total","Anthony Banda","LAD",18,33,2.16,7,3,0,2,2,0,2,0,0,10,0.24137931,0.29032258,0.344827586,0.28085736690029023,14706
"Total","Edwin Diaz","NYM",23,51,6.75,13,2,0,10,8,3,5,0,1,20,0.295454545,0.372549019,0.545454545,0.39157844992244945,14710
"Total","Paul Blackburn","OAK",7,32,4.32,6,2,0,4,4,1,1,0,1,7,0.2,0.25,0.366666666,0.27043520100414753,14739
"Total","Wes Parsons","2 Tms",3,12,0,2,0,0,0,0,0,0,0,0,2,0.166666666,0.166666666,0.166666666,0.14755760629971823,14764
"Total","Emilio Pagan","CIN",14,26,7.94117647,4,1,0,5,5,3,5,0,0,10,0.19047619,0.346153846,0.666666666,0.41939483697597796,14771
"Total","Buck Farmer","CIN",30,70,2.87234042,16,3,1,5,5,1,8,2,0,13,0.258064516,0.342857142,0.387096774,0.31368212401866913,14814
"Total","Michael Lorenzen","TEX",15,67,1.03846154,7,1,0,2,2,1,10,0,1,13,0.127272727,0.268656716,0.2,0.22963959156577265,14843
"Total","Joe Mantiply","ARI",35,62,3.9375,13,4,1,7,7,0,2,0,0,13,0.216666666,0.241935483,0.316666666,0.24367063276229367,14857
"Total","Sam Moll","CIN",25,36,3.48387097,5,0,0,5,4,0,2,0,0,12,0.151515151,0.194444444,0.151515151,0.16137252748012543,14874
"Total","Jon Gray","TEX",16,67,3,14,1,2,5,5,2,8,0,0,20,0.24137931,0.328358208,0.431034482,0.32957793438612526,14916
"Total","Ben Lively","CLE",14,58,0,8,3,0,0,0,0,3,0,0,15,0.145454545,0.189655172,0.2,0.17729767951472053,14932
"Total","Chad Kuhl","CHW",4,21,1.6875,3,2,0,1,1,0,2,0,0,2,0.166666666,0.238095238,0.277777777,0.22808113268443517,14975
"Total","Giovanny Gallegos","STL",12,22,18,8,4,0,8,8,3,2,0,0,1,0.4,0.454545454,1.05,0.6135500100525942,14986
"Total","Scott Barlow","CLE",34,56,3.52173913,6,3,0,6,6,1,6,0,1,24,0.125,0.232142857,0.25,0.22296652623585292,14993
"Total","Kyle Finnegan","WSN",32,63,1.62,8,0,0,5,3,2,5,1,0,24,0.140350877,0.206349206,0.245614035,0.19680516373726628,15009
"Total","Tim Mayza","TOR",31,58,2.91891892,14,1,0,4,4,1,7,0,0,5,0.28,0.362068965,0.36,0.3239071636364378,15042
"Total","Austin Voth","SEA",32,67,2.64705882,12,2,1,6,5,2,4,0,1,11,0.193548387,0.253731343,0.354838709,0.2676172265365942,15047
"Total","Yency Almonte","CHC",11,20,8.43750001,3,0,1,5,5,0,1,1,0,7,0.166666666,0.2,0.277777777,0.17734062671661377,15068
"Total","Rob Zastryzny","MIL",4,7,0,0,0,0,0,0,0,1,0,1,1,0,0.285714285,0,0.20199625832693918,15094
"Total","Ben Heller","PIT",2,5,53.99999973,2,1,0,4,4,0,0,0,1,1,0.5,0.6,0.75,0.5737631440162658,15100
"Total","Jake Bauers","MIL",2,4,0,0,0,0,0,0,0,1,0,0,0,0,0.25,0,0.1728353500366211,15194
"Total","Cole Sulser","NYM",3,6,5.39999999,1,0,0,1,1,1,0,0,0,4,0.166666666,0.166666666,0.666666666,0.34370672702789307,15256
"Total","Adam Cimber","LAA",20,36,13.50000001,7,1,0,11,11,0,7,2,2,8,0.259259259,0.444444444,0.296296296,0.3374965681749232,15288
"Total","Austin Pruitt","TEX",4,9,18,5,1,0,2,2,2,1,1,0,0,0.625,0.666666666,1.5,0.8945012092590332,15290
"Total","Kevin Herget","MIL",5,11,3.375,2,1,0,1,1,0,1,0,0,2,0.2,0.272727272,0.3,0.2579567920077931,15369
"Total","Andrew Heaney","TEX",15,30,1.35,6,0,0,1,1,0,4,0,0,5,0.23076923,0.333333333,0.23076923,0.26924798091252644,15423
"Total","Nick Pivetta","BOS",12,51,1.97560976,7,0,0,3,3,1,3,0,0,17,0.145833333,0.196078431,0.208333333,0.18526153704699347,15454
"Total","Marco Gonzales","PIT",3,7,4.5,1,0,0,1,1,1,0,0,0,3,0.142857142,0.142857142,0.571428571,0.29460576602390837,15467
"Total","Hunter Harvey","WSN",35,87,3.98360656,23,6,0,10,9,1,4,1,1,20,0.283950617,0.325581395,0.395061728,0.3128170967102051,15507
"Total","Tyler Rogers","SFG",40,81,3.5,24,6,0,7,7,1,1,1,3,12,0.32,0.35,0.44,0.3398232844811452,15541
"Total","Mark Leiter Jr.","CHC",29,75,4.40816327,18,1,1,10,8,1,7,0,0,19,0.264705882,0.333333333,0.352941176,0.3072191071510315,15551
"Total","Chad Green","TOR",21,44,2.61290323,10,2,0,3,3,3,3,1,1,12,0.25,0.318181818,0.525,0.35442883330722186,15552
"Total","Dominic Smith","BOS",1,3,0,1,0,0,0,0,0,0,0,0,0,0.333333333,0.333333333,0.333333333,0.29511521259943646,15653
"Total","Miguel Castro","ARI",5,12,6.74999999,4,2,0,2,2,0,0,0,0,3,0.333333333,0.333333333,0.5,0.3576972186565399,15684
"Total","Luis Castillo","SEA",18,75,2.84210526,18,4,0,7,6,3,2,0,0,15,0.246575342,0.266666666,0.424657534,0.2980207546552022,15689
"Total","Brad Keller","2 Tms",13,46,1.63636364,8,2,0,2,2,1,4,0,0,6,0.19047619,0.260869565,0.309523809,0.25600020652231964,15734
"Total","Joe Jimenez","ATL",30,66,3.30612245,10,0,0,6,6,1,5,1,1,18,0.166666666,0.242424242,0.216666666,0.20797460170892568,15761
"Total","Zack Littell","TBR",17,77,1.42105263,22,8,0,3,3,2,4,0,0,16,0.301369863,0.337662337,0.493150684,0.3584505892419196,15823
"Total","Kent Emanuel","MIA",4,13,2.7,2,0,1,2,1,0,0,0,1,2,0.181818181,0.23076923,0.363636363,0.24667374445841864,15849
"Total","Sean Manaea","NYM",14,29,3.17647059,10,2,0,2,2,1,3,0,0,6,0.384615384,0.448275862,0.576923076,0.4432882543267875,15873
"Total","Luis Severino","NYM",16,70,3,11,2,0,6,6,2,2,0,2,14,0.166666666,0.214285714,0.287878787,0.22387890219688417,15890
"Total","Ryne Stanek","SEA",37,71,5.74468085,16,1,1,10,10,3,5,1,1,17,0.25,0.309859154,0.4375,0.31818770595959256,15947
"Total","Cam Booser","BOS",22,48,1.63636364,13,1,0,2,2,1,2,0,0,12,0.282608695,0.3125,0.369565217,0.30092839275797206,16061
"Total","Nick Burdi","NYY",7,8,0,2,0,0,0,0,0,1,0,0,2,0.285714285,0.375,0.285714285,0.3077540844678879,16074
"Total","Jordan Romano","TOR",14,32,5.86956521,7,3,0,5,5,2,2,1,0,9,0.24137931,0.29032258,0.551724137,0.34563421408335365,16122
"Total","John Curtiss","COL",1,1,9,1,0,0,1,1,1,0,0,0,0,1,1,4,2.0622403621673584,16128
"Total","Carlos Rodon","NYY",11,21,2.07692308,6,2,0,1,1,1,2,0,0,5,0.315789473,0.38095238,0.578947368,0.41060168686367216,16137
"Total","Aaron Nola","PHI",17,79,1.6119403,10,4,0,4,4,2,4,0,0,21,0.133333333,0.177215189,0.266666666,0.19588075408452674,16149
"Total","Justin Anderson","CHW",17,33,6.42857143,8,1,0,5,5,1,2,0,1,5,0.266666666,0.333333333,0.4,0.3254686991373698,16201
"Total","Spencer Turnbull","PHI",17,61,2.45454545,8,2,0,4,4,1,6,0,4,17,0.156862745,0.295081967,0.25490196,0.2631019988998038,16207
"Total","Tejay Antone","CIN",2,4,0,0,0,0,0,0,0,1,0,0,2,0,0.25,0,0.1728353500366211,16233
"Total","Kyle Freeland","COL",5,6,0,2,0,0,0,0,0,0,0,0,2,0.333333333,0.333333333,0.333333333,0.29511521259943646,16256
"Total","Aaron Bummer","ATL",25,47,1.86206896,14,2,0,2,2,1,5,0,1,11,0.341463414,0.425531914,0.463414634,0.3936607901086199,16258
"Total","John Means","BAL",4,8,0,0,0,0,0,0,0,1,0,0,2,0,0.125,0,0.08641767501831055,16269
"Total","Jesus Tinoco","TEX",9,25,9.64285714,7,1,0,5,5,1,3,0,1,3,0.333333333,0.44,0.523809523,0.42185851335525515,16300
"Total","Ricardo Pinto","PHI",6,20,5.4,4,1,0,3,3,0,1,0,0,2,0.210526315,0.25,0.263157894,0.23041079938411713,16318
"Total","Ryan Borucki","PIT",1,1,9,1,0,0,1,1,0,0,0,0,0,1,1,1,0.8853456377983093,16350
"Total","Pablo Reyes","BOS",1,2,0,1,0,0,0,0,0,0,0,0,0,0.5,0.5,0.5,0.44267281889915466,16357
"Total","Reynaldo Lopez","ATL",16,78,1.39655172,11,1,0,3,3,1,10,0,0,24,0.164179104,0.269230769,0.223880597,0.23339234330715278,16400
"Total","Yonny Chirinos","MIA",4,18,6.23076924,6,0,0,3,3,1,0,0,0,3,0.333333333,0.333333333,0.5,0.3604982528421614,16401
"Total","Victor Gonzalez","NYY",21,31,2.16,3,0,0,3,2,0,2,0,2,4,0.111111111,0.225806451,0.111111111,0.1769027267732928,16408
"Total","Luis Guillorme","2 Tms",2,3,0,0,0,0,0,0,0,1,0,0,0,0,0.333333333,0,0.23044713338216147,16451
"Total","Ryan Yarbrough","LAD",23,56,3,8,0,0,5,5,2,4,0,1,4,0.166666666,0.245283018,0.291666666,0.2438594822613698,16502
"Total","Dan Altavilla","KCR",5,10,11.57142859,1,0,0,3,3,0,1,0,0,1,0.125,0.222222222,0.125,0.17518744866053262,16507
"Total","Jordan Montgomery","ARI",11,17,0,3,1,0,0,0,0,1,0,0,5,0.1875,0.235294117,0.25,0.21899237352259018,16511
"Total","Isiah Kiner-Falefa","TOR",1,1,0,0,0,0,0,0,0,0,0,0,0,0,0,0,0,16512
"Total","Austin Gomber","COL",14,29,4.69565217,7,1,0,4,4,2,0,0,0,4,0.25,0.24137931,0.5,0.3078172741265133,16561
"Total","Erik Swanson","TOR",16,31,12,11,3,0,8,8,3,2,0,0,5,0.379310344,0.419354838,0.793103448,0.5089885515551413,16587
"Total","Bryan Abreu","HOU",41,91,1.83050847,18,3,0,4,4,2,14,0,4,24,0.246575342,0.395604395,0.369863013,0.3514922667335678,16609
"Total","J.P. Feyereisen","LAD",8,20,9,5,2,0,4,4,1,3,0,0,4,0.294117647,0.4,0.588235294,0.4214315593242645,16610
"Total","Ryan Thompson","ARI",31,61,1.6875,13,0,2,3,3,1,2,0,0,7,0.224137931,0.25,0.344827586,0.25826568007469175,16647
"Total","Julian Merryweather","CHC",2,5,6.75000002,1,1,0,1,1,0,0,0,0,2,0.2,0.2,0.4,0.25216753482818605,16703
"Total","Jose Trevino","NYY",2,4,0,1,1,0,0,0,0,2,0,0,0,0.5,0.75,1,0.6608801186084747,16725
"Total","Brock Stewart","MIN",11,20,0,3,1,0,0,0,0,2,0,0,5,0.166666666,0.25,0.222222222,0.2207105875015259,16727
"Total","Vinny Nittoli","OAK",5,8,0,1,0,0,0,0,0,0,0,0,3,0.125,0.125,0.125,0.11066820472478867,16754
"Total","Tim Hill","2 Tms",32,65,2.84210526,20,4,0,5,4,0,4,0,1,4,0.333333333,0.384615384,0.4,0.34918275246253383,16814
"Total","Brennan Bernardino","BOS",30,65,1.52830189,11,2,1,3,3,0,3,0,1,17,0.183333333,0.234375,0.25,0.2187480889260769,16835
"Total","Reed Garrett","NYM",34,82,2.7,16,3,0,8,6,2,10,1,0,32,0.222222222,0.31707317,0.347222222,0.2946650415291021,16866
"Total","Luke Weaver","NYY",32,91,0.7826087,12,2,0,2,2,2,7,0,2,32,0.146341463,0.23076923,0.243902439,0.2199294043111277,16918
"Total","Elieser Hernandez","2 Tms",7,17,1.92857143,1,0,0,1,1,1,4,0,0,2,0.076923076,0.294117647,0.307692307,0.28397682133842916,16933
"Total","Sean Newcomb","OAK",4,9,3.85714286,0,0,0,1,1,0,1,0,1,3,0,0.222222222,0,0.15710820092095268,16943
"Total","Grant Holmes","ATL",6,18,0,5,2,0,0,0,0,2,0,0,2,0.3125,0.388888888,0.4375,0.3644663923316532,16944
"Total","Trevor Williams","WSN",11,53,0.75,17,4,1,1,1,0,2,0,0,13,0.333333333,0.358490566,0.450980392,0.35186720344255557,16977
"Total","Tyler Beede","CLE",12,29,9.45,6,2,0,8,7,1,4,0,0,9,0.25,0.344827586,0.458333333,0.3450109732562098,16981
"Total","Tanner Banks","CHW",31,67,2.5,11,2,0,5,5,1,4,0,0,20,0.180327868,0.223880597,0.262295081,0.21540367781226313,16990
"Total","Sean Reid-Foley","NYM",19,37,3,4,1,0,9,3,0,6,0,0,11,0.133333333,0.27027027,0.166666666,0.21797089157877741,17034
"Total","Pablo Lopez","MIN",17,79,3.72413793,20,3,0,8,8,3,1,0,1,22,0.259740259,0.278481012,0.415584415,0.3009879347644275,17085
"Total","Austin Davis","SDP",4,6,0,0,0,0,0,0,0,2,0,0,1,0,0.4,0,0.27653656005859373,17117
"Total","Raisel Iglesias","ATL",31,63,1.08,9,1,1,4,2,0,4,1,0,17,0.155172413,0.209677419,0.206896551,0.18247642575717363,17130
"Total","Gabe Speier","SEA",20,35,5.19230769,4,0,0,5,5,1,4,0,1,12,0.142857142,0.264705882,0.25,0.24136103777324452,17170
"Total","Dinelson Lamet","LAD",3,7,9,1,0,0,1,1,1,2,1,0,0,0.2,0.428571428,0.8,0.4589302937189738,17186
"Total","Jalen Beeks","COL",33,53,1.38461538,7,0,0,2,2,1,5,0,1,14,0.152173913,0.25,0.217391304,0.22218564611214858,17192
"Total","Ranger Suarez","PHI",17,27,3.68181818,4,2,0,3,3,2,0,0,0,7,0.148148148,0.148148148,0.444444444,0.24615392861542879,17277
"Total","Michael Kopech","CHW",33,79,5.82352941,13,1,0,11,11,3,14,2,1,28,0.213114754,0.354430379,0.37704918,0.3173298533860739,17282
"Total","Framber Valdez","HOU",11,16,6,7,2,0,2,2,0,1,0,0,3,0.466666666,0.5,0.6,0.4774840585887432,17295
"Total","Emmanuel Ramirez","MIA",5,11,0,1,0,0,0,0,0,1,0,0,2,0.1,0.181818181,0.1,0.14333518526770853,17304
"Total","Justin Steele","CHC",11,19,0,3,0,0,0,0,0,2,0,2,5,0.2,0.368421052,0.2,0.28863076473537247,17312
"Total","Cole Tucker","LAA",1,2,0,0,0,0,0,0,0,1,0,0,0,0,0.5,0,0.3456707000732422,17326
"Total","Willi Castro","MIN",2,3,0,0,0,0,0,0,0,0,0,0,0,0,0,0,0,17338
"Total","Erick Fedde","CHW",17,82,2.5,21,3,0,5,5,2,7,0,0,17,0.28,0.341463414,0.4,0.3281940701531201,17425
"Total","Jeff Hoffman","PHI",32,60,1.2,12,5,1,2,2,1,2,1,1,21,0.210526315,0.25,0.385964912,0.26789680274866395,17432
"Total","Jonathan Hernandez","TEX",20,60,5.68421052,13,4,1,8,8,2,10,0,0,12,0.26,0.383333333,0.5,0.383201664686203,17464
"Total","Jack Flaherty","DET",14,60,2.87234042,13,3,1,5,5,1,2,0,0,20,0.224137931,0.25,0.362068965,0.2651496986548106,17479
"Total","Daniel Duarte","MIN",1,2,0,0,0,0,0,0,0,0,0,0,0,0,0,0,0,17480
"Total","Genesis Cabrera","TOR",33,66,3.44680851,12,4,0,10,6,3,5,0,2,9,0.210526315,0.292307692,0.438596491,0.3162887967549838,17490
"Total","Diego Castillo","MIN",5,10,4.5,1,0,0,1,1,0,3,0,0,0,0.166666666,0.4,0.166666666,0.29593698382377626,17496
"Total","Ryan Burr","TOR",3,7,9,4,2,0,2,1,0,0,0,0,0,0.571428571,0.571428571,0.857142857,0.6131952319826398,17536
"Total","Jimmy Herget","ATL",5,14,2.07692308,2,0,0,1,1,1,0,0,0,3,0.142857142,0.142857142,0.357142857,0.21054185714040483,17556
"Total","Tanner Scott","MIA",30,41,0,3,2,0,2,0,0,8,0,0,13,0.09090909,0.268292682,0.151515151,0.21799395578663525,17586
"Total","Mitch Keller","PIT",16,71,2.45454545,13,3,2,5,5,1,3,0,2,21,0.196969696,0.253521126,0.348484848,0.26421159337943706,17594
"Total","Cristian Javier","HOU",6,26,3.17647059,5,1,0,2,2,1,4,0,0,6,0.227272727,0.346153846,0.409090909,0.33632617501112133,17606
"Total","Tanner Rainey","WSN",18,51,5.58620689,9,2,1,6,6,1,12,1,2,10,0.243243243,0.450980392,0.432432432,0.3931888949871063,17610
"Total","Justin Lawrence","COL",27,56,8.73529412,16,2,0,14,11,2,9,1,1,7,0.347826086,0.464285714,0.52173913,0.4277030424638228,17639
"Total","Jose Cuas","2 Tms",11,27,11.57142856,9,1,0,6,6,3,4,1,0,5,0.409090909,0.481481481,0.863636363,0.5364735057720771,17701
"Total","Trevor Megill","MIL",26,44,2.61290323,9,1,0,4,3,0,4,2,1,14,0.23076923,0.318181818,0.256410256,0.24878376154672532,17722
"Total","Nabil Crismatt","LAD",3,8,0,1,1,0,0,0,0,0,0,0,1,0.125,0.125,0.25,0.15760470926761627,17732
"Total","Evan Phillips","LAD",23,44,6.75,12,2,0,9,7,3,5,0,0,10,0.307692307,0.386363636,0.589743589,0.41733006591146643,17734
"Total","Tyler Alexander","TBR",10,21,5.4,5,0,0,3,3,1,0,0,1,4,0.263157894,0.285714285,0.421052631,0.3012502534048898,17735
"Total","Drew Smith","NYM",17,27,9,8,2,0,5,5,2,4,0,0,6,0.347826086,0.444444444,0.695652173,0.47973719349613897,17755
"Total","Jose Alvarado","PHI",30,42,0.69230769,2,0,0,2,1,0,3,0,0,10,0.051282051,0.119047619,0.051282051,0.09154084466752552,17780
"Total","Dillon Tate","BAL",21,35,5.4,6,1,0,6,5,1,3,0,0,3,0.193548387,0.257142857,0.322580645,0.25538527965545654,17796
"Total","Adbert Alzolay","CHC",15,33,2.34782609,9,1,0,5,2,2,3,0,0,5,0.3,0.363636363,0.533333333,0.3870126189607562,17859
"Total","Nestor Cortes","NYY",16,29,0,0,0,0,0,0,0,1,0,0,13,0,0.034482758,0,0.02383935862574084,17874
"Total","Dennis Santana","2 Tms",24,45,5.72727273,8,2,1,8,7,1,7,0,0,10,0.210526315,0.333333333,0.394736842,0.3236326376597087,17878
"Total","Tayler Saucedo","SEA",23,40,0.87096774,4,1,0,1,1,0,5,0,1,13,0.117647058,0.25,0.147058823,0.20240534991025924,17888
"Total","Garrett Cleavinger","TBR",31,46,3.6,10,1,1,4,4,1,5,0,2,17,0.256410256,0.369565217,0.41025641,0.34828804238982825,17897
"Total","Trent Thornton","SEA",36,65,2.93478261,13,3,0,5,5,1,3,1,1,22,0.220338983,0.265625,0.322033898,0.2526695132255554,17948
"Total","Tyler Jay","NYM",2,6,13.49999993,2,1,0,2,1,0,2,0,0,0,0.5,0.666666666,0.75,0.5881443520387014,17952
"Total","Brock Burke","TEX",9,22,10.38461539,7,2,0,5,5,2,1,0,1,6,0.35,0.409090909,0.75,0.4870984906500036,17968
"Total","Peter Lambert","COL",14,45,6.51724138,11,1,0,7,7,2,7,1,1,7,0.314285714,0.422222222,0.514285714,0.39406282522461633,17969
"Total","Logan Webb","SFG",18,85,2.84210526,22,4,0,6,6,0,6,0,0,19,0.278481012,0.329411764,0.329113924,0.29561906562131995,17995
"Total","Pete Fairbanks","TBR",27,53,4.97368421,10,1,0,9,7,0,5,1,0,12,0.212765957,0.283018867,0.234042553,0.23065988490214714,17998
"Total","Triston McKenzie","CLE",16,70,6.27906977,18,3,0,10,10,5,10,0,0,15,0.305084745,0.405797101,0.610169491,0.43276210453199304,18000
"Total","Phil Maton","TBR",35,69,7.4680851,12,2,1,14,13,4,8,1,4,15,0.210526315,0.347826086,0.49122807,0.36067742722875934,18064
"Total","Ryan Helsley","STL",36,73,2.54716981,12,0,0,6,5,1,10,2,0,21,0.196721311,0.301369863,0.245901639,0.24410948702986812,18138
"Total","Anthony Misiewicz","NYY",1,1,0,0,0,0,0,0,0,0,0,0,0,0,0,0,0,18152
"Total","Tyler Kinley","COL",34,67,8.775,19,2,2,13,13,5,8,2,1,14,0.333333333,0.417910447,0.701754385,0.45776270169478195,18297
"Total","Carson Fulmer","LAA",21,68,3.30612245,13,4,0,8,6,3,7,1,2,8,0.224137931,0.323529411,0.448275862,0.33037998249281697,18311
"Total","Jacob Waguespack","TBR",3,10,0,1,0,0,0,0,0,3,0,0,2,0.142857142,0.4,0.142857142,0.29593698382377626,18318
"Total","Josh Sborz","TEX",5,9,6.75000002,4,0,0,1,1,0,1,0,0,2,0.5,0.555555555,0.5,0.47030266125996906,18323
"Total","Alex Young","CIN",2,6,0,3,0,0,0,0,0,0,0,0,2,0.5,0.5,0.5,0.44267281889915466,18333
"Total","Josh Staumont","MIN",14,25,0,3,0,0,1,0,0,2,0,0,8,0.130434782,0.2,0.130434782,0.16154878854751586,18335
"Total","Nick Anderson","KCR",33,69,2.5,11,4,0,6,5,1,8,0,0,13,0.186440677,0.275362318,0.305084745,0.26012168241583783,18337
"Total","Michael Soroka","CHW",19,76,5.71153846,14,1,1,11,11,3,10,1,0,20,0.215384615,0.315789473,0.4,0.30982030312220254,18383
"Total","Enyel De Los Santos","SDP",28,41,12.46153846,9,2,0,13,12,5,7,1,0,9,0.264705882,0.390243902,0.764705882,0.46879042088985445,18403
"Total","Danny Young","NYM",11,19,0,4,0,0,0,0,0,3,0,0,6,0.25,0.368421052,0.25,0.2955477237701416,18439
"Total","Kenta Maeda","DET",13,57,5.53846154,13,2,0,8,8,2,7,0,0,9,0.270833333,0.357142857,0.4375,0.3473867252469063,18498
"Total","Josh Rogers","COL",5,14,5.40000001,4,1,0,2,2,0,1,0,0,2,0.363636363,0.357142857,0.454545454,0.32915828483445303,18510
"Total","Phil Bickford","NYY",4,8,5.39999999,2,0,0,1,1,0,0,0,0,2,0.25,0.25,0.25,0.22133640944957733,18519
"Total","Dylan Cease","SDP",18,73,5.82352941,20,5,0,11,11,5,2,0,1,18,0.285714285,0.315068493,0.571428571,0.3777282433967068,18525
"Total","Sam Hentges","CLE",19,28,2.7,6,2,0,2,2,1,1,0,0,11,0.23076923,0.259259259,0.423076923,0.29375163051817155,18548
"Total","Logan Allen","ARI",11,34,6.42857143,12,3,0,5,5,1,0,0,1,5,0.387096774,0.382352941,0.580645161,0.401475026327021,18555
"Total","A.J. Minter","ATL",18,28,5.4,8,0,0,4,4,3,1,0,0,6,0.296296296,0.321428571,0.629629629,0.4037425241300038,18655
"Total","Jake Woodford","CHW",2,7,6.75000002,2,1,0,1,1,1,1,0,0,2,0.333333333,0.428571428,1,0.5734884909221104,18674
"Total","Freddy Peralta","MIL",17,74,1.52830189,13,3,0,3,3,2,9,0,0,27,0.203125,0.301369863,0.34375,0.29057303356797726,18679
"Total","Cody Poteet","NYY",4,16,0,0,0,0,0,0,0,2,0,0,2,0,0.125,0,0.08641767501831055,18769
"Total","Miguel Diaz","HOU",1,2,0,0,0,0,0,0,0,0,0,0,0,0,0,0,0,18815
"Total","Pedro Avila","2 Tms",23,60,2.63414634,8,1,0,4,4,1,10,0,0,11,0.166666666,0.3,0.25,0.25914276440938316,18864
"Total","Danny Mendick","CHW",1,3,0,2,0,0,0,0,0,0,0,0,0,0.666666666,0.666666666,0.666666666,0.5902304251988729,18889
"Total","Kirby Snead","SEA",11,20,5.78571428,6,1,1,3,3,0,2,0,0,4,0.333333333,0.4,0.5,0.38918418288230894,19179
"Total","Dakota Hudson","COL",17,72,6.6,18,3,0,11,11,3,14,0,0,5,0.310344827,0.444444444,0.517241379,0.4204466856188244,19206
"Total","Mitch White","3 Tms",11,34,16.5,11,2,0,13,11,3,5,1,1,2,0.44,0.515151515,0.88,0.5471396334469318,19225
"Total","Cole Irvin","BAL",14,31,0.96428571,6,1,0,1,1,0,0,0,0,6,0.193548387,0.193548387,0.225806451,0.18346986655266054,19244
"Total","Seranthony Dominguez","PHI",26,40,2.89285714,6,0,0,3,3,1,4,0,1,8,0.171428571,0.275,0.257142857,0.24942416399717332,19249
"Total","Ian Hamilton","NYY",21,50,2.45454545,11,3,0,3,3,0,7,0,1,9,0.268292682,0.38,0.341463414,0.32854600667953493,19261
"Total","Jacob Webb","BAL",36,58,1.92857143,5,1,0,5,3,0,8,1,0,17,0.1,0.224137931,0.12,0.16915105309402734,19274
"Total","Nick Hernandez","HOU",3,11,3.85714286,4,0,0,1,1,1,0,0,0,4,0.363636363,0.363636363,0.636363636,0.42893429777838965,19281
"Total","Zac Gallen","ARI",12,46,1.63636364,10,0,2,2,2,2,4,0,0,11,0.238095238,0.304347826,0.476190476,0.3347713351249695,19291
"Total","Trevor Richards","TOR",34,76,1.8,11,3,0,5,4,1,4,0,0,19,0.157142857,0.2,0.242857142,0.19743384599685668,19309
"Total","Cal Quantrill","COL",17,68,2.7,9,2,0,5,5,1,9,0,1,16,0.157894736,0.279411764,0.245614035,0.24765727274558125,19312
"Total","Matt Krook","BAL",1,1,0,0,0,0,0,0,0,0,0,0,1,0,0,0,0,19315
"Total","Joey Lucchesi","NYM",1,3,13.49999993,1,0,0,1,1,1,0,0,0,0,0.333333333,0.333333333,1.333333333,0.6874134540557861,19320
"Total","Matt Festa","NYM",1,3,36,2,1,0,4,4,0,1,1,0,0,1,1,1.5,1.0730916559696198,19330
"Total","Richard Lovelady","2 Tms",15,27,3,7,1,0,2,2,0,2,0,0,5,0.291666666,0.333333333,0.333333333,0.294651640786065,19337
"Total","A.J. Puk","MIA",21,46,3,8,1,1,5,4,1,3,0,0,13,0.19047619,0.244444444,0.333333333,0.25383580128351846,19343
"Total","Daulton Jefferies","2 Tms",5,18,6.75,3,1,0,3,3,1,3,0,0,6,0.2,0.333333333,0.466666666,0.34902488191922504,19345
"Total","Caleb Ferguson","NYY",31,46,7.71428572,8,1,0,10,8,1,7,0,2,11,0.222222222,0.369565217,0.333333333,0.32434361913929816,19349
"Total","Dean Kremer","BAL",10,45,1.58823529,4,0,0,2,2,1,8,0,0,9,0.108108108,0.266666666,0.189189189,0.2277557439274258,19350
"Total","Lucas Erceg","OAK",29,52,4.21875,9,2,0,6,5,2,8,2,3,12,0.219512195,0.384615384,0.414634146,0.34777659773826597,19360
"Total","Corbin Burnes","BAL",17,66,0,13,1,0,1,0,0,6,0,0,11,0.216666666,0.287878787,0.233333333,0.24292475346362952,19361
"Total","Keegan Akin","BAL",34,76,3.31578947,14,4,1,7,7,2,5,0,0,22,0.2,0.253333333,0.371428571,0.27227651357650756,19362
"Total","Walker Buehler","LAD",8,37,7.875,12,1,0,8,7,3,1,0,1,5,0.352941176,0.378378378,0.647058823,0.4309269640896771,19374
"Total","Zach McKinstry","DET",3,3,26.99999987,1,0,0,2,2,1,0,0,0,0,0.333333333,0.333333333,1.333333333,0.6874134540557861,19392
"Total","Colin Poche","TBR",15,22,3.85714285,6,1,0,2,2,1,2,0,0,6,0.3,0.363636363,0.5,0.37487015399065887,19403
"Total","Ronel Blanco","HOU",16,71,2.7,10,1,1,5,5,2,12,0,0,18,0.172413793,0.309859154,0.327586206,0.2900319670287656,19407
"Total","Dane Dunning","TEX",15,66,5.26829268,16,4,0,9,8,5,9,1,0,18,0.280701754,0.378787878,0.614035087,0.41665697189477774,19409
"Total","Shane Bieber","CLE",1,5,0,2,0,0,0,0,0,0,0,0,2,0.4,0.4,0.4,0.35413825511932373,19427
"Total","Yohan Ramirez","3 Tms",26,50,2.18918919,7,0,1,3,3,0,5,0,2,15,0.162790697,0.28,0.209302325,0.23625652551651,19444
"Total","Patrick Sandoval","LAA",10,20,0,1,0,0,0,0,0,2,0,0,6,0.055555555,0.15,0.055555555,0.1134014219045639,19447
"Total","Shaun Anderson","2 Tms",4,14,6,5,1,0,2,2,0,1,0,0,1,0.416666666,0.428571428,0.5,0.3923972589629037,19453
"Total","Jorge Alcala","MIN",24,58,1.31707317,10,3,0,3,2,0,9,1,0,16,0.208333333,0.333333333,0.270833333,0.27697613728897913,19459
"Total","Aaron Civale","2 Tms",17,68,4.2,20,2,0,7,7,4,4,0,0,21,0.3125,0.352941176,0.53125,0.38133590186343475,19479
"Total","Tyler Ferguson","OAK",10,17,18,5,3,1,7,6,0,2,1,1,4,0.357142857,0.470588235,0.714285714,0.4800383187830448,19481
"Total","Andrew Knizner","TEX",2,3,0,0,0,0,0,0,0,1,0,0,0,0,0.333333333,0,0.23044713338216147,19514
"Total","Jason Foley","DET",29,55,4.15384615,12,0,1,6,6,2,5,0,0,9,0.244897959,0.314814814,0.408163265,0.3175570203198327,19531
"Total","Geoff Hartlieb","COL",5,18,9.81818181,5,1,0,4,4,0,2,1,0,2,0.333333333,0.388888888,0.4,0.32315068385180307,19558
"Total","David Bednar","PIT",32,62,6.31914893,10,4,0,11,11,3,4,0,0,15,0.175438596,0.225806451,0.403508771,0.2685721660813978,19569
"Total","JoJo Romero","STL",29,45,0,8,0,0,0,0,0,3,0,1,14,0.195121951,0.266666666,0.195121951,0.21954270468817816,19574
"Total","Forrest Whitley","HOU",1,2,0,0,0,0,0,0,0,0,0,0,0,0,0,0,0,19586
"Total","Guillermo Zuniga","LAA",3,11,3.375,2,0,0,1,1,0,2,0,0,1,0.222222222,0.363636363,0.222222222,0.28667037053541705,19588
"Total","Cionel Perez","BAL",25,50,0.72972973,9,2,1,2,1,0,4,0,1,9,0.2,0.28,0.288888888,0.2584105563163757,19614
"Total","Jordan Hicks","SFG",17,75,2.20408163,17,2,0,4,4,2,7,0,3,13,0.265625,0.36,0.390625,0.33550581852595013,19618
"Total","Gregory Soto","PHI",29,47,2.18918919,7,1,0,4,3,1,3,0,2,14,0.166666666,0.255319148,0.261904761,0.23976798387283974,19677
"Total","Sixto Sanchez","MIA",12,40,6.13636364,8,0,0,5,5,0,9,0,2,4,0.275862068,0.475,0.275862068,0.36875256299972536,19680
"Total","Josh Rojas","SEA",2,3,0,0,0,0,0,0,0,0,0,0,0,0,0,0,0,19734
"Total","Caleb Boushley","MIN",1,6,26.99999987,3,2,0,2,2,0,1,0,0,1,0.6,0.666666666,1,0.6830603977044424,19736
"Total","Anthony Bender","MIA",32,53,5.55882353,12,3,0,7,7,1,7,1,1,8,0.266666666,0.37735849,0.4,0.3422730633845696,19742
"Total","Jonathan Loaisiga","NYY",1,2,0,0,0,0,0,0,0,0,0,0,0,0,0,0,0,19753
"Total","Will Vest","DET",30,48,4.90909091,11,1,0,6,6,0,5,0,0,8,0.268292682,0.333333333,0.292682926,0.28272918860117596,19769
"Total","Keegan Thompson","CHC",12,30,9,8,3,1,10,7,2,1,0,0,9,0.275862068,0.3,0.655172413,0.39892690181732177,19795
"Total","Bryan Baker","BAL",9,17,16.20000002,6,2,0,6,6,1,1,0,0,2,0.375,0.411764705,0.6875,0.4665467072935665,19804
"Total","Gerson Garabito","TEX",3,10,0,2,1,0,0,0,0,2,0,0,2,0.25,0.4,0.375,0.35288661122322085,19835
"Total","Michael King","SDP",17,77,4.5,19,0,0,9,9,4,5,0,0,25,0.263888888,0.311688311,0.430555555,0.3244915976152792,19853
"Total","Brandon Bielak","2 Tms",11,34,3.375,9,1,0,3,3,1,2,0,1,2,0.29032258,0.352941176,0.419354838,0.3419356679215151,19866
"Total","Griffin Canning","LAA",17,77,6.45652174,24,6,1,12,11,7,8,0,0,9,0.352941176,0.415584415,0.779411764,0.4932945037817026,19867
"Total","Alex Faedo","DET",24,78,0.93103448,13,3,0,3,2,1,7,0,0,17,0.185714285,0.256410256,0.271428571,0.23913146058718363,19874
"Total","Kevin Ginkel","ARI",34,73,3.92727273,16,2,1,10,8,2,5,0,0,19,0.23880597,0.287671232,0.388059701,0.29370473590615676,19876
"Total","Tanner Houck","BOS",18,87,0,15,3,0,1,0,0,4,0,2,20,0.185185185,0.24137931,0.222222222,0.21399185164221401,19879
"Total","Alex Lange","DET",17,34,2.57142857,7,3,0,5,2,0,8,0,0,7,0.269230769,0.44117647,0.384615384,0.37807725808199716,19883
"Total","Emmanuel Rivera","MIA",3,9,5.39999999,4,0,0,1,1,0,0,0,0,0,0.444444444,0.444444444,0.444444444,0.39348695013258195,19890
"Total","Ryder Ryan","PIT",10,23,5.78571428,4,1,0,4,3,0,5,0,0,6,0.235294117,0.391304347,0.294117647,0.3205905038377513,19891
"Total","Pavin Smith","ARI",1,3,0,0,0,0,0,0,0,1,0,1,0,0,0.666666666,0,0.4713246027628581,19892
"Total","Clarke Schmidt","NYY",10,47,1.54285714,9,2,0,2,2,2,3,0,2,19,0.214285714,0.29787234,0.404761904,0.31047177187939906,19899
"Total","Jose Suarez","LAA",16,49,8.67857143,15,2,2,11,9,2,6,0,1,11,0.357142857,0.448979591,0.642857142,0.4629083446093968,19911
"Total","Bryan Hudson","MIL",28,55,0.65853659,7,2,1,1,1,1,5,0,1,16,0.14893617,0.24074074,0.29787234,0.24107541971736485,19924
"Total","Luke Williams","ATL",1,1,0,0,0,0,0,0,0,0,0,0,0,0,0,0,0,19931
"Total","Jesus Luzardo","MIA",11,17,0,1,0,0,0,0,0,3,0,0,6,0.071428571,0.235294117,0.071428571,0.17408057871986837,19959
"Total","Joey Wentz","DET",25,64,0,13,2,0,1,0,0,5,0,1,19,0.228070175,0.296875,0.263157894,0.25687213707715273,19962
"Total","Tyson Miller","2 Tms",19,32,2.89285714,4,1,0,3,3,2,0,0,1,7,0.129032258,0.15625,0.354838709,0.21854051388800144,19976
"Total","Zach Plesac","LAA",3,13,9,3,0,0,3,3,2,1,0,0,1,0.25,0.307692307,0.75,0.4385513663291931,19979
"Total","Bryse Wilson","MIL",19,77,3.11538462,18,1,2,6,6,5,8,0,0,19,0.260869565,0.337662337,0.550724637,0.3786206276385815,19990
"Total","Joel Kuhnel","HOU",1,6,6.75000002,2,1,0,1,1,0,0,0,0,1,0.333333333,0.333333333,0.5,0.3576972186565399,19995
"Total","Dylan Lee","ATL",23,46,1.5,11,3,0,5,2,1,0,0,0,19,0.244444444,0.244444444,0.377777777,0.2676038410928514,19996
"Total","Tyler Wells","BAL",2,6,6.75000002,2,0,0,1,1,0,0,0,0,0,0.333333333,0.333333333,0.333333333,0.29511521259943646,20000
"Total","John Schreiber","KCR",34,69,5.26829268,22,7,1,9,8,1,5,0,0,7,0.349206349,0.391304347,0.539682539,0.39787079717801965,20020
"Total","Darren McCaughan","2 Tms",3,8,27,4,0,0,3,3,1,1,0,0,0,0.571428571,0.625,1,0.6762023344635963,20038
"Total","Adrian Morejon","SDP",29,60,1.72340425,11,2,0,4,3,1,4,0,0,17,0.203703703,0.25,0.296296296,0.2405341068903605,20039
"Total","Kaleb Ort","HOU",1,2,0,0,0,0,0,0,0,0,0,0,1,0,0,0,0,20061
"Total","Bailey Falter","PIT",15,29,4.2631579,9,1,0,3,3,1,2,0,0,6,0.333333333,0.379310344,0.481481481,0.3759717345237732,20070
"Total","Chris Paddack","MIN",15,68,5.92682927,23,3,0,9,9,2,2,0,1,11,0.365079365,0.382352941,0.507936507,0.38159603581709023,20099
"Total","Calvin Faucher","MIA",30,53,3.85714286,9,2,2,7,5,0,10,2,0,15,0.219512195,0.358490566,0.365853658,0.30738619612712487,20116
"Total","Nick Nelson","PHI",3,6,6.75000002,2,0,0,1,1,0,0,0,0,2,0.333333333,0.333333333,0.333333333,0.29511521259943646,20153
"Total","Nate Pearson","TOR",32,66,4.69565217,13,3,0,9,8,2,6,0,1,21,0.228070175,0.303030303,0.385964912,0.3009157523964391,20160
"Total","Kyle Muller","OAK",10,38,4.82142857,9,3,0,7,5,3,1,0,0,7,0.25,0.263157894,0.583333333,0.35043716901227046,20167
"Total","Zach Pop","TOR",28,52,6.75,10,3,0,8,8,3,9,2,0,10,0.243902439,0.372549019,0.536585365,0.37448992777843865,20185
"Total","Garrett Whitlock","BOS",3,17,1.8,2,2,0,1,1,0,1,0,0,1,0.125,0.176470588,0.25,0.18900098520166733,20191
"Total","Eli Morgan","CLE",8,20,6.75,7,3,0,4,3,0,1,0,0,4,0.368421052,0.4,0.526315789,0.4007618486881256,20203
"Total","Mike Baumann","2 Tms",28,56,6.94285714,15,4,1,10,9,3,7,0,0,12,0.3125,0.392857142,0.625,0.42617253001247135,20206
"Total","Griffin Jax","MIN",35,63,1.88372093,12,3,0,3,3,1,6,1,1,19,0.218181818,0.306451612,0.327272727,0.2804402933746088,20253
"Total","Daysbel Hernandez","ATL",7,15,0,3,0,0,1,0,0,1,1,0,6,0.214285714,0.266666666,0.214285714,0.189716922385352,20271
"Total","Deivi Garcia","CHW",11,25,9,6,0,0,7,5,2,4,1,0,5,0.285714285,0.4,0.571428571,0.4058286448319753,20276
"Total","Ben Rortvedt","TBR",1,4,0,1,1,0,0,0,0,1,0,0,0,0.333333333,0.5,0.666666666,0.48804476857185364,20287
"Total","Jhonathan Diaz","SEA",1,2,0,1,0,0,0,0,0,0,0,0,1,0.5,0.5,0.5,0.44267281889915466,20298
"Total","David Peterson","NYM",7,14,0,5,0,0,0,0,0,1,0,0,4,0.384615384,0.428571428,0.384615384,0.3655763992241451,20302
"Total","Zack Kelly","BOS",21,61,1.88372093,10,1,0,5,3,2,9,2,0,15,0.192307692,0.311475409,0.326923076,0.27834114684896955,20349
"Total","Steven Wilson","CHW",26,50,2.25,4,0,0,5,3,1,11,2,0,11,0.108108108,0.3125,0.189189189,0.2378336929756662,20353
"Total","Matt Manning","DET",5,26,1.58823529,4,1,1,1,1,0,5,0,0,5,0.19047619,0.346153846,0.333333333,0.31103909932650053,20369
"Total","Andres Munoz","SEA",33,64,2.93478261,11,0,0,5,5,2,8,1,1,14,0.2,0.3125,0.309090909,0.2802319630743965,20373
"Total","Greg Weissert","BOS",31,67,7.53488372,18,2,0,12,12,5,8,2,0,17,0.310344827,0.388059701,0.603448275,0.41107273193506094,20375
"Total","Eli Villalobos","MIA",3,8,0,0,0,0,0,0,0,1,0,0,2,0,0.125,0,0.08641767501831055,20408
"Total","Josh Fleming","PIT",17,37,7.71428571,12,2,0,7,6,2,3,0,1,8,0.363636363,0.432432432,0.606060606,0.4466372373941782,20418
"Total","Ryan Walker","SFG",37,77,1.83050847,14,1,1,5,4,1,4,0,2,26,0.2,0.263157894,0.285714285,0.2483064618549849,20423
"Total","Enoli Paredes","MIL",13,29,0,5,2,0,0,0,0,4,0,0,6,0.2,0.310344827,0.28,0.2738992366297492,20447
"Total","J.B. Bukauskas","MIL",5,8,4.5,2,0,0,1,1,1,0,0,0,2,0.25,0.25,0.625,0.36844824999570847,20491
"Total","Casey Mize","DET",16,74,2.75510204,16,2,1,6,5,0,9,0,0,10,0.246153846,0.337837837,0.307692307,0.2952975928783417,20492
"Total","Kyle Nelson","ARI",9,19,4.15384616,4,0,0,2,2,1,2,0,0,4,0.235294117,0.315789473,0.411764705,0.3211031618871187,20515
"Total","Nick Sandlin","CLE",31,52,5.53846154,8,2,0,8,8,2,2,0,2,13,0.170212765,0.235294117,0.340425531,0.2552056125566071,20517
"Total","Kutter Crawford","BOS",18,79,3.66101695,16,2,0,8,8,4,3,0,1,21,0.213333333,0.253164556,0.4,0.28380695928501176,20531
"Total","Edwin Uceta","TBR",6,18,1.92857143,4,2,0,1,1,1,0,0,0,3,0.222222222,0.222222222,0.5,0.30384785268041825,20539
"Total","Grant Anderson","TEX",15,35,13.5,7,0,0,12,12,5,5,3,1,9,0.24137931,0.371428571,0.758620689,0.44335025921463966,20546
"Total","Bowden Francis","TOR",14,49,3.85714286,14,3,0,6,4,1,5,0,1,7,0.325581395,0.408163265,0.465116279,0.3852561055397501,20548
"Total","Tyler Phillips","PHI",1,3,0,0,0,0,0,0,0,0,0,0,2,0,0,0,0,20629
"Total","Yusei Kikuchi","TOR",14,29,2.25,5,1,0,3,2,1,1,0,0,10,0.185185185,0.206896551,0.333333333,0.23001573620171384,20633
"Total","Cristopher Sanchez","PHI",13,24,1.35,3,0,0,1,1,0,1,0,0,7,0.136363636,0.173913043,0.136363636,0.1455381875452788,20778
"Total","Manuel Rodriguez","TBR",9,20,6.23076924,5,0,0,4,3,0,2,0,0,3,0.277777777,0.35,0.277777777,0.2904705494642258,20794
"Total","Michael Petersen","LAD",6,13,3,1,0,0,1,1,0,3,0,0,1,0.111111111,0.307692307,0.111111111,0.2276438337105971,20827
"Total","Eduard Bazardo","SEA",12,28,12.70588235,8,0,0,8,8,2,3,0,0,8,0.32,0.392857142,0.56,0.41109209827014376,20997
"Total","Jhoan Duran","MIN",28,58,3.44680851,8,0,0,6,6,2,5,1,2,14,0.163265306,0.267857142,0.285714285,0.24813063578172165,21029
"Total","Emmanuel Clase","CLE",39,77,0.40298507,6,3,0,2,1,0,2,0,0,22,0.081081081,0.105263157,0.121621621,0.102910957054088,21032
"Total","Seth Martinez","HOU",28,67,2.4,17,2,1,4,4,2,7,1,0,6,0.283333333,0.358208955,0.45,0.3487444357438521,21045
"Total","Luis Gil","NYY",18,75,2.41071429,14,5,0,5,5,2,7,0,0,20,0.205882352,0.28,0.367647058,0.286206378142039,21052
"Total","Nick Vespi","BAL",9,12,2.7,2,0,0,1,1,0,1,0,0,3,0.181818181,0.25,0.181818181,0.20516938964525858,21093
"Total","Alexis Diaz","CIN",31,64,4.5,9,2,0,11,7,2,13,1,1,17,0.18,0.359375,0.34,0.3189144995477464,21132
"Total","Dany Jimenez","OAK",19,42,3,8,2,0,4,3,2,7,0,0,9,0.228571428,0.357142857,0.457142857,0.35778401011512395,21170
"Total","Humberto Castellanos","ARI",2,8,0,1,0,0,0,0,0,1,0,0,1,0.142857142,0.25,0.142857142,0.1970858797430992,21183
"Total","Connor Brogdon","2 Tms",2,4,13.50000014,1,0,0,1,1,1,1,0,0,1,0.333333333,0.5,1.333333333,0.6883954405784607,21205
"Total","J.P. France","HOU",4,21,12.46153847,7,3,0,6,6,2,0,0,1,4,0.35,0.38095238,0.8,0.49525321097601027,21212
"Total","Bailey Ober","MIN",16,66,4.32,15,4,0,8,8,5,2,0,0,18,0.238095238,0.257575757,0.539682539,0.33408044143156573,21224
"Total","Allan Winans","ATL",1,5,9,1,0,0,1,1,0,1,0,0,0,0.25,0.4,0.25,0.31533740758895873,21238
"Total","Jake Bird","COL",17,41,9,11,2,0,7,7,2,9,1,1,8,0.354838709,0.512195121,0.612903225,0.4774234786629677,21267
"Total","Jacob Latz","TEX",33,61,1.31707317,11,2,0,2,2,1,8,1,0,16,0.207547169,0.311475409,0.301886792,0.2751011768976847,21306
"Total","Josh Maciejewski","NYY",3,7,0,1,0,0,0,0,0,0,0,0,3,0.142857142,0.142857142,0.142857142,0.12647794825690134,21310
"Total","Tylor Megill","NYM",7,34,2.34782609,8,1,1,3,2,0,3,0,0,12,0.258064516,0.323529411,0.354838709,0.3013445980408612,21318
"Total","Parker Mushinski","HOU",7,16,2.25,3,0,0,1,1,0,0,0,1,0,0.214285714,0.25,0.214285714,0.21116683259606361,21324
"Total","Peter Strzelecki","CLE",4,13,0,5,0,0,0,0,0,1,0,0,1,0.416666666,0.461538461,0.416666666,0.39369766070292544,21367
"Total","Joe Ryan","MIN",17,75,4.33928571,15,2,0,11,9,5,3,0,1,26,0.211267605,0.253333333,0.450704225,0.3028306516011556,21390
"Total","Ryan Feltner","COL",16,73,5.625,21,3,0,10,10,4,4,0,1,11,0.313432835,0.356164383,0.537313432,0.3823878275205011,21446
"Total","Cole Sands","MIN",30,64,4.5,15,1,0,8,7,2,3,0,3,17,0.272727272,0.328125,0.4,0.3164279293268919,21461
"Total","Sean Hjelle","SFG",29,83,5.66129032,15,1,0,13,13,6,5,2,1,18,0.2,0.259259259,0.453333333,0.29764179187484935,21481
"Total","Stephen Kolek","SDP",28,69,1.62,16,1,0,4,3,0,4,0,1,12,0.25,0.304347826,0.265625,0.26129014854845795,21487
"Total","Jake Irvin","WSN",17,82,3.78947368,18,4,0,10,8,5,7,0,1,19,0.243243243,0.31707317,0.5,0.3522522616677168,21504
"Total","Hogan Harris","OAK",7,19,0,3,0,0,0,0,0,4,0,0,4,0.2,0.368421052,0.2,0.2853369744200456,21520
"Total","James McArthur","KCR",29,68,4.5,19,1,0,9,8,2,1,0,2,15,0.292307692,0.323529411,0.4,0.3189331591129303,21527
"Total","Daniel Lynch IV","KCR",4,9,0,0,0,0,0,0,0,1,0,0,3,0,0.111111111,0,0.07681571112738715,21537
"Total","Brendon Little","TOR",15,35,3.11538461,7,0,0,3,3,1,2,0,0,8,0.212121212,0.257142857,0.303030303,0.25019991397857666,21574
"Total","Jake Cousins","NYY",5,11,4.5,2,0,1,1,1,0,2,0,0,3,0.222222222,0.363636363,0.444444444,0.35152809728275647,21620
"Total","Luis Medina","OAK",7,31,0,7,1,0,1,0,0,2,0,1,5,0.25,0.322580645,0.285714285,0.2799427970763176,21649
"Total","Elvis Peguero","MIL",29,55,3.95121951,12,2,1,6,6,0,3,2,1,15,0.235294117,0.29090909,0.31372549,0.25476491563725023,21652
"Total","Edward Cabrera","MIA",6,21,9,3,1,0,4,4,1,4,0,1,5,0.1875,0.38095238,0.4375,0.3664962706111726,21690
"Total","Javier Assad","CHC",16,77,0.45762712,11,3,0,1,1,0,9,0,0,22,0.166666666,0.263157894,0.212121212,0.2248335621858898,21741
"Total","Jose Marte","LAA",7,14,7.36363636,3,0,0,3,3,1,2,0,0,0,0.272727272,0.357142857,0.545454545,0.37254388843263897,21761
"Total","Braxton Garrett","MIA",7,16,2.45454545,3,1,0,2,1,0,1,0,1,3,0.214285714,0.3125,0.285714285,0.2778439223766327,21844
"Total","Cole Ragans","KCR",17,29,2.84210526,9,2,0,2,2,1,1,0,0,3,0.321428571,0.344827586,0.5,0.36508037715122615,21846
"Total","Riley Pint","COL",1,1,0,0,0,0,0,0,0,0,0,0,0,0,0,0,0,21858
"Total","Alex Speas","HOU",1,4,13.49999993,1,0,0,1,1,1,1,0,0,0,0.333333333,0.5,1.333333333,0.6883954405784607,21859
"Total","George Soriano","MIA",7,16,17.18181817,3,1,0,7,7,2,2,0,1,0,0.25,0.375,0.833333333,0.4681646004319191,21863
"Total","Yerry Rodriguez","TEX",8,25,3,5,1,0,2,2,1,4,0,0,3,0.238095238,0.36,0.428571428,0.34977922201156614,21955
"Total","Camilo Doval","SFG",33,76,2.20408163,17,5,0,6,4,1,12,1,0,22,0.269841269,0.381578947,0.396825396,0.3427998153368632,21992
"Total","Luis Frias","ARI",5,10,6.75000002,3,1,0,1,1,1,3,0,0,2,0.428571428,0.6,1,0.6282447874546051,21997
"Total","John King","STL",28,56,0.675,12,1,0,4,1,1,3,0,1,9,0.23076923,0.285714285,0.307692307,0.2673784111227308,22051
"Total","Kyle Tyler","MIA",4,19,2.07692308,4,1,0,1,1,0,2,0,0,4,0.235294117,0.315789473,0.294117647,0.2789240730436225,22092
"Total","Jose Soriano","LAA",15,75,1.96363636,14,2,0,4,4,1,5,0,1,15,0.208955223,0.266666666,0.283582089,0.24669409513473511,22100
"Total","Cole Winn","TEX",13,25,8.43750001,6,1,0,5,5,0,2,0,1,2,0.285714285,0.36,0.333333333,0.3117152428627014,22113
"Total","Nick Pratto","KCR",1,2,0,0,0,0,0,0,0,0,0,0,0,0,0,0,0,22117
"Total","Hunter Greene","CIN",17,76,3.31578947,11,2,0,7,7,3,7,0,4,24,0.174603174,0.293333333,0.349206349,0.29000519593556723,22182
"Total","Tobias Myers","MIL",13,55,2.63414634,9,2,0,4,4,1,6,0,0,10,0.1875,0.277777777,0.291666666,0.26007477663181444,22191
"Total","Hans Crouse","LAA",7,12,0,0,0,0,0,0,0,1,0,0,2,0,0.083333333,0,0.05761178334554037,22192
"Total","MacKenzie Gore","WSN",18,36,1.17391304,11,3,0,1,1,1,2,0,0,11,0.323529411,0.361111111,0.5,0.37291265692975784,22201
"Total","DL Hall","MIL",3,6,0,3,1,0,0,0,0,0,0,0,2,0.5,0.5,0.666666666,0.5052548249562582,22207
"Total","Jeremiah Estrada","SDP",25,51,2.13157895,9,2,0,3,3,1,4,0,0,17,0.195652173,0.25490196,0.304347826,0.24826186544754925,22210
"Total","Jonathan Heasley","BAL",4,6,18,4,0,0,3,2,0,0,0,0,0,0.666666666,0.666666666,0.666666666,0.5902304251988729,22224
"Total","Logan Gilbert","SEA",17,68,2.5,13,2,0,5,5,0,3,0,0,19,0.203125,0.235294117,0.234375,0.21080149359562816,22250
"Total","Shane Baz","TBR",1,4,0,1,0,0,0,0,0,0,0,0,2,0.25,0.25,0.25,0.22133640944957733,22264
"Total","Tarik Skubal","DET",14,24,0,2,0,0,0,0,0,1,0,1,7,0.09090909,0.166666666,0.09090909,0.13269437849521637,22267
"Total","Owen White","TEX",2,5,45,3,1,0,5,5,0,0,0,0,0,0.6,0.6,0.8,0.6063057899475097,22273
"Total","Dylan Coleman","HOU",1,3,0,0,0,0,0,0,0,1,0,0,0,0,0.333333333,0,0.23044713338216147,22276
"Total","Matt Sauer","KCR",13,35,5.68421053,10,3,1,4,4,0,6,0,0,4,0.357142857,0.457142857,0.535714285,0.42404045377458843,22284
"Total","Trevor Rogers","MIA",16,34,1.125,8,3,0,2,1,0,2,0,0,7,0.25,0.294117647,0.34375,0.2821154121090384,22286
"Total","Mason Englert","DET",11,26,4.5,8,4,1,3,3,1,0,0,0,1,0.307692307,0.307692307,0.653846153,0.4028870371671823,22288
"Total","Matthew Liberatore","STL",25,50,1.2,9,3,0,2,2,1,1,0,0,11,0.183673469,0.2,0.306122448,0.2192564594745636,22294
"Total","Jose E. Hernandez","PIT",5,9,0,3,2,0,0,0,0,1,0,0,3,0.375,0.444444444,0.625,0.4553735984696282,22318
"Total","Colin Holderman","PIT",34,61,3,14,4,0,6,4,1,11,0,0,16,0.28,0.409836065,0.42,0.37177798689388836,22361
"Total","Raymond Burgos","SFG",1,3,27.00000027,2,0,0,1,1,0,0,0,0,0,0.666666666,0.666666666,0.666666666,0.5902304251988729,22370
"Total","Josh Winckowski","BOS",14,55,5.90625,17,4,0,10,7,2,5,2,1,9,0.361702127,0.425925925,0.574468085,0.4173709624088727,22387
"Total","Logan Gillaspie","SDP",1,4,0,0,0,0,0,0,0,0,0,0,2,0,0,0,0,22461
"Total","Michel Otanez","OAK",1,1,0,1,0,0,0,0,0,0,0,0,0,1,1,1,0.8853456377983093,22533
"Total","Taj Bradley","TBR",11,52,0.65853659,7,2,0,1,1,1,4,0,0,24,0.145833333,0.211538461,0.25,0.20943584350439218,22543
"Total","Keider Montero","DET",3,15,4.9090909,2,0,0,2,2,1,2,0,0,4,0.153846153,0.266666666,0.384615384,0.2886845866839091,22630
"Total","Jack O'Loughlin","OAK",4,11,0,3,0,0,0,0,0,1,0,0,2,0.3,0.363636363,0.3,0.30430711941285565,22690
"Total","Carlos Hernandez","KCR",11,21,10.38461539,5,1,0,6,5,0,4,0,0,1,0.3125,0.428571428,0.375,0.3603612298057193,22713
"Total","Angel Zerpa","KCR",31,56,0.675,13,1,0,1,1,0,2,0,2,16,0.26,0.309090909,0.28,0.2675078717145053,22717
"Total","Roansy Contreras","2 Tms",20,57,3.375,11,1,0,5,5,0,5,1,0,8,0.211538461,0.280701754,0.23076923,0.22999392236982072,22810
"Total","Yoendrys Gomez","NYY",3,8,0,0,0,0,0,0,0,2,0,0,2,0,0.25,0,0.1728353500366211,22872
"Total","Joan Adon","WSN",1,5,9,2,0,0,1,1,0,0,0,0,0,0.5,0.4,0.5,0.35413825511932373,22925
"Total","Prelander Berroa","CHW",1,1,0,0,0,0,0,0,0,0,0,1,0,0,1,0,0.7226324081420898,22932
"Total","Dedniel Nunez","NYM",15,32,3.52173913,7,2,0,3,3,1,3,0,0,8,0.24137931,0.3125,0.413793103,0.31872882694005966,23055
"Total","Eduardo Salazar","LAD",1,3,0,2,0,0,0,0,0,1,0,0,0,1,1,1,0.8206775585810343,23135
"Total","Osvaldo Bido","OAK",5,16,2.7,2,0,0,1,1,0,4,0,0,2,0.166666666,0.375,0.166666666,0.28350355476140976,23150
"Total","Michael Grove","LAD",25,46,6.35294118,7,0,1,8,8,1,3,0,3,17,0.175,0.282608695,0.3,0.26803631756616675,23221
"Total","Michael Mercado","PHI",3,8,0,0,0,0,0,0,0,3,0,0,1,0,0.375,0,0.25925302505493164,23223
"Total","Spencer Howard","SFG",7,29,2.45454546,7,1,1,3,2,1,1,0,0,7,0.259259259,0.275862068,0.481481481,0.31567526274713975,23252
"Total","Cody Bolton","SEA",14,32,5.14285714,9,1,0,4,4,0,2,0,0,6,0.3,0.34375,0.333333333,0.3039464242756367,23265
"Total","Janson Junk","MIL",3,10,9,6,1,0,1,1,0,1,0,0,1,0.666666666,0.7,0.777777777,0.6378907263278961,23301
"Total","Collin Snider","SEA",10,18,2.25,6,1,0,2,1,0,1,0,0,3,0.352941176,0.388888888,0.411764705,0.3543837368488312,23307
"Total","Jose Butto","NYM",9,41,6.23076923,6,0,0,6,6,2,10,0,1,7,0.2,0.414634146,0.4,0.37321730939353387,23313
"Total","Robert Garcia","WSN",36,53,4.05,9,3,0,6,6,1,5,0,0,20,0.191489361,0.264150943,0.319148936,0.25902242593045505,23363
"Total","Ricky Vanasco","LAD",1,3,0,0,0,0,0,0,0,0,0,0,0,0,0,0,0,23391
"Total","JP Sears","OAK",15,32,2.89285714,5,2,1,3,3,0,1,0,0,8,0.172413793,0.193548387,0.310344827,0.21233834374335506,23429
"Total","Tom Cosgrove","SDP",14,28,6.75,4,0,0,5,5,0,2,0,2,7,0.173913043,0.296296296,0.173913043,0.2359011173248291,23443
"Total","Hunter Stratton","PIT",24,48,3.375,15,6,0,4,4,1,1,0,0,11,0.333333333,0.347826086,0.533333333,0.37829071542491083,23455
"Total","Brandon Hughes","ARI",12,27,1.35,5,0,0,1,1,0,1,0,1,10,0.2,0.259259259,0.2,0.21632229619556004,23460
"Total","Ron Marinaccio","NYY",13,40,3.48387097,5,2,0,5,4,1,4,0,1,12,0.142857142,0.25,0.285714285,0.24606512486934662,23488
"Total","Keaton Winn","SFG",12,51,8.52631579,10,1,0,12,12,3,4,0,0,17,0.217391304,0.274509803,0.434782608,0.3044117291768392,23499
"Total","Aaron Ashby","MIL",2,5,0,2,0,0,1,0,1,2,0,0,1,0.666666666,0.8,1.666666666,0.8660537600517273,23550
"Total","Ben Brown","CHC",13,61,1.28571429,13,3,0,2,2,1,5,0,1,19,0.236363636,0.311475409,0.345454545,0.29495415628933513,23590
"Total","Brett de Geus","SEA",3,5,0,0,0,0,0,0,0,0,0,1,2,0,0.2,0,0.14452648162841797,23592
"Total","Josh Walker","NYM",8,20,3.6,3,0,1,2,2,1,2,0,0,4,0.166666666,0.25,0.444444444,0.296452471613884,23617
"Total","Clayton Andrews","NYY",1,1,9,1,0,0,1,1,1,0,0,0,0,1,1,4,2.0622403621673584,23631
"Total","Justin Bruihl","PIT",6,9,10.79999998,4,0,0,2,2,0,0,0,0,1,0.444444444,0.444444444,0.444444444,0.39348695013258195,23779
"Total","Ryan Weathers","MIA",11,24,0,3,0,0,0,0,0,1,0,0,8,0.130434782,0.166666666,0.130434782,0.13947409639755884,23796
"Total","Ray Kerr","ATL",9,26,4.05,6,2,0,3,3,1,2,0,0,8,0.25,0.307692307,0.458333333,0.3316398240052737,23809
"Total","Valente Bellozo","MIA",2,8,10.79999998,3,1,0,2,2,0,0,0,0,2,0.375,0.375,0.5,0.3789411187171936,23899
"Total","Brayan Bello","BOS",14,62,6.92307692,18,7,0,10,10,3,6,0,2,8,0.333333333,0.419354838,0.629629629,0.4465913407264217,23920
"Total","Randy Rodriguez","SFG",22,59,6.42857143,12,3,1,10,10,2,5,0,1,17,0.23076923,0.305084745,0.442307692,0.3219862307532359,23974
"Total","Ronny Henriquez","MIN",2,5,0,1,0,0,0,0,0,1,0,0,1,0.25,0.4,0.25,0.31533740758895873,24094
"Total","Kai-Wei Teng","SFG",3,9,3.375,1,0,0,1,1,0,1,0,0,1,0.125,0.222222222,0.125,0.17518744866053262,24282
"Total","Justin Martinez","ARI",27,56,3.06818182,9,1,0,5,5,1,8,1,0,17,0.1875,0.303571428,0.270833333,0.26108886003494264,24453
"Total","Grayson Rodriguez","BAL",15,67,4.02127659,15,5,1,8,7,1,7,0,0,14,0.25,0.328358208,0.416666666,0.32667707863138684,24492
"Total","Simeon Woods Richardson","MIN",15,53,1.42105263,9,1,0,2,2,1,6,0,1,13,0.2,0.301886792,0.288888888,0.2715316662248575,24494
"Total","Josiah Gray","WSN",1,4,81.00000081,3,1,0,3,3,0,0,0,0,0,1,0.75,1.333333333,0.7578822374343872,24580
"Total","Kyle Bradish","BAL",8,35,2.16,7,1,0,2,2,1,1,0,2,10,0.21875,0.285714285,0.34375,0.2824689269065857,24586
"Total","Josh Winder","MIN",1,4,13.49999993,1,0,0,1,1,0,0,0,1,1,0.333333333,0.5,0.333333333,0.4019945114850998,24606
"Total","Jonathan Bowlan","KCR",1,3,0,0,0,0,0,0,0,0,0,0,1,0,0,0,0,24607
"Total","Victor Vodnik","COL",32,78,2.94545455,16,2,0,7,6,1,10,1,0,9,0.235294117,0.333333333,0.308823529,0.2898114493915013,24614
"Total","Owen Miller","MIL",1,5,9,2,1,0,1,1,0,0,0,0,0,0.5,0.4,0.75,0.4292366623878479,24655
"Total","Randy Vasquez","SDP",12,48,6.75,21,3,0,9,6,4,5,0,0,5,0.488372093,0.541666666,0.837209302,0.580896258354187,24719
"Total","Gus Varland","LAD",5,11,0,4,1,0,0,0,0,1,0,0,0,0.4,0.454545454,0.5,0.41892872615294025,24737
"Total","Kyle Leahy","STL",17,41,7,12,4,0,7,7,1,3,0,0,7,0.315789473,0.365853658,0.5,0.3750496274087487,24763
"Total","Ryan Fernandez","STL",31,65,2.34782609,12,2,0,5,4,2,7,2,2,14,0.222222222,0.323076923,0.37037037,0.29572846019078813,24862
"Total","Ethan Roberts","CHC",3,10,0,2,0,0,0,0,0,1,0,0,3,0.222222222,0.3,0.222222222,0.2462032675743103,24930
"Total","Andrew Wantz","LAA",1,1,0,0,0,0,0,0,0,1,0,0,0,0,1,0,0.6913414001464844,24933
"Total","Reese Olson","DET",17,78,1.89473684,15,1,2,4,4,2,6,0,1,23,0.214285714,0.282051282,0.371428571,0.28598739550663876,24968
"Total","Cooper Criswell","BOS",12,57,1.84090909,10,1,0,4,3,0,4,0,2,12,0.196078431,0.280701754,0.215686274,0.23578208475782161,24975
"Total","Shawn Dubin","HOU",16,61,2.13157895,13,4,0,5,3,0,10,0,0,15,0.25490196,0.37704918,0.333333333,0.3266373022657926,24977
"Total","Colin Selby","KCR",2,9,10.79999998,2,0,0,3,2,0,2,0,0,0,0.285714285,0.444444444,0.285714285,0.35037489732106525,24986
"Total","Kody Funderburk","MIN",22,52,3.375,12,3,1,4,4,0,8,0,2,16,0.285714285,0.423076923,0.404761904,0.3738472071977762,24993
"Total","Alex Vesia","LAD",30,50,1.31707317,8,1,0,3,2,2,4,0,0,12,0.181818181,0.25,0.34090909,0.26202942058444023,25007
"Total","Jacob Lopez","TBR",3,6,0,1,0,0,1,0,0,2,0,1,1,0.333333333,0.666666666,0.333333333,0.49844347437222797,25098
"Total","Tim Herrin","CLE",32,53,1.76086957,4,1,0,3,3,0,3,0,1,20,0.081632653,0.150943396,0.102040816,0.12667039992674342,25139
"Total","Joe Jacques","2 Tms",2,7,0,3,0,0,0,0,0,0,0,0,0,0.428571428,0.428571428,0.428571428,0.379433844770704,25178
"Total","Roddery Munoz","MIA",9,38,9,8,1,0,8,8,6,7,0,1,9,0.266666666,0.421052631,0.9,0.5284644130029177,25311
"Total","Abner Uribe","MIL",9,19,10.80000001,4,0,0,4,4,0,6,1,0,2,0.307692307,0.526315789,0.307692307,0.38878275288475883,25327
"Total","Nick Mears","COL",33,87,4.41818182,23,2,0,9,9,1,9,1,0,23,0.298701298,0.367816091,0.363636363,0.3235065077626428,25376
"Total","Brady Singer","KCR",17,86,2.45454545,16,5,1,6,5,2,15,0,1,19,0.231884057,0.376470588,0.420289855,0.35532903811510874,25377
"Total","Sam Long","KCR",16,31,2.57142857,7,1,0,2,2,1,3,0,0,9,0.25,0.322580645,0.392857142,0.3168977556690093,25379
"Total","Jhony Brito","SDP",21,63,6.1875,12,2,1,12,11,3,4,1,0,14,0.20338983,0.253968253,0.423728813,0.28537540474245626,25386
"Total","George Kirby","SEA",18,75,4.15384615,18,1,1,8,8,4,1,0,2,24,0.25,0.28,0.458333333,0.31825778166453045,25436
"Total","Matt Waldron","SDP",18,85,5.89090909,22,6,1,12,12,4,10,0,1,22,0.297297297,0.388235294,0.567567567,0.4092660770696752,25550
"Total","Isaiah Campbell","BOS",6,15,36,8,2,0,9,8,2,1,0,0,0,0.571428571,0.6,1.142857142,0.7252586682637533,25551
"Total","Brady Basso","OAK",2,2,0,0,0,0,0,0,0,0,0,0,0,0,0,0,0,25582
"Total","Sammy Peralta","CHW",1,1,0,0,0,0,0,0,0,1,0,0,0,0,1,0,0.6913414001464844,25589
"Total","Xzavion Curry","CLE",4,18,3.6,3,1,0,2,2,2,0,0,0,4,0.166666666,0.166666666,0.555555555,0.2991843554708693,25595
"Total","Hunter Gaddis","CLE",41,77,2.21311475,12,5,0,6,5,1,4,0,2,20,0.169014084,0.233766233,0.28169014,0.23232640229262314,25636
"Total","Declan Cronin","MIA",25,55,4.15384615,13,2,0,6,6,0,4,0,1,10,0.265306122,0.327272727,0.306122448,0.28633591586893253,25645
"Total","Justin Slaten","BOS",28,75,1.44642857,13,4,0,4,3,0,8,0,1,22,0.196969696,0.293333333,0.257575757,0.2568643339474996,25648
"Total","Ty Adcock","NYM",3,11,32.39999994,6,0,0,6,6,3,1,0,0,1,0.6,0.636363636,1.5,0.8667363090948625,25651
"Total","Nick Avila","SFG",8,25,6,7,3,0,4,4,0,0,0,0,8,0.291666666,0.28,0.416666666,0.2929558229446411,25667
"Total","Kevin Kelly","TBR",29,58,4.39534884,14,3,0,10,7,2,0,0,2,11,0.25,0.275862068,0.410714285,0.29862705695218056,25679
"Total","Grae Kessinger","HOU",1,1,0,0,0,0,0,0,0,0,0,0,0,0,0,0,0,25813
"Total","Luis Contreras","HOU",4,7,5.39999999,2,0,0,1,1,0,0,0,0,1,0.285714285,0.285714285,0.285714285,0.2529558965138027,25839
"Total","Noah Davis","COL",1,5,0,1,0,0,0,0,0,0,0,0,2,0.2,0.2,0.2,0.17706912755966187,25862
"Total","Hunter Brown","HOU",17,79,7.41176471,22,4,0,14,14,4,6,0,0,24,0.305555555,0.354430379,0.527777777,0.37766075285175177,25880
"Total","Bryan King","HOU",6,8,0,1,0,0,0,0,0,0,0,1,4,0.142857142,0.25,0.142857142,0.2009972557425499,25890
"Total","Yennier Cano","BAL",34,51,3.64864865,11,1,1,6,5,2,5,1,0,6,0.239130434,0.31372549,0.434782608,0.31893768191337585,25911
"Total","Zack Thompson","STL",4,9,4.5,3,1,0,1,1,0,0,0,0,2,0.333333333,0.333333333,0.444444444,0.3368365499708388,25918
"Total","Casey Legumina","CIN",1,4,26.99999987,1,0,0,3,2,1,1,0,0,1,0.333333333,0.5,1.333333333,0.6883954405784607,25921
"Total","Darius Vines","ATL",3,10,0,1,0,0,0,0,0,1,0,0,3,0.111111111,0.2,0.111111111,0.15766870379447936,25928
"Total","Andrew Nardi","MIA",36,53,1.92857143,8,3,0,3,3,0,3,0,0,19,0.163265306,0.207547169,0.224489795,0.19402387569535454,25942
"Total","Quinn Priester","PIT",6,27,9,11,1,0,5,5,4,0,0,0,3,0.407407407,0.407407407,0.888888888,0.5489582573926007,25977
"Total","Anthony Maldonado","MIA",11,25,4.76470588,5,1,2,3,3,0,3,1,0,3,0.227272727,0.32,0.454545454,0.31715720891952515,26034
"Total","Easton Lucas","OAK",3,8,26.99999987,4,0,0,2,2,0,2,0,0,1,0.666666666,0.75,0.666666666,0.6155081689357758,26058
"Total","Beau Brieske","DET",16,45,3.375,9,0,3,4,4,0,4,0,0,15,0.219512195,0.288888888,0.365853658,0.2860840294096205,26079
"Total","Andre Pallante","STL",14,47,1.42105263,8,0,0,3,2,0,3,0,0,8,0.181818181,0.234042553,0.181818181,0.19482530431544526,26108
"Total","Blair Henley","HOU",1,5,36,2,0,0,4,4,0,2,0,1,0,1,1,1,0.7752012968063354,26190
"Total","Andrew Saalfrank","ARI",2,4,0,1,1,0,0,0,0,2,0,0,0,0.5,0.75,1,0.6608801186084747,26203
"Total","Tyler Fitzgerald","SFG",2,6,0,2,0,0,0,0,0,0,0,0,0,0.333333333,0.333333333,0.333333333,0.29511521259943646,26208
"Total","Ryan Pepiot","TBR",15,67,2.87234042,13,1,1,5,5,2,8,0,0,17,0.220338983,0.313432835,0.372881355,0.3057155368933037,26221
"Total","Nick Robertson","STL",7,20,2.07692308,6,1,0,1,1,1,1,0,0,4,0.333333333,0.35,0.555555555,0.3777900993824005,26226
"Total","Tyler Holton","DET",27,69,3.375,8,0,0,8,7,2,3,0,4,14,0.129032258,0.217391304,0.225806451,0.20871171571206357,26231
"Total","Erik Miller","SFG",37,60,0,6,2,0,0,0,0,9,0,1,22,0.12,0.266666666,0.16,0.2167960484822591,26252
"Total","Ryne Nelson","ARI",16,72,3.85714286,16,2,0,8,8,3,2,0,0,12,0.228571428,0.25,0.385714285,0.27541501737303203,26253
"Total","Joey Estes","OAK",10,39,3,7,3,0,3,3,1,5,1,0,8,0.205882352,0.307692307,0.382352941,0.2964777868045004,26257
"Total","Blake Walston","ARI",3,3,0,1,0,0,0,0,0,1,0,0,0,0.5,0.666666666,0.5,0.5255623459815979,26270
"Total","Tommy Henry","ARI",7,20,2.25,5,1,0,1,1,0,1,0,3,2,0.3125,0.45,0.375,0.38307294249534607,26285
"Total","Bryan Hoeing","MIA",10,21,1.58823529,2,1,0,1,1,0,2,0,0,6,0.105263157,0.19047619,0.157894736,0.16804124343962895,26304
"Total","Nick Lodolo","CIN",10,22,0,3,1,0,0,0,0,1,0,0,6,0.142857142,0.181818181,0.19047619,0.16922137954018332,26378
"Total","DJ Herz","WSN",7,13,9,3,1,0,3,3,0,1,0,0,4,0.25,0.307692307,0.333333333,0.2863746422987718,26389
"Total","Alek Manoah","TOR",5,22,1.58823529,4,0,0,1,1,1,2,0,0,9,0.2,0.272727272,0.35,0.2773163670843298,26410
"Total","Porter Hodge","CHC",11,19,3.85714285,3,0,1,2,2,0,2,0,0,8,0.176470588,0.263157894,0.294117647,0.2501134056794016,26413
"Total","Bradley Blalock","MIL",1,2,0,0,0,0,0,0,0,0,0,0,0,0,0,0,0,26419
"Total","Angel Chivilli","COL",4,10,0,2,0,0,0,0,0,0,0,0,0,0.2,0.2,0.2,0.17706912755966187,26790
"Total","Anthony Molina","COL",16,51,4.62857143,12,0,1,6,6,1,7,1,0,6,0.279069767,0.372549019,0.395348837,0.333250515460968,26952
"Total","Alec Marsh","KCR",16,84,3.0483871,18,7,0,7,7,2,5,0,1,19,0.23076923,0.285714285,0.397435897,0.298783268956911,27451
"Total","Anthony Veneziano","KCR",2,3,0,0,0,0,1,0,0,1,0,0,1,0,0.333333333,0,0.23044713338216147,27453
"Total","Garrett Crochet","CHW",13,24,0,6,0,1,0,0,0,2,0,0,13,0.272727272,0.333333333,0.363636363,0.3086746508876483,27463
"Total","Reid Detmers","LAA",9,27,1.42105263,3,1,0,2,1,0,4,0,0,9,0.130434782,0.259259259,0.173913043,0.21469979816012913,27468
"Total","Emerson Hancock","SEA",9,40,3,9,1,0,3,3,0,3,0,1,5,0.25,0.325,0.277777777,0.2785064846277237,27470
"Total","Jared Shuster","CHW",17,48,3.27272727,14,3,0,4,4,1,2,0,0,7,0.318181818,0.333333333,0.454545454,0.3350185950597127,27472
"Total","Max Meyer","MIA",3,12,2.25,0,0,0,1,1,0,0,0,0,3,0,0,0,0,27474
"Total","Bryce Jarvis","ARI",35,82,4.15384615,16,4,0,9,8,1,15,3,1,10,0.242424242,0.390243902,0.348484848,0.32738129473939726,27477
"Total","Bobby Miller","LAD",5,18,18,6,0,0,6,6,3,4,0,0,3,0.428571428,0.555555555,1.071428571,0.6448957555823855,27483
"Total","Landon Knack","LAD",7,32,2.45454546,8,0,1,2,2,2,2,0,0,10,0.266666666,0.3125,0.533333333,0.3603960108011961,27487
"Total","Spencer Strider","ATL",1,5,9,2,0,0,1,1,1,0,0,0,2,0.4,0.4,1,0.5895171999931336,27498
"Total","Slade Cecconi","ARI",13,62,2.5,6,1,0,5,5,1,3,0,0,14,0.101694915,0.14516129,0.169491525,0.14416910948291903,27500
"Total","Kyle Hurt","LAD",1,6,0,2,1,0,0,0,0,0,0,0,0,0.333333333,0.333333333,0.5,0.3576972186565399,27514
"Total","Jared Koenig","MIL",27,59,0.62790698,11,0,0,1,1,1,3,0,0,14,0.2,0.24137931,0.254545454,0.22396070587223973,27517
"Total","Graham Ashcraft","CIN",15,62,4.05,19,2,0,6,6,3,4,0,0,10,0.327586206,0.370967741,0.517241379,0.38497743491203557,27552
"Total","Carmen Mlodzinski","PIT",18,52,3.55263158,9,3,0,7,5,0,4,0,1,10,0.204545454,0.269230769,0.272727272,0.24197278572962835,27572
"Total","Hayden Wesneski","CHC",20,59,3.06818182,10,2,0,5,5,2,4,0,1,11,0.185185185,0.254237288,0.333333333,0.26180047301922815,27581
"Total","Davis Daniel","LAA",2,8,0,2,1,0,0,0,0,0,0,0,3,0.25,0.25,0.375,0.26827291399240494,27582
"Total","Zac Kristofak","LAA",1,4,0,1,1,0,0,0,0,0,0,0,2,0.25,0.25,0.5,0.31520941853523254,27585
"Total","Logan Allen","CLE",16,24,4.76470588,6,0,0,3,3,1,1,0,0,5,0.260869565,0.291666666,0.391304347,0.2991795813043912,27589
"Total","Cody Bradford","TEX",2,4,0,0,0,0,0,0,0,0,0,0,0,0,0,0,0,27597
"Total","Walter Pennington","KCR",1,1,0,0,0,0,0,0,0,0,0,0,1,0,0,0,0,27624
"Total","Nick Loftin","KCR",1,1,0,1,0,0,0,0,0,0,0,0,0,1,1,1,0.8853456377983093,27630
"Total","Mitchell Parker","WSN",13,32,4.5,11,2,0,3,3,0,3,0,0,6,0.379310344,0.4375,0.448275862,0.39261907152831554,27636
"Total","Luis L. Ortiz","PIT",21,66,4.59574468,11,4,0,9,8,1,8,0,0,17,0.196428571,0.287878787,0.321428571,0.2719453952529214,27646
"Total","Brandon Eisert","TOR",1,3,0,0,0,0,0,0,0,1,0,0,0,0,0.333333333,0,0.23044713338216147,27668
"Total","Tanner Gordon","COL",1,5,0,1,0,0,0,0,0,0,0,0,1,0.2,0.2,0.2,0.17706912755966187,27669
"Total","Carson Spiers","CIN",9,42,5,14,6,0,7,5,1,0,0,1,9,0.341463414,0.357142857,0.560975609,0.39398376856531414,27685
"Total","Louie Varland","MIN",6,28,1.42105263,6,0,0,1,1,0,2,0,1,8,0.24,0.321428571,0.24,0.26490675125803265,27691
"Total","Justin Sterner","TBR",2,9,0,2,1,0,0,0,0,1,1,0,2,0.25,0.333333333,0.375,0.26827291399240494,27694
"Total","Mitch Spence","OAK",20,69,4.5,20,4,0,8,8,3,2,0,1,17,0.303030303,0.333333333,0.5,0.360070728737375,27707
"Total","Bailey Horn","BOS",3,11,7.71428573,4,1,0,2,2,1,0,0,0,1,0.363636363,0.363636363,0.727272727,0.46306993744590064,27753
"Total","Kyle Harrison","SFG",14,28,2.7,5,0,0,2,2,1,1,0,2,8,0.2,0.285714285,0.32,0.2764367546354021,27758
"Total","Yosver Zulueta","CIN",1,4,9,1,0,0,1,1,0,0,0,0,2,0.25,0.25,0.25,0.22133640944957733,27765
"Total","Kyle Nicolas","PIT",20,45,3.6,7,2,0,4,4,0,6,0,2,12,0.189189189,0.333333333,0.243243243,0.2787048167652554,27775
"Total","Bryce Elder","ATL",6,30,7.10526316,9,1,0,5,5,2,3,0,1,3,0.346153846,0.433333333,0.615384615,0.4498016277949015,27779
"Total","Brandon Pfaadt","ARI",17,77,1.5,21,3,1,3,3,2,4,0,0,14,0.287671232,0.324675324,0.438356164,0.331835383718664,27782
"Total","Will Klein","KCR",5,12,20.25000005,6,1,0,3,3,0,2,0,0,2,0.6,0.666666666,0.7,0.5891873886187872,27787
"Total","Gavin Stone","LAD",15,61,3.13953488,12,4,0,5,5,0,8,0,0,8,0.226415094,0.327868852,0.301886792,0.2894565081987225,27792
"Total","Matt Mervis","CHC",1,4,18,4,1,0,2,2,0,0,0,0,0,1,1,1.25,0.9792186468839645,27845
"Total","Jared Jones","PIT",15,67,3.30612245,13,0,1,7,6,4,7,0,1,24,0.220338983,0.313432835,0.457627118,0.3357093939140661,27863
"Total","Cade Smith","CLE",36,70,2.5,11,4,1,5,5,0,6,0,0,26,0.171875,0.242857142,0.265625,0.23003219366073607,27867
"Total","Daniel Palencia","CHC",7,20,6.75,6,2,0,4,3,0,2,0,0,7,0.333333333,0.4,0.444444444,0.3722870349884033,27914
"Total","Cristian Mena","ARI",1,4,40.4999998,2,0,0,3,3,1,0,0,0,0,0.5,0.5,1.25,0.7368964999914169,27974
"Total","Luke Little","CHC",24,45,0.77142857,6,2,0,2,1,0,6,0,0,15,0.153846153,0.266666666,0.205128205,0.2269134733412001,28036
"Total","Gordon Graceffo","STL",1,3,0,0,0,0,0,0,0,1,0,0,1,0,0.333333333,0,0.23044713338216147,29519
"Total","Ryan Loutos","STL",1,2,0,0,0,0,0,0,0,1,0,0,0,0,0.5,0,0.3456707000732422,29521
"Total","Joe Boyle","OAK",7,38,6.13636364,6,1,0,5,5,1,10,0,0,8,0.214285714,0.421052631,0.357142857,0.36257564707806234,29608
"Total","Robert Gasser","MIL",5,8,3.85714286,1,0,0,1,1,1,0,0,0,3,0.125,0.125,0.5,0.2577800452709198,29812
"Total","Nick Nastrini","CHW",6,23,4.5,4,1,0,3,2,0,7,0,0,3,0.25,0.478260869,0.3125,0.38070714732874994,29833
"Total","Bryce Miller","SEA",17,84,3.31578947,16,4,0,8,7,3,12,0,0,22,0.222222222,0.333333333,0.402777777,0.3273128491072428,29837
"Total","James Meeker","MIL",1,2,0,1,0,0,0,0,0,0,0,0,0,0.5,0.5,0.5,0.44267281889915466,29891
"Total","Andrew Abbott","CIN",15,35,0,10,0,0,0,0,0,0,0,0,8,0.285714285,0.285714285,0.285714285,0.2529558965138027,29911
"Total","Spencer Arrighetti","HOU",16,76,3.85714286,17,3,0,7,7,3,11,0,0,23,0.265625,0.368421052,0.453125,0.35937883587259994,29921
"Total","Grant Hartwig","NYM",4,13,3.375,2,0,0,2,1,0,2,0,1,2,0.2,0.384615384,0.2,0.2981543449255136,29946
"Total","Jordan Leasure","CHW",27,55,7.07142857,8,3,0,11,11,2,7,0,1,10,0.173913043,0.29090909,0.369565217,0.2931827794421803,29950
"Total","AJ Smith-Shawver","ATL",1,4,0,0,0,0,0,0,0,0,0,0,3,0,0,0,0,29960
"Total","Cade Povich","BAL",5,16,6.74999999,4,2,0,2,2,1,3,0,1,1,0.333333333,0.5,0.75,0.5166198723018169,30055
"Total","David Festa","MIN",2,11,0,1,0,1,0,0,0,0,0,0,1,0.09090909,0.09090909,0.272727272,0.145343693819913,30056
"Total","Chase Silseth","LAA",2,13,13.5,3,1,0,4,3,1,2,0,0,3,0.3,0.416666666,0.7,0.46592553953329724,30074
"Total","Landen Roupp","SFG",9,28,3.6,7,2,0,2,2,0,6,0,0,3,0.318181818,0.464285714,0.409090909,0.3963018549340112,30076
"Total","Jordan Wicks","CHC",6,13,2.7,2,0,0,1,1,0,0,0,1,4,0.181818181,0.25,0.181818181,0.20777697364489237,30094
"Total","Christian Scott","NYM",6,24,0,5,1,0,0,0,0,1,0,0,5,0.227272727,0.260869565,0.272727272,0.2388505054556805,30107
"Total","Robert Suarez","SDP",29,57,1.8,8,1,0,4,3,2,5,0,0,17,0.153846153,0.228070175,0.288461538,0.2327851506701687,30115
"Total","Gavin Williams","CLE",1,3,0,0,0,0,0,0,0,1,0,0,0,0,0.333333333,0,0.23044713338216147,30122
"Total","Tanner Bibee","CLE",17,90,3.2238806,18,6,1,9,8,3,4,0,2,33,0.216867469,0.266666666,0.421686746,0.29604359202914765,30134
"Total","Jack Leiter","TEX",3,15,6.74999999,3,1,0,2,2,0,3,0,1,3,0.272727272,0.466666666,0.363636363,0.38854570388793946,30146
"Total","Carlos Rodriguez","MIL",3,12,3,4,1,1,1,1,0,0,0,0,4,0.333333333,0.333333333,0.583333333,0.3858591318130493,30161
"Total","Mason Black","SFG",4,17,3.85714285,4,1,0,2,2,0,0,0,0,5,0.235294117,0.235294117,0.294117647,0.23040438750210931,30171
"Total","Spencer Bivens","SFG",7,24,3,5,1,0,2,2,2,2,0,0,5,0.227272727,0.291666666,0.545454545,0.35577885309855145,30226
"Total","Bryan Woo","SEA",8,42,0.84375,8,2,0,1,1,0,2,0,0,6,0.2,0.238095238,0.25,0.21943885655630202,30279
"Total","Justin Wrobleski","LAD",1,3,0,1,0,0,0,0,0,0,0,0,0,0.333333333,0.333333333,0.333333333,0.29511521259943646,31204
"Total","Chris Roycroft","STL",15,32,7.2,8,0,2,4,4,0,7,0,2,6,0.347826086,0.53125,0.52173913,0.46232155337929726,31261
"Total","Ben Joyce","LAA",11,22,0,4,1,0,0,0,0,2,0,0,6,0.2,0.272727272,0.25,0.2408889721740376,31461
"Total","Hayden Birdsong","SFG",3,15,2.25,1,0,0,1,1,0,2,0,0,5,0.076923076,0.2,0.076923076,0.15120189587275187,31635
"Total","Jonathan Cannon","CHW",9,41,4.5,11,4,0,7,5,2,1,0,0,11,0.275,0.292682926,0.525,0.3484366100008895,31730
"Total","Mason Miller","OAK",27,62,1.55769231,5,1,0,4,3,1,6,2,0,32,0.089285714,0.177419354,0.160714285,0.14574134250481924,31757
"Total","Orion Kerkering","PHI",29,59,2.57142857,12,2,0,5,4,0,4,0,3,19,0.235294117,0.327586206,0.274509803,0.28117921640133037,31776
"Total","Spencer Schwellenbach","ATL",7,37,3.24,10,2,0,3,3,1,4,0,0,8,0.3125,0.378378378,0.46875,0.3661270479898195,31846
"Total","Adam Mazur","SDP",6,29,3.375,6,2,0,2,2,0,7,0,0,3,0.285714285,0.448275862,0.38095238,0.37594647243105134,31900
"Total","Drew Thorpe","CHW",5,23,3.6,5,4,0,2,2,0,4,0,0,5,0.263157894,0.391304347,0.47368421,0.37800269282382465,31967
"Total","Jake Bloss","HOU",1,5,0,3,0,0,0,0,0,0,0,0,0,0.6,0.6,0.6,0.5312073826789856,33168
"Total","Hurston Waldrep","ATL",2,10,0,0,0,0,0,0,0,2,0,0,1,0,0.2,0,0.13826828002929686,33527
"Total","Paul Skenes","PIT",10,45,2.45454545,10,2,0,3,3,2,3,0,0,15,0.243902439,0.288888888,0.43902439,0.31182786888546415,33677
"Total","Yoshinobu Yamamoto","LAD",12,48,1.63636364,12,2,0,2,2,2,3,0,0,16,0.266666666,0.3125,0.444444444,0.3292280286550522,33825
"Total","Yuki Matsui","SDP",33,56,1.25581395,10,4,0,2,2,0,6,0,0,18,0.204081632,0.285714285,0.285714285,0.2589905879327229,33826
"Total","Naoyuki Uwasawa","BOS",2,7,0,1,0,0,0,0,0,1,0,0,1,0.166666666,0.285714285,0.166666666,0.22524100542068481,33828
"Total","Shota Imanaga","CHC",14,27,2.57142857,4,0,0,2,2,1,2,0,0,6,0.16,0.222222222,0.28,0.22596148429093538,33829
"Total","Yariel Rodriguez","TOR",8,33,1.125,5,3,0,3,1,0,4,0,0,7,0.172413793,0.272727272,0.275862068,0.25207787571531354,33838