Season,Name,Tm,G,PA,AB,H,1B,2B,3B,HR,R,RBI,BB,IBB,SO,HBP,SF,SH,GDP,SB,CS,AVG,playerId
"Total","Miguel Cabrera","DET",93,270,247,63,45,14,0,4,14,23,20,0,51,1,2,0,8,0,0,0.255060728,1744
"Total","David Peralta","2 Tms",160,451,419,103,68,26,1,8,50,57,24,1,77,2,6,0,10,4,0,0.245823389,2136
"Total","Adam Wainwright","STL",1,1,1,0,0,0,0,0,0,0,0,0,1,0,0,0,0,0,0,0,2233
"Total","Carlos Santana","3 Tms",216,697,623,145,83,37,1,24,75,85,69,1,120,3,2,0,14,6,0,0.232744783,2396
"Total","Nelson Cruz","SDP",33,62,59,15,10,2,1,2,3,10,2,0,17,1,0,0,1,1,0,0.254237288,2434
"Total","Manny Pina","OAK",3,3,3,1,1,0,0,0,0,0,0,0,0,0,0,0,1,0,0,0.333333333,2829
"Total","Roberto Perez","SFG",4,12,12,1,1,0,0,0,0,1,0,0,5,0,0,0,0,0,0,0.083333333,2900
"Total","Tommy Pham","3 Tms",161,483,437,117,78,27,3,9,52,58,41,0,107,2,3,0,6,16,3,0.267734553,2967
"Total","Charlie Culberson","ATL",1,1,1,1,1,0,0,0,0,0,0,0,0,0,0,0,0,0,0,1,3298
"Total","Anthony Rizzo","NYY",163,546,486,109,74,16,0,19,64,56,44,1,119,14,2,0,12,0,3,0.224279835,3473
"Total","Eric Hosmer","CHC",27,78,74,19,15,2,0,2,7,10,4,0,20,0,0,0,5,0,0,0.256756756,3516
"Total","Michael Brantley","HOU",15,45,43,12,8,2,0,2,5,7,1,0,2,0,1,0,2,0,0,0.279069767,4106
"Total","Joey Votto","CIN",63,185,163,32,17,5,0,10,18,29,18,0,49,4,0,0,1,0,0,0.196319018,4314
"Total","Mike Moustakas","2 Tms",109,310,280,71,47,13,0,11,37,40,21,1,75,2,7,0,6,0,0,0.253571428,4892
"Total","Jason Heyward","LAD",163,478,418,107,61,28,2,16,62,57,45,1,74,7,5,0,9,5,2,0.255980861,4940
"Total","Giancarlo Stanton","NYY",162,546,490,100,51,17,0,32,57,87,52,2,179,3,1,0,17,0,0,0.204081632,4949
"Total","Josh Donaldson","2 Tms",44,133,114,14,5,2,0,7,9,12,17,0,35,0,2,0,3,0,0,0.122807017,5038
"Total","Justin Turner","2 Tms",209,682,598,153,106,28,0,19,86,87,63,0,116,14,7,0,18,3,2,0.255852842,5235
"Total","Robbie Grossman","2 Tms",131,364,313,61,40,16,1,4,41,26,44,0,85,2,5,0,8,2,0,0.194888178,5254
"Total","Sandy Leon","TEX",15,36,33,5,4,1,0,0,3,3,1,0,17,1,0,1,1,0,0,0.151515151,5273
"Total","Aaron Hicks","3 Tms",102,284,247,51,38,7,1,5,36,24,36,0,70,0,1,0,3,5,0,0.206477732,5297
"Total","Brandon Crawford","2 Tms",108,303,264,50,31,12,1,6,28,29,31,1,74,4,4,0,5,3,0,0.189393939,5343
"Total","Freddie Freeman","LAD",230,764,648,215,124,61,3,27,133,108,96,18,121,12,8,0,13,14,2,0.331790123,5361
"Total","Jose Altuve","HOU",170,586,530,165,115,25,1,24,90,79,50,0,112,5,1,0,12,19,2,0.311320754,5417
"Total","Ji Man Choi","2 Tms",36,95,85,15,5,5,0,5,10,9,8,0,23,1,1,0,1,0,0,0.176470588,5452
"Total","Abraham Almonte","NYM",6,14,13,1,0,1,0,0,1,0,1,0,7,0,0,0,0,0,0,0.076923076,5486
"Total","Kyle Higashioka","2 Tms",99,260,243,55,34,9,0,12,26,37,14,0,74,0,2,1,5,0,0,0.226337448,5517
"Total","Avisail Garcia","MIA",37,86,79,15,11,1,0,3,6,9,3,1,25,2,0,0,1,2,0,0.189873417,5760
"Total","Wilmer Flores","SFG",167,395,346,87,57,13,0,17,42,46,38,0,52,7,4,0,11,0,0,0.251445086,5827
"Total","Jean Segura","MIA",79,250,230,51,44,3,1,3,16,16,18,0,38,2,0,0,8,5,2,0.22173913,5933
"Total","Eduardo Escobar","2 Tms",80,189,175,34,25,4,3,2,20,15,12,0,49,0,1,1,3,2,1,0.194285714,6153
"Total","J.D. Martinez","2 Tms",158,516,470,124,62,29,3,30,61,95,35,0,155,2,6,0,14,0,0,0.263829787,6184
"Total","Martin Maldonado","2 Tms",150,395,356,58,38,10,0,10,26,31,24,0,135,3,0,12,10,0,0,0.162921348,6887
"Total","Salvador Perez","KCR",218,706,652,174,114,30,0,30,71,108,31,4,152,14,7,0,16,0,0,0.266871165,7304
"Total","Travis d'Arnaud","ATL",123,370,339,72,40,20,0,12,36,45,22,0,83,6,3,0,7,0,0,0.21238938,7739
"Total","Miguel Rojas","LAD",142,377,343,81,58,20,0,3,43,29,23,0,45,4,4,3,8,6,3,0.236151603,7802
"Total","Charlie Blackmon","COL",159,520,464,120,73,31,6,10,74,55,42,2,84,11,3,0,4,6,0,0.258620689,7859
"Total","Matt Carpenter","2 Tms",104,305,250,47,27,14,0,6,24,31,46,0,90,3,5,0,2,1,1,0.188,8090
"Total","Josh Harrison","PHI",28,54,48,11,7,2,0,2,5,7,3,0,5,2,1,0,1,0,0,0.229166666,8202
"Total","Ehire Adrianza","2 Tms",12,28,25,3,2,0,0,1,4,1,3,0,11,0,0,0,0,0,0,0.12,8418
"Total","Donovan Solano","2 Tms",146,395,344,96,69,22,1,4,47,36,33,1,89,16,2,0,10,0,1,0.279069767,8623
"Total","Elvis Andrus","CHW",100,293,275,69,47,16,1,5,29,32,13,0,51,4,1,0,11,8,3,0.25090909,8709
"Total","Paul Goldschmidt","STL",231,791,698,168,107,31,0,30,96,87,86,2,205,4,2,0,17,11,2,0.240687679,9218
"Total","Starling Marte","NYM",137,429,398,97,78,8,2,9,56,42,21,0,90,8,1,1,13,28,3,0.243718592,9241
"Total","AJ Pollock","2 Tms",34,64,59,12,4,4,0,4,8,11,4,0,16,0,1,0,1,0,0,0.20338983,9256
"Total","Evan Longoria","ARI",54,120,106,23,14,3,0,6,13,12,12,0,40,0,2,0,3,0,0,0.216981132,9368
"Total","Yan Gomes","CHC",126,355,325,79,59,13,1,6,32,40,15,0,87,9,5,1,8,1,0,0.243076923,9627
"Total","Christian Vazquez","MIN",139,404,369,76,58,14,0,4,32,32,26,1,87,2,2,5,15,0,1,0.205962059,9774
"Total","Nolan Arenado","STL",218,729,661,183,126,30,1,26,77,100,53,3,130,5,9,0,19,3,3,0.276853252,9777
"Total","Andrew McCutchen","PIT",175,533,453,113,78,17,1,17,67,47,72,2,131,5,3,0,12,9,3,0.249448123,9847
"Total","DJ LeMahieu","NYY",159,528,471,112,75,23,3,11,49,41,54,2,111,2,0,1,17,2,3,0.237791932,9874
"Total","Darin Ruf","2 Tms",10,17,16,3,2,1,0,0,1,0,1,0,6,0,0,0,0,0,0,0.1875,9929
"Total","Trayce Thompson","2 Tms",50,98,85,17,11,2,0,4,9,11,12,0,37,1,0,0,1,2,0,0.2,9952
"Total","Christian Bethancourt","2 Tms",113,316,299,66,44,14,0,8,41,29,11,0,84,1,2,3,5,1,0,0.220735785,10028
"Total","Chris Owings","PIT",5,8,8,0,0,0,0,0,0,0,0,0,4,0,0,0,0,0,0,0,10030
"Total","Wil Myers","CIN",35,101,89,17,13,2,0,2,8,8,11,0,31,0,0,1,2,2,1,0.191011235,10047
"Total","Mike Trout","LAA",105,373,316,80,40,12,3,25,57,48,48,1,102,7,2,0,4,6,1,0.253164556,10155
"Total","Shelby Miller","LAD",1,1,1,0,0,0,0,0,0,0,0,0,0,0,0,0,0,0,0,0,10197
"Total","Billy Hamilton","CHW",2,2,2,0,0,0,0,0,0,0,0,0,1,0,0,0,0,2,0,0,10199
"Total","Tucker Barnhart","2 Tms",66,169,145,29,25,3,0,1,14,12,21,0,51,1,1,1,4,1,0,0.2,10200
"Total","Jose Iglesias","NYM",14,30,29,8,6,1,0,1,2,8,1,0,2,0,0,0,1,0,1,0.275862068,10231
"Total","Randal Grichuk","3 Tms",145,387,359,88,50,27,1,10,47,34,20,0,86,6,2,0,10,1,0,0.245125348,10243
"Total","Brandon Belt","TOR",102,362,302,77,37,21,0,19,49,40,57,1,125,2,1,0,5,0,0,0.254966887,10264
"Total","Rafael Ortega","2 Tms",49,114,93,16,13,2,0,1,16,7,19,0,26,1,1,0,1,6,1,0.17204301,10323
"Total","Marcell Ozuna","ATL",222,715,636,173,94,32,1,46,96,126,70,1,172,5,4,0,12,0,0,0.272012578,10324
"Total","Jon Singleton","2 Tms",96,267,231,51,39,6,0,6,33,26,34,0,64,0,2,0,3,0,0,0.22077922,10441
"Total","Enrique Hernandez","2 Tms",176,464,429,96,64,23,0,9,50,53,30,0,105,2,3,0,17,3,1,0.223776223,10472
"Total","Carlos Perez","OAK",40,93,77,12,9,0,0,3,9,6,11,0,25,2,2,1,1,0,0,0.155844155,10642
"Total","Gio Urshela","2 Tms",112,339,318,88,74,10,1,3,25,37,16,0,52,2,3,0,11,3,1,0.276729559,10681
"Total","Corey Dickerson","WSN",49,138,131,33,24,6,1,2,10,17,6,0,26,0,1,0,3,0,1,0.251908396,10762
"Total","Jurickson Profar","2 Tms",203,634,549,142,98,27,1,16,75,74,68,0,116,8,6,2,13,5,1,0.258652094,10815
"Total","Adam Duvall","2 Tms",143,388,358,74,35,18,2,19,42,50,22,0,121,5,3,0,2,3,0,0.20670391,10950
"Total","Kevin Kiermaier","TOR",158,450,409,98,60,21,7,10,64,41,29,0,109,3,5,4,8,14,0,0.239608801,11038
"Total","Kole Calhoun","CLE",42,124,110,25,17,5,0,3,12,15,12,0,29,0,2,0,2,0,1,0.227272727,11200
"Total","Jonathan Schoop","DET",34,80,75,13,9,4,0,0,8,4,5,0,21,0,0,0,5,0,0,0.173333333,11265
"Total","Whit Merrifield","2 Tms",179,528,484,129,101,20,0,8,63,56,35,1,91,5,3,1,12,23,7,0.266528925,11281
"Total","Jake Marisnick","2 Tms",26,61,56,12,8,2,1,1,5,4,2,0,16,2,1,0,2,0,2,0.214285714,11339
"Total","Jesus Aguilar","OAK",23,52,51,9,6,2,0,1,3,1,1,0,19,0,0,0,2,0,0,0.176470588,11342
"Total","Yasmani Grandal","2 Tms",140,392,355,76,54,15,0,7,27,34,31,0,73,3,3,0,11,1,0,0.214084507,11368
"Total","Drew Maggi","PIT",2,3,3,2,1,1,0,0,1,1,0,0,0,0,0,0,0,0,0,0.666666666,11381
"Total","Gary Sanchez","3 Tms",107,297,262,53,30,10,0,13,28,39,25,0,81,7,3,0,7,0,0,0.202290076,11442
"Total","Mark Canha","3 Tms",198,595,515,124,89,26,0,9,58,68,52,0,103,23,5,0,15,9,1,0.240776699,11445
"Total","Christian Yelich","MIL",197,659,567,174,110,38,3,23,118,92,86,9,138,3,2,0,12,35,4,0.306878306,11477
"Total","Henry Ramos","CIN",23,60,50,12,9,2,1,0,7,4,10,0,13,0,0,0,2,1,1,0.24,11481
"Total","Michael A. Taylor","2 Tms",155,391,356,73,51,9,0,13,41,37,26,0,135,2,2,5,8,18,2,0.205056179,11489
"Total","Manny Machado","SDP",214,705,649,164,107,26,0,31,86,105,50,3,135,1,5,0,32,5,1,0.252696456,11493
"Total","Bryce Harper","PHI",187,579,482,143,86,31,0,26,95,79,89,14,118,4,4,0,9,12,3,0.296680497,11579
"Total","Willson Contreras","STL",160,511,435,110,63,25,0,22,57,59,56,0,121,18,1,1,10,6,2,0.252873563,11609
"Total","Brandon Drury","LAA",155,499,461,111,60,28,3,20,55,73,24,0,123,9,5,0,14,0,2,0.240780911,11615
"Total","Elias Diaz","COL",190,552,510,153,110,29,0,14,49,79,34,1,123,4,4,0,9,1,0,0.3,11680
"Total","Nick Castellanos","PHI",240,753,699,172,107,36,2,27,85,96,44,0,194,4,6,0,23,11,4,0.246065808,11737
"Total","J.T. Realmuto","PHI",178,530,482,117,74,25,2,16,64,60,33,0,134,8,6,0,10,13,6,0.242738589,11739
"Total","Joc Pederson","2 Tms",192,610,515,135,82,24,3,26,84,85,73,6,128,12,6,1,14,4,1,0.262135922,11899
"Total","Hanser Alberto","CHW",26,74,68,13,8,3,0,2,7,10,4,0,12,0,1,1,1,0,0,0.19117647,11902
"Total","Nick Martini","CIN",74,196,174,41,24,5,2,10,26,37,13,0,41,5,3,0,2,1,2,0.235632183,12005
"Total","Jon Berti","2 Tms",133,336,304,86,68,10,2,6,38,31,25,2,57,2,3,2,10,14,4,0.282894736,12037
"Total","Niko Goodrum","2 Tms",11,25,23,2,2,0,0,0,0,0,1,0,9,0,0,1,0,1,0,0.086956521,12092
"Total","Juniel Querecuto","STL",5,13,13,1,0,1,0,0,1,0,0,0,3,0,0,0,0,0,0,0.076923076,12140
"Total","Max Kepler","MIN",187,598,534,141,82,33,1,25,83,84,51,0,122,6,6,0,7,2,1,0.264044943,12144
"Total","Nick Ahmed","2 Tms",88,188,173,42,28,12,1,1,15,18,9,0,43,1,2,3,3,2,1,0.242774566,12147
"Total","Eddie Rosario","2 Tms",205,652,610,143,81,34,3,25,84,91,39,1,154,0,3,0,14,10,4,0.234426229,12155
"Total","Austin Barnes","LAD",73,200,179,37,30,5,0,2,17,12,17,0,48,1,2,1,4,3,0,0.20670391,12158
"Total","Ben Gamel","2 Tms",9,19,18,2,2,0,0,0,1,0,1,0,3,0,0,0,0,0,0,0.111111111,12160
"Total","Xander Bogaerts","SDP",192,636,575,153,114,20,1,18,70,55,51,0,115,7,3,0,17,13,2,0.266086956,12161
"Total","Miguel Sano","LAA",25,74,66,13,9,2,0,2,8,6,5,0,33,2,1,0,1,0,0,0.196969696,12164
"Total","Jorge Alfaro","2 Tms",15,34,32,2,0,1,0,1,2,4,0,0,11,2,0,0,2,0,0,0.0625,12180
"Total","Rougned Odor","SDP",56,139,121,25,13,8,0,4,20,18,16,0,30,2,0,0,2,2,1,0.20661157,12282
"Total","Jace Peterson","2 Tms",137,390,338,70,52,8,4,6,34,35,44,2,90,4,3,1,7,15,2,0.207100591,12325
"Total","Tommy La Stella","SEA",11,21,18,4,3,1,0,0,2,2,3,0,5,0,0,0,0,0,0,0.222222222,12371
"Total","Taylor Motter","STL",19,52,49,9,8,1,0,0,3,1,3,0,17,0,0,0,0,0,0,0.183673469,12399
"Total","Kevin Pillar","3 Tms",87,197,178,38,24,7,0,7,29,32,11,0,40,4,3,1,4,7,2,0.213483146,12434
"Total","Curt Casali","2 Tms",37,87,71,13,12,1,0,0,9,7,10,0,21,3,0,3,1,0,0,0.183098591,12510
"Total","Kolten Wong","2 Tms",78,210,187,36,27,6,0,3,22,24,16,0,42,4,3,0,1,3,2,0.192513368,12532
"Total","Marcus Semien","TEX",239,821,737,184,115,33,2,34,127,113,74,1,114,3,6,0,9,12,3,0.249660786,12533
"Total","C.J. Cron","2 Tms",66,203,191,45,31,6,0,8,29,26,9,0,47,1,2,0,10,0,0,0.235602094,12546
"Total","Eugenio Suarez","2 Tms",238,772,675,150,91,32,2,25,75,111,67,0,227,19,11,0,5,4,1,0.222222222,12552
"Total","Trevor Story","BOS",49,157,148,30,19,9,0,2,7,14,8,0,50,1,0,0,1,7,4,0.202702702,12564
"Total","Brad Miller","TEX",23,59,48,10,6,4,0,0,7,4,10,0,7,0,1,0,1,0,0,0.208333333,12775
"Total","George Springer","TOR",224,796,716,176,121,30,1,24,96,80,69,1,147,7,3,0,25,23,4,0.245810055,12856
"Total","James McCann","BAL",81,182,161,39,26,10,0,3,24,19,11,0,45,5,2,3,4,4,1,0.242236024,12859
"Total","Anthony Rendon","LAA",59,192,161,41,34,6,0,1,25,16,20,0,29,6,5,0,3,3,1,0.254658385,12861
"Total","Francisco Lindor","NYM",229,772,677,161,91,43,2,25,112,92,73,0,159,14,8,0,7,34,6,0.237813884,12916
"Total","Brandon Nimmo","NYM",214,709,596,154,91,26,6,31,111,89,101,1,165,10,1,1,7,8,3,0.258389261,12927
"Total","Austin Hedges","3 Tms",75,169,152,30,24,6,0,0,12,15,7,0,44,1,2,6,4,2,0,0.197368421,12976
"Total","Michael Perez","NYM",2,6,6,4,3,1,0,0,1,0,0,0,0,0,0,0,0,0,0,0.666666666,12977
"Total","Javier Baez","DET",177,558,527,109,78,22,3,6,47,62,16,0,135,9,5,0,16,14,1,0.206831119,12979
"Total","Cam Gallagher","CLE",38,97,92,11,8,3,0,0,6,5,3,0,35,1,1,0,3,0,0,0.119565217,12981
"Total","Jackie Bradley Jr.","KCR",32,77,73,10,6,3,0,1,5,3,2,0,17,2,0,0,3,0,0,0.136986301,12984
"Total","Teoscar Hernandez","2 Tms",240,804,730,184,120,31,3,30,81,107,56,0,242,11,6,0,9,9,2,0.252054794,13066
"Total","Josh Bell","2 Tms",214,670,602,144,100,24,1,19,63,70,54,1,143,7,4,0,13,0,0,0.239202657,13145
"Total","Jorge Polanco","2 Tms",128,419,360,76,44,17,0,15,41,43,52,1,131,4,3,0,4,5,1,0.211111111,13152
"Total","Orlando Arcia","ATL",215,648,605,149,102,32,0,15,63,66,32,0,121,5,6,0,20,1,0,0.246280991,13185
"Total","Michael Fulmer","CHC",1,1,1,0,0,0,0,0,0,0,0,0,1,0,0,0,0,0,0,0,13218
"Total","Mike Zunino","CLE",35,92,84,12,5,5,0,2,3,6,7,0,40,1,0,0,2,0,0,0.142857142,13265
"Total","Max Muncy","LAD",162,522,428,103,47,23,1,32,90,103,84,6,146,1,9,0,5,1,1,0.240654205,13301
"Total","Ildemaro Vargas","WSN",128,286,252,57,45,10,1,1,31,25,24,0,19,0,4,6,10,4,4,0.226190476,13324
"Total","Jake Lamb","LAA",17,53,51,11,8,1,0,2,7,5,2,0,15,0,0,0,1,0,0,0.215686274,13329
"Total","Omar Narvaez","NYM",66,182,165,30,22,6,0,2,12,12,14,0,30,0,3,0,3,0,0,0.181818181,13338
"Total","Luke Maile","CIN",87,220,194,39,26,9,0,4,13,21,16,0,64,9,0,1,8,4,0,0.201030927,13355
"Total","Tyler Naquin","CHW",3,5,5,0,0,0,0,0,0,0,0,0,5,0,0,0,0,0,0,0,13359
"Total","Christian Walker","ARI",238,778,687,178,94,44,2,38,104,114,69,2,163,11,10,0,12,12,2,0.259097525,13419
"Total","Tom Murphy","2 Tms",45,109,100,26,12,8,0,6,11,10,6,0,30,0,2,0,4,0,0,0.26,13499
"Total","Jose Ramirez","CLE",222,708,628,173,107,33,6,27,99,99,72,15,81,2,6,0,7,27,4,0.275477707,13510
"Total","Jesse Winker","2 Tms",138,421,348,85,60,15,0,10,52,55,60,1,91,9,2,2,5,6,3,0.244252873,13590
"Total","Patrick Wisdom","CHC",92,210,182,34,11,9,0,14,28,30,23,0,76,2,1,2,1,3,2,0.186813186,13602
"Total","Mookie Betts","LAD",205,729,619,190,119,36,3,32,119,102,100,0,107,6,4,0,5,16,3,0.306946688,13611
"Total","Ketel Marte","ARI",214,691,597,155,97,24,8,26,102,96,79,1,134,3,12,0,14,8,1,0.25963149,13613
"Total","Carson Kelly","2 Tms",86,246,225,50,36,7,1,6,21,33,16,0,57,4,1,0,2,1,0,0.222222222,13620
"Total","Jeimer Candelario","3 Tms",206,628,565,139,65,40,5,29,75,82,46,0,146,10,6,0,9,11,3,0.246017699,13621
"Total","Corey Seager","TEX",182,592,509,160,85,37,0,38,92,108,74,16,84,3,6,0,7,3,0,0.314341846,13624
"Total","Tyrone Taylor","2 Tms",119,285,264,61,32,18,0,11,46,41,12,0,62,6,2,1,7,10,1,0.231060606,13675
"Total","Jacob Stallings","2 Tms",118,323,281,56,40,13,0,3,23,26,32,0,73,5,2,3,13,0,0,0.199288256,13723
"Total","David Dahl","2 Tms",22,59,57,12,6,2,0,4,6,8,2,0,19,0,0,0,0,0,0,0.210526315,13744
"Total","Tomas Nido","2 Tms",48,106,102,20,14,3,0,3,12,6,3,0,24,0,0,1,2,0,0,0.196078431,13755
"Total","Chris Taylor","LAD",132,314,280,63,45,10,1,7,37,42,31,0,99,3,0,0,1,11,2,0.225,13757
"Total","Travis Jankowski","TEX",134,378,334,86,71,12,1,2,39,39,38,0,62,4,2,0,9,22,2,0.257485029,13768
"Total","Rob Refsnyder","BOS",94,197,169,39,26,11,1,1,22,19,18,0,47,5,2,1,7,4,3,0.23076923,13770
"Total","Matt Reynolds","CIN",2,1,1,0,0,0,0,0,1,0,0,0,1,0,0,0,0,0,0,0,13788
"Total","Matt Duffy","KCR",50,104,97,22,18,3,0,1,11,8,4,0,21,1,2,0,3,1,0,0.226804123,13836
"Total","Joey Wendle","2 Tms",108,315,295,63,44,14,3,2,28,20,13,0,67,2,3,2,6,8,1,0.213559322,13853
"Total","Anthony Bemboom","BAL",4,10,9,2,2,0,0,0,0,0,1,0,1,0,0,0,0,0,0,0.222222222,13854
"Total","Tyler Heineman","3 Tms",18,41,35,7,6,1,0,0,4,0,5,0,7,1,0,0,0,1,0,0.2,13897
"Total","Eric Haase","3 Tms",74,221,204,47,37,7,0,3,19,22,15,0,57,0,1,1,9,2,1,0.230392156,14111
"Total","Joey Gallo","2 Tms",143,387,324,58,22,13,1,22,47,45,59,1,165,3,1,0,2,2,1,0.179012345,14128
"Total","Daniel Vogelbach","2 Tms",133,377,326,76,50,12,0,14,34,56,49,1,89,2,0,0,9,0,0,0.233128834,14130
"Total","Byron Buxton","MIN",142,439,392,92,48,22,2,20,70,60,33,1,130,11,3,0,6,12,2,0.234693877,14161
"Total","Carlos Correa","MIN",197,663,589,148,90,36,3,19,78,81,64,1,151,5,5,0,28,0,0,0.251273344,14162
"Total","Andrew Velazquez","LAA",37,65,57,9,6,1,0,2,7,2,6,0,26,0,0,2,0,8,3,0.157894736,14196
"Total","Jorge Soler","2 Tms",208,669,591,136,77,30,0,29,78,76,66,3,166,5,6,0,19,1,0,0.230118443,14221
"Total","Mitch Haniger","2 Tms",123,360,326,70,39,18,0,13,38,49,29,0,103,3,2,0,7,0,0,0.214723926,14274
"Total","Matt Olson","ATL",235,787,664,179,92,34,2,51,127,135,117,10,186,5,1,0,9,1,0,0.269578313,14344
"Total","Raimel Tapia","3 Tms",59,140,125,33,25,4,1,3,25,12,13,0,29,0,1,0,2,10,2,0.264,14350
"Total","Joey Meneses","WSN",214,684,629,166,124,29,0,13,67,99,43,0,137,5,7,0,14,0,0,0.263910969,14366
"Total","Harold Ramirez","2 Tms",154,433,399,109,83,16,2,8,54,67,21,0,83,6,7,0,5,7,4,0.273182957,14387
"Total","Jake Cave","2 Tms",117,321,292,74,52,12,4,6,37,33,24,1,78,1,4,0,8,5,1,0.253424657,14477
"Total","Anthony Santander","BAL",226,743,682,170,88,40,2,40,96,118,48,1,148,9,4,0,7,5,1,0.249266862,14551
"Total","Franmil Reyes","KCR",15,42,37,7,6,0,0,1,3,4,4,0,16,0,1,0,1,0,0,0.189189189,14566
"Total","Franchy Cordero","NYY",22,65,63,11,4,2,0,5,8,12,2,0,23,0,0,0,0,0,0,0.174603174,14567
"Total","David Bote","CHC",8,14,13,5,5,0,0,0,2,0,1,0,5,0,0,0,0,0,0,0.384615384,14593
"Total","Harold Castro","COL",86,234,223,61,48,12,0,1,21,28,9,0,53,0,1,1,4,1,0,0.2735426,14691
"Total","Manuel Margot","2 Tms",136,342,313,73,49,20,1,3,41,32,21,0,51,7,1,0,7,9,3,0.233226837,14712
"Total","Brett Phillips","LAA",23,54,49,10,6,1,0,3,7,4,5,0,30,0,0,0,0,1,1,0.204081632,14735
"Total","Yu Chang","BOS",34,88,82,13,8,1,0,4,8,14,3,0,27,1,0,2,2,4,0,0.158536585,14773
"Total","Luke Voit","MIL",18,41,35,12,10,2,0,0,5,4,4,0,7,2,0,0,2,2,0,0.342857142,14811
"Total","Kyle Farmer","MIN",137,320,291,64,41,13,1,9,44,39,20,0,77,9,0,0,5,1,4,0.219931271,14813
"Total","Mike Yastrzemski","SFG",165,483,420,99,49,27,4,19,67,55,56,4,128,4,1,2,5,2,1,0.235714285,14854
"Total","Tony Kemp","2 Tms",123,362,316,59,43,11,1,4,35,21,35,0,33,5,3,3,9,11,3,0.18670886,14894
"Total","Johan Camargo","SFG",6,15,13,2,2,0,0,0,0,2,1,0,3,1,0,0,2,0,0,0.153846153,14950
"Total","Victor Caratini","2 Tms",94,260,233,58,41,5,1,11,28,36,20,0,47,3,4,0,7,1,0,0.248927038,14968
"Total","Jonathan Davis","MIA",30,85,75,16,11,3,0,2,19,10,5,0,26,1,2,1,1,1,2,0.213333333,15104
"Total","Ryan McMahon","COL",226,707,620,162,94,37,3,28,95,91,79,4,209,1,5,0,15,7,6,0.261290322,15112
"Total","Hunter Dozier","KCR",24,61,57,10,8,1,1,0,5,7,3,0,21,0,1,0,0,2,0,0.175438596,15117
"Total","Tim Locastro","NYM",20,19,16,6,4,1,0,1,6,2,1,0,5,2,0,0,0,6,0,0.375,15124
"Total","Trey Mancini","CHC",62,151,138,33,25,6,0,2,17,14,10,0,43,0,1,0,3,0,0,0.239130434,15149
"Total","Mitch Garver","2 Tms",156,473,413,86,46,15,0,25,51,60,51,0,144,6,2,0,12,0,0,0.208232445,15161
"Total","Tim Anderson","2 Tms",172,538,512,110,95,13,2,0,39,26,21,0,137,3,2,0,15,9,4,0.21484375,15172
"Total","Jake Bauers","2 Tms",142,422,370,77,38,20,1,18,45,57,46,1,143,3,3,0,2,10,3,0.208108108,15194
"Total","Brandon Dixon","SDP",21,44,41,10,6,3,0,1,5,2,0,0,15,3,0,0,1,1,0,0.243902439,15214
"Total","Adam Frazier","2 Tms",192,532,481,113,74,24,2,13,60,58,39,0,88,5,2,4,3,9,4,0.234927234,15223
"Total","Austin Wynns","3 Tms",41,102,91,18,13,4,0,1,10,6,6,0,24,2,1,2,2,1,0,0.197802197,15271
"Total","Mike Tauchman","CHC",167,549,462,118,83,22,1,12,83,59,78,1,114,5,4,0,6,8,2,0.255411255,15274
"Total","Garrett Cooper","4 Tms",140,413,381,84,56,16,0,12,31,45,28,0,117,3,1,0,16,0,0,0.22047244,15279
"Total","Jeff McNeil","NYM",217,656,597,143,103,25,2,13,78,53,41,0,73,13,4,1,7,8,1,0.239530988,15362
"Total","Kris Bryant","COL",98,337,295,67,51,7,0,9,33,33,33,0,80,9,0,0,10,0,0,0.227118644,15429
"Total","Hunter Renfroe","3 Tms",189,574,519,119,63,34,0,22,59,67,52,0,122,2,1,0,16,0,0,0.22928709,15464
"Total","J.P. Crawford","SEA",197,647,544,129,74,34,1,20,86,59,92,1,135,5,3,3,5,5,0,0.237132352,15491
"Total","Jamie Westbrook","BOS",6,7,6,1,1,0,0,0,0,1,0,0,3,0,1,0,0,0,0,0.166666666,15504
"Total","Amed Rosario","3 Tms",175,498,469,124,95,17,8,4,60,52,23,0,95,3,3,0,13,11,2,0.264392324,15518
"Total","Mike Ford","2 Tms",96,271,242,49,26,5,1,17,31,36,22,0,85,6,1,0,4,0,0,0.202479338,15585
"Total","Aaron Judge","NYY",188,682,556,157,70,34,1,52,123,119,117,12,183,4,4,0,12,6,1,0.2823741,15640
"Total","Dominic Smith","2 Tms",188,568,504,125,87,25,1,12,55,50,49,1,93,13,2,0,12,2,2,0.248015873,15653
"Total","Billy McKinney","NYY",46,137,119,26,16,3,1,6,19,13,16,1,36,1,1,0,1,0,0,0.218487394,15654
"Total","Austin Meadows","DET",4,14,14,2,2,0,0,0,0,2,0,0,2,0,0,0,0,0,0,0.142857142,15672
"Total","Reese McGuire","BOS",111,304,272,63,46,13,1,3,17,22,23,0,77,1,3,2,4,4,1,0.231617647,15674
"Total","Jose Abreu","HOU",159,491,451,98,72,13,1,12,50,71,28,0,116,7,5,0,13,0,1,0.2172949,15676
"Total","Rowdy Tellez","2 Tms",168,501,453,109,73,16,1,19,48,71,41,2,110,1,6,0,16,1,0,0.240618101,15679
"Total","Luis Castillo","SEA",1,1,1,0,0,0,0,0,0,0,0,0,1,0,0,0,0,0,0,0,15689
"Total","Tyler O'Neill","2 Tms",124,364,331,76,47,14,0,15,49,35,30,1,110,2,1,0,8,4,0,0.22960725,15711
"Total","Tyler Wade","2 Tms",74,148,133,34,30,3,1,0,20,7,11,0,33,1,0,2,0,10,1,0.255639097,15730
"Total","Yonathan Daza","COL",20,51,45,12,8,4,0,0,7,5,3,0,8,1,1,1,3,0,0,0.266666666,15794
"Total","Miguel Andujar","2 Tms",61,191,182,46,32,10,0,4,15,24,8,0,29,0,1,0,4,2,1,0.252747252,15878
"Total","Luis Torrens","3 Tms",19,35,32,8,4,3,0,1,6,8,2,0,6,1,0,0,0,0,0,0.25,15905
"Total","Aledmys Diaz","OAK",91,227,211,43,29,11,1,2,13,13,8,0,46,6,1,1,5,1,0,0.203791469,15937
"Total","Austin Nola","SDP",40,100,81,9,8,0,0,1,7,7,13,0,24,2,0,4,2,0,0,0.111111111,15941
"Total","Clint Frazier","CHW",18,31,24,4,4,0,0,0,7,0,7,0,9,0,0,0,0,4,1,0.166666666,15983
"Total","Willy Adames","MIL",229,771,679,152,87,33,1,31,91,106,76,0,184,6,8,0,15,13,2,0.223858615,15986
"Total","Cody Bellinger","CHC",195,605,539,147,94,30,0,23,88,84,50,7,98,5,11,0,12,13,4,0.272727272,15998
"Total","Austin Slater","SFG",59,87,74,18,14,2,0,2,8,9,11,0,27,1,1,0,1,0,1,0.243243243,16153
"Total","J.D. Davis","3 Tms",167,490,430,105,70,20,1,14,55,54,46,0,132,8,4,0,14,0,0,0.244186046,16219
"Total","Trea Turner","PHI",195,624,583,171,113,33,4,21,95,67,35,0,133,6,0,0,8,32,0,0.293310463,16252
"Total","Kyle Freeland","COL",1,0,0,0,0,0,0,0,0,0,0,0,0,0,0,0,0,0,0,0,16256
"Total","Nick Gordon","2 Tms",104,280,267,57,35,11,2,9,31,33,10,0,56,0,2,1,4,5,4,0.213483146,16337
"Total","Pablo Reyes","BOS",69,170,153,37,30,5,0,2,22,17,13,0,28,1,1,2,3,6,4,0.241830065,16357
"Total","Oscar Mercado","STL",11,21,20,4,2,2,0,0,2,0,1,0,3,0,0,0,0,1,0,0.2,16375
"Total","Michael Conforto","SFG",185,558,481,114,69,24,2,19,66,68,67,5,120,5,5,0,11,2,0,0.237006237,16376
"Total","Francisco Mejia","TBR",44,129,120,28,13,10,0,5,18,19,6,0,32,1,2,0,2,0,0,0.233333333,16403
"Total","Jordan Luplow","2 Tms",19,30,26,4,4,0,0,0,4,1,3,0,8,1,0,0,1,1,0,0.153846153,16424
"Total","Thairo Estrada","SFG",188,604,568,149,97,30,2,20,79,68,21,0,128,12,3,0,14,18,5,0.262323943,16426
"Total","Christian Arroyo","BOS",49,141,131,34,21,12,0,1,15,15,6,0,27,1,2,1,4,1,3,0.259541984,16434
"Total","Ryan O'Hearn","BAL",182,590,547,160,105,31,1,23,77,92,36,4,101,3,4,0,5,7,1,0.29250457,16442
"Total","Luis Guillorme","3 Tms",74,192,171,42,29,11,1,1,14,14,18,1,34,0,2,1,8,1,1,0.245614035,16451
"Total","Rhys Hoskins","MIL",66,218,189,43,26,7,0,10,23,33,22,0,58,5,1,0,6,2,0,0.227513227,16472
"Total","Kyle Schwarber","PHI",215,681,549,108,46,19,1,42,108,98,121,7,191,5,6,0,4,0,2,0.196721311,16478
"Total","Forrest Wall","ATL",19,40,35,9,7,2,0,0,6,1,5,0,10,0,0,0,0,6,4,0.257142857,16496
"Total","Matt Chapman","2 Tms",223,742,651,141,75,43,2,21,91,65,79,1,208,10,2,0,10,8,1,0.216589861,16505
"Total","Isiah Kiner-Falefa","2 Tms",164,476,439,116,86,17,2,11,48,57,27,0,82,4,3,3,13,13,6,0.264236902,16512
"Total","Mauricio Dubon","HOU",186,542,515,139,98,32,1,8,73,53,18,0,75,3,5,1,9,7,2,0.269902912,16530
"Total","Danny Jansen","TOR",120,370,328,74,36,23,0,15,44,46,30,0,72,11,1,0,3,0,0,0.225609756,16535
"Total","Ozzie Albies","ATL",220,776,690,168,97,34,5,32,102,119,63,2,131,12,9,0,9,13,1,0.24347826,16556
"Total","Connor Joe","PIT",177,459,409,94,55,26,3,10,59,36,42,0,110,7,1,0,6,4,5,0.22982885,16572
"Total","Yandy Diaz","TBR",216,757,674,198,142,37,1,18,95,78,73,0,120,9,1,0,21,0,1,0.293768545,16578
"Total","Kevin Padlo","LAA",2,2,2,0,0,0,0,0,0,0,0,0,0,0,0,0,1,0,0,0,16593
"Total","Luis Urias","3 Tms",62,176,148,27,17,8,0,2,14,18,17,0,44,10,0,0,3,0,0,0.182432432,16622
"Total","Greg Allen","NYY",15,23,19,5,2,1,1,1,5,1,1,0,7,2,0,1,0,3,1,0.263157894,16623
"Total","Brian O'Keefe","SEA",8,15,13,2,0,2,0,0,0,2,2,0,3,0,0,0,2,0,0,0.153846153,16680
"Total","Jason Vosler","CIN",17,52,49,7,3,2,0,2,4,5,3,0,21,0,0,0,0,0,0,0.142857142,16686
"Total","Jose Trevino","NYY",91,225,209,47,37,4,0,6,21,25,11,0,36,3,1,1,10,0,0,0.224880382,16725
"Total","Jonah Heim","TEX",199,621,570,140,91,28,0,21,69,98,46,2,128,2,3,0,12,2,0,0.245614035,16930
"Total","Lane Thomas","WSN",206,679,622,145,90,27,4,24,89,83,37,0,191,11,9,0,3,21,11,0.233118971,16939
"Total","Derek Hill","2 Tms",21,58,55,9,9,0,0,0,0,2,3,0,15,0,0,0,0,2,0,0.163636363,16947
"Total","Chadwick Tromp","ATL",20,54,52,13,7,6,0,0,3,5,1,0,19,0,1,0,1,0,0,0.25,16953
"Total","Gleyber Torres","NYY",238,811,726,188,129,36,2,21,97,78,72,0,138,4,8,1,18,12,5,0.258953168,16997
"Total","Edmundo Sosa","PHI",115,275,254,61,41,11,2,7,30,29,8,0,69,8,2,2,9,6,1,0.24015748,17022
"Total","Alex Verdugo","2 Tms",217,700,643,173,101,48,4,20,97,79,47,1,102,2,8,0,11,2,2,0.269051321,17027
"Total","Jose Herrera","ARI",41,101,87,18,15,3,0,0,10,8,11,0,22,0,1,2,2,0,0,0.206896551,17040
"Total","Meibrys Viloria","CLE",3,4,3,0,0,0,0,0,0,0,1,0,0,0,0,0,1,0,0,0,17109
"Total","Ramon Laureano","3 Tms",114,332,290,55,37,10,2,6,33,24,30,0,100,11,1,0,5,7,0,0.189655172,17128
"Total","Chad Wallach","LAA",47,109,99,17,11,2,1,3,7,4,8,0,37,0,0,2,3,0,1,0.171717171,17161
"Total","Yoan Moncada","CHW",96,315,292,75,45,20,2,8,36,28,20,0,89,2,1,0,5,2,0,0.256849315,17232
"Total","Jorge Mateo","BAL",139,318,289,53,31,15,1,6,47,32,17,0,84,0,6,5,8,18,6,0.183391003,17273
"Total","Alex Jackson","TBR",23,53,49,3,0,2,0,1,4,3,3,0,22,0,0,1,1,0,0,0.061224489,17276
"Total","Michael Chavis","WSN",25,26,25,4,4,0,0,0,8,0,1,0,10,0,0,0,1,0,0,0.16,17321
"Total","Cole Tucker","2 Tms",17,39,33,8,3,4,1,0,4,3,4,0,10,1,1,0,0,2,1,0.242424242,17326
"Total","Willi Castro","MIN",190,555,480,122,74,27,9,12,84,47,49,1,136,21,4,1,6,32,7,0.254166666,17338
"Total","Rafael Devers","BOS",220,687,592,168,89,35,2,42,107,112,83,17,126,6,6,0,19,5,0,0.283783783,17350
"Total","Jose Siri","TBR",167,472,429,93,47,17,2,27,69,61,32,0,165,7,2,2,7,18,9,0.216783216,17452
"Total","Eloy Jimenez","CHW",160,535,498,128,87,21,0,20,53,60,35,1,105,0,2,0,16,1,0,0.257028112,17484
"Total","Taylor Ward","LAA",174,587,511,112,69,23,0,20,76,66,60,0,135,10,6,0,13,5,4,0.219178082,17548
"Total","Myles Straw","CLE",129,366,323,77,61,13,2,1,37,23,32,0,71,2,5,4,7,14,5,0.238390092,17620
"Total","Alex Bregman","HOU",230,765,667,187,124,34,4,25,104,94,87,0,106,8,3,0,22,3,1,0.28035982,17678
"Total","Kevin Newman","2 Tms",109,264,241,62,48,13,0,1,27,27,13,0,38,3,4,3,7,7,2,0.25726141,17696
"Total","Matt Beaty","2 Tms",27,65,55,14,10,4,0,0,7,4,6,0,12,4,0,0,1,0,0,0.254545454,17710
"Total","Josh Lester","BAL",9,21,20,4,4,0,0,0,0,4,1,0,7,0,0,0,1,0,0,0.2,17737
"Total","DJ Stewart","NYM",111,289,245,56,30,11,0,15,29,40,35,0,78,6,2,0,6,1,1,0.228571428,17766
"Total","Jakson Reetz","SFG",3,6,6,0,0,0,0,0,0,0,0,0,2,0,0,0,1,0,0,0,17837
"Total","Willie Calhoun","2 Tms",95,298,269,72,45,20,0,7,32,27,27,2,39,0,2,0,4,0,1,0.267657992,17838
"Total","Tyler Nevin","2 Tms",79,190,164,32,24,4,1,3,16,11,21,0,45,4,1,0,4,1,0,0.195121951,17893
"Total","Andrew Benintendi","CHW",207,698,634,159,118,33,1,7,72,49,58,6,101,2,4,0,15,14,3,0.250788643,17901
"Total","Brendan Rodgers","COL",109,353,332,89,64,18,2,5,34,35,19,1,84,1,1,0,8,1,0,0.268072289,17907
"Total","Ian Happ","CHC",231,772,638,160,89,42,4,25,93,101,120,3,184,8,6,0,6,18,4,0.250783699,17919
"Total","Isan Diaz","2 Tms",8,24,22,1,1,0,0,0,0,1,2,0,8,0,0,0,0,0,0,0.045454545,17922
"Total","Cedric Mullins","BAL",181,542,492,115,67,23,4,21,69,80,42,1,125,2,5,0,4,30,5,0.233739837,17929
"Total","Andrew Stevenson","MIN",17,34,31,6,5,1,0,0,4,1,2,0,7,1,0,0,0,3,1,0.193548387,17932
"Total","Sam Hilliard","2 Tms",40,80,73,18,11,5,0,2,17,5,6,0,32,0,0,1,1,5,1,0.246575342,17954
"Total","Ty France","SEA",224,727,636,148,102,33,0,13,72,55,53,0,143,36,2,0,27,0,0,0.232704402,17982
"Total","Tyler Stephenson","CIN",198,547,487,111,75,22,2,12,58,55,50,0,140,8,2,0,15,1,1,0.227926078,17988
"Total","David Fletcher","2 Tms",30,69,63,17,15,1,0,1,5,9,5,0,5,0,0,1,0,0,0,0.269841269,17992
"Total","Paul DeJong","4 Tms",173,511,478,109,67,18,0,24,56,57,22,0,155,10,1,0,15,5,4,0.228033472,18015
"Total","Harrison Bader","3 Tms",156,415,387,94,72,15,0,7,51,44,16,0,83,6,5,1,8,26,8,0.242894056,18030
"Total","Mark Mathias","2 Tms",12,22,20,4,4,0,0,0,1,4,2,0,4,0,0,0,3,1,0,0.2,18032
"Total","Jake Cronenworth","SDP",203,626,549,140,83,33,5,19,78,79,56,2,101,10,6,2,11,6,3,0.255009107,18036
"Total","Dylan Moore","SEA",108,244,208,41,21,10,2,8,29,23,24,0,76,10,1,1,6,14,2,0.197115384,18042
"Total","Sam Haggerty","SEA",26,38,32,8,7,1,0,0,4,1,6,0,10,0,0,0,0,6,0,0.25,18054
"Total","Kyle Garlick","MIN",4,8,7,2,0,1,0,1,1,2,1,0,1,0,0,0,0,0,0,0.285714285,18063
"Total","Garrett Stubbs","PHI",66,166,151,30,22,5,1,2,18,15,12,0,43,2,0,1,0,5,0,0.198675496,18067
"Total","Nathan Lukes","TOR",16,26,22,5,3,1,1,0,2,2,3,0,6,0,1,0,0,0,0,0.227272727,18123
"Total","LaMonte Wade Jr.","SFG",187,607,498,134,96,17,2,19,81,55,98,5,117,7,4,0,6,2,1,0.269076305,18126
"Total","Seth Brown","OAK",170,492,449,96,55,21,1,19,42,61,39,1,142,1,2,1,7,5,2,0.213808463,18171
"Total","Brett Sullivan","SDP",35,79,76,14,11,3,0,0,4,4,2,0,17,0,1,0,0,0,0,0.184210526,18217
"Total","Brian Anderson","2 Tms",88,273,242,57,37,11,2,7,31,34,25,0,82,3,3,0,10,0,2,0.23553719,18289
"Total","Dansby Swanson","CHC",216,724,646,147,95,28,3,21,78,77,70,1,181,6,2,0,11,8,1,0.227554179,18314
"Total","Edwin Rios","2 Tms",18,34,28,2,0,1,0,1,3,2,5,0,16,1,0,0,0,0,0,0.071428571,18316
"Total","Josh Sborz","TEX",1,1,1,0,0,0,0,0,0,0,0,0,1,0,0,0,0,0,0,0,18323
"Total","Kyle Tucker","HOU",199,598,495,139,78,29,2,30,102,90,88,10,88,1,7,0,10,29,3,0.28080808,18345
"Total","Daz Cameron","OAK",20,56,52,7,6,0,0,1,6,2,3,0,13,1,0,0,2,1,0,0.134615384,18353
"Total","Austin Riley","ATL",226,784,708,198,120,39,5,34,125,99,57,2,191,11,8,0,13,3,1,0.279661016,18360
"Total","Victor Robles","2 Tms",47,117,96,24,19,3,1,1,12,8,12,0,21,4,1,4,3,10,1,0.25,18363
"Total","Ryan Mountcastle","BAL",180,546,501,123,82,25,2,14,66,66,34,0,132,3,8,0,14,3,0,0.245508982,18373
"Total","Travis Blankenhorn","WSN",10,31,26,4,3,0,0,1,2,1,5,0,6,0,0,0,0,0,0,0.153846153,18395
"Total","Juan Yepez","2 Tms",17,38,34,8,5,3,0,0,2,1,3,0,11,1,0,0,2,0,1,0.235294117,18400
"Total","Ronald Acuna Jr.","ATL",201,754,660,213,139,34,5,35,151,95,81,0,107,11,2,0,15,72,13,0.322727272,18401
"Total","Ali Sanchez","MIA",7,18,15,4,4,0,0,0,0,0,1,0,4,1,0,1,0,0,0,0.266666666,18551
"Total","Trent Grisham","2 Tms",178,500,419,73,35,23,1,14,62,46,70,1,145,5,2,2,8,11,2,0.174224343,18564
"Total","Luis Arraez","2 Tms",214,720,670,234,186,34,4,10,90,65,41,11,24,5,3,1,22,6,3,0.349253731,18568
"Total","Ke'Bryan Hayes","PIT",178,551,513,121,85,24,4,8,59,50,33,0,116,2,3,0,10,11,5,0.235867446,18577
"Total","Jared Walsh","2 Tms",50,148,133,21,13,3,0,5,17,17,14,0,59,1,0,0,3,0,0,0.157894736,18607
"Total","Ramon Urias","BAL",136,373,341,90,64,17,2,7,46,31,25,0,88,6,1,0,5,1,0,0.263929618,18795
"Total","Andy Ibanez","DET",118,320,298,73,51,16,1,5,32,30,20,0,66,1,0,1,7,0,1,0.244966442,18819
"Total","Jose Azocar","SDP",58,83,74,20,15,3,0,2,16,9,6,0,21,1,0,2,1,7,1,0.27027027,18821
"Total","Josh Naylor","CLE",191,588,524,150,92,30,0,28,71,121,49,13,89,4,10,0,17,5,2,0.286259541,18839
"Total","Jahmai Jones","2 Tms",18,22,18,3,3,0,0,0,3,1,1,0,7,2,0,1,0,1,1,0.166666666,18872
"Total","Brandon Lowe","TBR",147,508,438,101,53,19,3,26,70,78,58,1,138,9,3,0,11,8,0,0.230593607,18882
"Total","Seby Zavala","3 Tms",69,165,150,23,14,3,0,6,16,14,11,0,58,1,1,2,5,0,0,0.153333333,18887
"Total","Danny Mendick","2 Tms",42,112,106,16,10,4,0,2,11,6,4,0,28,2,0,0,4,3,0,0.150943396,18889
"Total","Leody Taveras","TEX",218,630,581,155,102,32,5,16,73,68,43,0,126,0,4,2,5,17,5,0.266781411,18900
"Total","Estevan Florial","2 Tms",52,158,137,24,13,5,3,3,15,15,17,0,54,2,1,1,1,5,1,0.175182481,19151
"Total","Zack Collins","CLE",1,1,0,0,0,0,0,0,0,0,1,0,0,0,0,0,0,0,0,0,19181
"Total","Will Smith","LAD",191,631,543,139,91,23,3,22,90,92,59,0,110,16,13,0,8,0,1,0.255985267,19197
"Total","Yuli Gurriel","MIA",89,223,205,50,30,15,2,3,24,16,16,1,32,1,1,0,10,3,0,0.243902439,19198
"Total","Taylor Kohlwey","SDP",5,12,12,2,2,0,0,0,0,0,0,0,4,0,0,0,0,0,0,0.166666666,19212
"Total","Lourdes Gurriel Jr.","ARI",211,680,638,155,89,36,2,28,76,98,31,0,137,7,4,0,23,5,1,0.242946708,19238
"Total","Pete Alonso","NYM",229,750,655,148,74,27,2,45,97,122,71,5,164,19,5,0,22,4,0,0.225954198,19251
"Total","Cavan Biggio","2 Tms",156,432,366,77,53,13,0,11,60,42,49,0,118,14,1,0,0,7,1,0.210382513,19252
"Total","Jake Fraley","CIN",168,514,460,123,83,23,2,15,55,70,47,2,102,5,2,0,8,28,8,0.267391304,19260
"Total","Garrett Hampson","2 Tms",108,230,206,58,47,7,1,3,30,18,16,0,64,3,2,3,2,5,0,0.281553398,19262
"Total","Stone Garrett","WSN",65,129,112,31,21,8,0,2,19,13,14,0,37,1,2,0,2,1,1,0.276785714,19273
"Total","Adolis Garcia","TEX",224,718,645,148,75,31,0,42,110,107,58,0,203,8,7,0,13,15,3,0.229457364,19287
"Total","Randy Arozarena","TBR",229,780,662,155,101,28,3,23,97,86,88,0,192,23,7,0,11,23,14,0.234138972,19290
"Total","Armando Alvarez","OAK",6,16,14,4,4,0,0,0,5,1,2,0,2,0,0,0,1,1,0,0.285714285,19292
"Total","Nick Senzel","2 Tms",134,373,331,61,41,12,0,8,44,33,37,0,96,2,2,0,7,3,1,0.18429003,19293
"Total","Nick Solak","ATL",1,0,0,0,0,0,0,0,1,0,0,0,0,0,0,0,0,0,0,0,19294
"Total","Alex Call","WSN",110,289,247,43,31,7,1,4,31,24,32,0,52,7,0,3,0,7,5,0.174089068,19296
"Total","Matt Thaiss","LAA",119,336,288,64,43,11,0,10,37,35,41,1,95,4,3,0,4,2,0,0.222222222,19318
"Total","Bryan Reynolds","PIT",225,711,624,164,91,35,8,30,91,89,70,3,156,11,6,0,8,10,0,0.262820512,19326
"Total","Nicky Lopez","3 Tms",150,443,388,92,71,16,4,1,42,33,42,0,70,5,1,7,5,7,6,0.237113402,19339
"Total","Eli White","ATL",7,15,15,2,1,0,0,1,3,1,0,0,7,0,0,0,0,0,0,0.133333333,19346
"Total","Sean Murphy","ATL",128,402,345,85,49,16,0,20,54,65,42,0,94,14,1,0,16,0,0,0.246376811,19352
"Total","Luke Raley","2 Tms",191,568,508,127,65,31,5,26,77,70,32,0,177,24,2,2,3,20,3,0.25,19354
"Total","Weston Wilson","PHI",8,15,14,4,4,0,0,0,2,1,1,0,3,0,0,0,0,2,0,0.285714285,19358
"Total","Austin Hays","BAL",175,484,446,120,77,29,1,13,61,53,26,0,117,7,5,0,4,4,2,0.269058295,19363
"Total","Trenton Brooks","SFG",12,29,25,3,3,0,0,0,3,1,4,0,6,0,0,0,1,1,0,0.12,19384
"Total","Zach McKinstry","DET",199,613,556,123,81,25,5,12,65,43,48,0,149,5,3,1,4,18,6,0.221223021,19392
"Total","Brian Serven","2 Tms",13,30,28,4,3,1,0,0,1,1,1,0,12,1,0,0,0,0,0,0.142857142,19422
"Total","Yonny Hernandez","LAD",12,18,14,0,0,0,0,0,2,1,2,0,6,1,1,0,0,0,0,0,19432
"Total","Jake Rogers","DET",141,385,353,76,49,10,0,17,47,40,25,0,125,4,2,1,6,1,0,0.21529745,19452
"Total","Andruw Monasterio","MIL",99,262,239,58,44,11,1,2,31,25,19,0,59,3,1,0,6,6,1,0.242677824,19455
"Total","Cooper Hummel","2 Tms",8,16,14,2,1,1,0,0,1,0,2,0,6,0,0,0,1,1,0,0.142857142,19458
"Total","Tommy Edman","STL",119,360,322,79,53,15,4,7,47,30,26,1,54,6,4,2,6,19,3,0.245341614,19470
"Total","Kyle Lewis","ARI",12,24,22,2,1,1,0,0,0,0,2,0,11,0,0,0,0,0,0,0.09090909,19508
"Total","Andrew Knizner","2 Tms",81,210,196,46,32,8,0,6,19,25,10,0,52,3,1,0,4,2,0,0.234693877,19514
"Total","TJ Friedl","CIN",156,518,458,116,72,20,5,19,71,67,42,1,80,10,3,5,0,22,3,0.253275109,19522
"Total","Yordan Alvarez","HOU",182,565,474,134,70,26,0,38,97,93,77,11,86,13,1,0,14,4,0,0.282700421,19556
"Total","Zack Short","4 Tms",100,210,178,30,18,8,0,4,15,23,26,0,53,1,1,4,2,6,1,0.168539325,19562
"Total","Nathaniel Lowe","TEX",218,692,593,163,105,37,3,18,93,81,90,2,151,5,4,0,21,3,0,0.274873524,19566
"Total","Chas McCormick","HOU",145,431,381,91,60,13,2,16,53,62,35,0,117,10,4,1,5,19,8,0.238845144,19599
"Total","Bryan De La Cruz","MIA",228,718,664,158,99,32,0,27,72,83,47,1,170,2,4,0,17,5,1,0.237951807,19600
"Total","Otto Lopez","MIA",46,125,115,31,24,4,0,3,13,17,6,0,20,1,2,1,3,6,1,0.269565217,19608
"Total","Keibert Ruiz","WSN",184,584,544,131,93,17,0,21,53,73,31,1,70,6,3,0,9,2,1,0.240808823,19610
"Total","Vladimir Guerrero Jr.","TOR",238,871,782,213,136,43,0,34,101,115,78,3,140,8,3,0,22,4,3,0.272378516,19611
"Total","Bo Bichette","TOR",206,752,707,197,138,35,4,20,79,86,37,1,151,5,3,0,17,10,4,0.278642149,19612
"Total","Brent Rooker","OAK",192,601,529,133,74,26,2,31,63,85,59,2,199,10,3,0,8,3,0,0.251417769,19627
"Total","Mike Brosseau","MIL",10,29,27,6,2,2,0,2,2,6,2,0,5,0,0,0,2,0,0,0.222222222,19683
"Total","Edward Olivares","2 Tms",139,364,335,84,60,13,2,9,43,26,22,0,58,4,3,0,6,10,3,0.250746268,19698
"Total","Fernando Tatis Jr.","SDP",212,724,665,174,106,35,2,31,105,89,49,0,158,6,3,1,19,25,4,0.261654135,19709
"Total","Darick Hall","PHI",16,40,40,7,6,1,0,0,1,1,0,0,14,0,0,0,1,0,0,0.175,19717
"Total","Josh Rojas","2 Tms",176,542,484,126,87,29,2,8,73,51,46,1,110,2,4,2,5,17,3,0.260330578,19734
"Total","Shohei Ohtani","2 Tms",209,697,583,190,88,38,10,54,134,119,100,20,157,6,4,0,9,32,6,0.325900514,19755
"Total","Rylan Bannon","HOU",2,4,4,0,0,0,0,0,0,0,0,0,1,0,0,0,0,0,0,0,19768
"Total","Dairon Blanco","KCR",81,145,130,31,21,7,1,2,26,14,9,0,30,2,0,3,2,35,7,0.238461538,19779
"Total","Zach Remillard","CHW",55,131,121,27,21,5,0,1,11,14,8,0,39,1,0,1,2,3,2,0.223140495,19788
"Total","Jhonny Pereda","MIA",2,3,3,0,0,0,0,0,0,0,0,0,1,0,0,0,0,0,0,0,19802
"Total","Jason Delay","PIT",51,128,114,27,17,8,1,1,17,11,10,0,25,2,1,1,3,0,0,0.236842105,19806
"Total","Joshua Palacios","PIT",87,218,200,49,31,9,2,7,22,29,13,0,37,2,1,2,8,3,0,0.245,19818
"Total","Cody Thomas","OAK",16,40,36,8,5,2,0,1,1,2,4,0,15,0,0,0,1,0,0,0.222222222,19828
"Total","Caleb Hamilton","BOS",2,3,3,0,0,0,0,0,0,0,0,0,3,0,0,0,0,0,0,0,19842
"Total","Abraham Toro","2 Tms",71,242,225,58,41,10,0,7,28,28,12,0,50,5,0,0,1,1,1,0.257777777,19844
"Total","Luis Rengifo","LAA",177,535,483,128,95,12,4,17,65,56,41,0,88,7,3,1,6,22,10,0.265010351,19858
"Total","Rene Pinto","TBR",45,107,100,25,15,3,0,7,13,15,4,0,30,1,1,1,2,0,0,0.25,19859
"Total","Riley Adams","WSN",61,143,128,31,17,9,2,3,9,16,8,0,43,3,3,1,5,1,0,0.2421875,19864
"Total","Drew Ellis","PHI",8,17,13,4,2,0,0,2,4,3,4,0,3,0,0,0,0,0,1,0.307692307,19873
"Total","Tristan Gray","2 Tms",7,12,12,2,1,0,0,1,1,1,0,0,3,0,0,0,0,0,0,0.166666666,19877
"Total","Adam Haseley","CHW",16,33,32,6,5,1,0,0,3,1,1,0,8,0,0,0,0,1,0,0.1875,19878
"Total","Emmanuel Rivera","2 Tms",103,269,238,55,42,10,0,3,27,19,24,0,60,2,4,1,6,2,0,0.231092436,19890
"Total","Pavin Smith","ARI",90,242,204,43,26,9,0,8,28,34,35,0,42,1,1,0,4,1,1,0.210784313,19892
"Total","Connor Wong","BOS",164,460,428,118,82,21,2,13,52,49,17,0,127,10,2,3,3,9,4,0.275700934,19896
"Total","Gavin Sheets","CHW",193,581,516,116,73,27,0,16,47,63,59,3,102,3,3,0,8,2,0,0.224806201,19901
"Total","Jesus Sanchez","MIA",193,581,524,138,81,32,4,21,62,80,50,2,146,5,2,0,15,9,2,0.263358778,19913
"Total","Daulton Varsho","TOR",228,710,640,126,64,27,5,30,83,86,61,1,185,5,2,1,5,18,7,0.196875,19918
"Total","Blake Perkins","MIL",108,302,263,64,45,11,2,6,49,30,33,0,89,3,1,2,2,14,3,0.243346007,19921
"Total","Ryan McKenna","2 Tms",42,61,52,14,10,3,0,1,15,12,6,0,20,2,0,1,1,4,1,0.269230769,19928
"Total","Luke Williams","2 Tms",16,21,20,1,1,0,0,0,2,0,1,0,8,0,0,0,0,4,0,0.05,19931
"Total","Cristian Pache","PHI",43,71,63,9,7,1,1,0,7,6,7,0,26,0,1,0,1,1,1,0.142857142,19948
"Total","Andres Gimenez","CLE",213,661,595,147,100,28,3,16,86,77,38,3,121,19,6,3,9,34,8,0.247058823,19950
"Total","Josh Lowe","TBR",166,565,520,147,89,33,2,23,76,86,40,3,141,1,4,0,6,37,3,0.282692307,19953
"Total","Gavin Lux","LAD",70,237,220,46,34,8,2,2,24,20,17,0,50,0,0,0,6,3,0,0.209090909,19955
"Total","Mickey Moniak","LAA",152,472,448,113,65,28,3,17,51,61,20,1,149,4,0,0,4,11,5,0.252232142,19956
"Total","Blake Rutherford","WSN",11,33,32,4,4,0,0,0,2,2,1,0,9,0,0,0,1,0,0,0.125,19957
"Total","Carter Kieboom","WSN",23,59,54,9,6,1,0,2,8,6,5,0,23,0,0,0,2,0,0,0.166666666,19958
"Total","Taylor Trammell","3 Tms",25,56,48,7,4,0,0,3,9,11,7,0,23,1,0,0,2,0,1,0.145833333,19960
"Total","Eguy Rosario","SDP",25,49,44,6,6,0,0,0,4,2,3,0,16,1,0,1,2,0,0,0.136363636,19964
"Total","Bobby Dalbec","BOS",38,85,76,10,6,2,0,2,9,5,7,0,39,1,0,1,0,3,0,0.131578947,19966
"Total","Tres Barrera","STL",2,2,2,0,0,0,0,0,0,0,0,0,0,0,0,0,0,0,0,0,19977
"Total","Conner Capel","2 Tms",31,80,67,17,14,3,0,0,7,3,12,0,24,1,0,0,1,6,2,0.253731343,19983
"Total","Santiago Espinal","2 Tms",111,251,230,47,36,8,0,3,19,17,14,0,39,3,1,3,4,5,1,0.204347826,19997
"Total","Bryce Johnson","2 Tms",25,42,37,5,3,1,0,1,4,3,3,0,11,0,1,1,0,1,0,0.135135135,20002
"Total","Keston Hiura","LAA",1,4,4,2,2,0,0,0,0,1,0,0,0,0,0,0,0,0,1,0.5,20003
"Total","Miles Mastrobuoni","CHC",79,182,163,37,29,7,0,1,27,6,17,0,36,0,0,2,2,11,1,0.226993865,20017
"Total","Isaac Paredes","TBR",219,707,610,153,84,30,0,39,82,107,72,2,127,22,3,0,19,1,1,0.250819672,20036
"Total","Luis Robert Jr.","CHW",174,591,545,133,59,33,1,40,85,84,33,6,171,8,2,0,11,26,3,0.244036697,20043
"Total","Bligh Madris","HOU",11,25,21,3,2,1,0,0,4,0,4,0,7,0,0,0,0,0,0,0.142857142,20054
"Total","Alan Trejo","COL",74,167,154,36,27,6,0,3,19,12,9,0,34,2,0,2,1,5,0,0.233766233,20056
"Total","Juan Soto","2 Tms",237,779,617,177,97,34,3,43,123,128,153,11,127,2,6,1,19,11,4,0.286871961,20123
"Total","Dylan Carlson","STL",95,225,197,38,28,6,1,3,23,26,18,0,54,7,3,0,3,2,0,0.192893401,20126
"Total","Matthew Batten","SDP",39,95,82,17,11,4,1,1,15,5,11,0,22,1,0,1,0,2,1,0.207317073,20157
"Total","Miguel Vargas","LAD",85,234,204,42,24,10,3,5,30,27,22,0,53,3,3,1,1,2,1,0.205882352,20178
"Total","Brandon Marsh","PHI",192,557,478,139,90,28,5,16,72,74,71,2,156,3,5,0,5,18,5,0.290794979,20202
"Total","Jo Adell","LAA",86,248,224,38,22,7,0,9,29,27,16,0,85,4,3,0,2,8,6,0.169642857,20220
"Total","Kevin Smith","2 Tms",40,97,91,15,12,1,0,2,9,5,3,0,35,0,0,3,2,1,0,0.164835164,20242
"Total","Jonathan Arauz","NYM",17,42,39,6,3,0,0,3,3,8,3,0,9,0,0,0,1,0,0,0.153846153,20275
"Total","Ben Rortvedt","2 Tms",84,237,206,49,36,8,0,5,24,25,29,0,58,2,0,0,5,1,0,0.237864077,20287
"Total","Jake Meyers","HOU",162,447,405,93,59,19,2,13,50,55,31,0,113,8,2,1,4,7,4,0.229629629,20308
"Total","Corey Julks","2 Tms",110,311,283,67,50,10,0,7,36,31,26,0,70,1,1,0,8,16,3,0.236749116,20311
"Total","Stuart Fairchild","CIN",110,230,205,39,20,14,0,5,32,23,15,0,59,5,2,3,2,9,1,0.190243902,20321
"Total","Alex Kirilloff","MIN",141,433,386,101,61,22,4,14,51,54,39,1,110,4,4,0,7,1,0,0.261658031,20325
"Total","Ernie Clement","TOR",53,127,125,31,21,6,1,3,13,12,1,0,12,0,1,0,2,1,1,0.248,20352
"Total","Luis Garcia Jr.","WSN",191,594,558,156,113,25,0,18,76,77,34,1,80,0,2,0,9,16,3,0.279569892,20391
"Total","Jared Young","CHC",15,43,39,6,2,0,2,2,6,7,3,0,13,1,0,0,1,1,0,0.153846153,20404
"Total","Royce Lewis","MIN",79,253,231,67,37,8,0,22,40,62,20,0,58,2,0,0,6,3,0,0.29004329,20437
"Total","Jazz Chisholm Jr.","MIA",172,526,477,125,78,18,5,24,72,70,43,5,149,3,3,0,5,31,9,0.262054507,20454
"Total","Irving Lopez","STL",4,12,11,0,0,0,0,0,0,1,0,0,5,0,1,0,0,0,0,0,20463
"Total","William Contreras","MIL",215,728,653,176,120,39,2,15,104,87,67,1,145,6,2,0,27,9,2,0.269525267,20503
"Total","Drew Waters","KCR",91,259,233,54,35,9,2,8,33,22,20,0,82,4,2,0,4,13,4,0.231759656,20505
"Total","Nick Madrigal","CHC",104,270,247,63,48,14,0,1,28,24,11,0,21,11,0,1,5,8,2,0.255060728,20521
"Total","Nolan Jones","COL",136,418,354,92,49,23,5,15,56,55,58,5,130,3,2,1,5,11,4,0.259887005,20529
"Total","Vidal Brujan","2 Tms",84,195,176,38,26,10,1,1,28,10,15,2,41,3,0,1,4,3,5,0.21590909,20536
"Total","Jose Miranda","MIN",98,296,272,83,53,20,1,9,37,41,18,1,40,4,2,0,10,2,1,0.305147058,20538
"Total","Elehuris Montero","COL",130,375,340,78,47,22,0,9,41,42,26,0,109,5,4,0,9,0,0,0.229411764,20543
"Total","CJ Alexander","KCR",4,8,8,1,1,0,0,0,0,0,0,0,3,0,0,0,0,0,0,0.125,20557
"Total","Kody Clemens","PHI",71,186,175,43,24,11,1,7,22,20,10,0,48,1,0,0,3,0,0,0.245714285,20572
"Total","Ivan Herrera","STL",58,166,147,43,33,7,1,2,21,17,14,0,38,3,1,0,2,1,0,0.292517006,20599
"Total","Logan Porter","KCR",9,28,24,5,4,0,0,1,3,3,3,0,9,1,0,0,0,0,0,0.208333333,20626
"Total","Carlos Perez","CHW",16,38,37,6,2,4,0,0,3,2,1,0,10,0,0,0,2,0,0,0.162162162,20805
"Total","Oscar Gonzalez","CLE",42,103,98,22,15,5,1,1,9,7,3,0,28,1,1,0,0,0,0,0.224489795,20970
"Total","Leo Rivas","SEA",3,5,5,1,0,0,1,0,2,0,0,0,3,0,0,0,0,0,0,0.2,21009
"Total","Trey Cabbage","2 Tms",44,106,102,24,14,8,0,2,11,14,3,0,38,0,1,0,2,0,2,0.235294117,21078
"Total","Sean Bouchard","COL",39,100,86,17,8,7,0,2,13,9,9,0,30,2,2,1,0,2,0,0.197674418,21270
"Total","Dalton Guthrie","PHI",11,15,11,1,1,0,0,0,3,0,3,0,3,1,0,0,0,0,0,0.09090909,21293
"Total","Lars Nootbaar","STL",146,486,406,110,68,23,2,17,73,48,74,3,82,1,3,2,10,13,1,0.27093596,21454
"Total","Nico Hoerner","CHC",224,781,690,182,140,27,3,12,95,70,63,0,93,20,7,1,15,41,5,0.263768115,21479
"Total","Luken Baker","STL",21,57,49,11,7,2,0,2,7,7,8,0,16,0,0,0,0,0,0,0.224489795,21497
"Total","Trevor Larnach","MIN",110,377,332,77,45,14,3,15,47,64,41,1,96,0,4,0,12,3,1,0.23192771,21501
"Total","Jonathan India","CIN",197,624,533,138,89,30,0,19,88,77,64,0,120,19,8,0,15,18,2,0.258911819,21523
"Total","Joey Bart","2 Tms",41,103,91,19,9,6,0,4,12,17,9,0,31,2,1,0,2,0,0,0.208791208,21524
"Total","Cal Raleigh","SEA",222,704,625,145,83,26,1,35,88,97,75,2,213,1,3,0,5,2,0,0.232,21534
"Total","Nick Fortes","MIA",137,363,334,59,46,8,0,5,29,27,17,0,64,7,1,4,13,1,2,0.176646706,21538
"Total","Coco Montes","COL",14,22,19,2,1,0,0,1,3,2,2,0,6,1,0,0,0,0,0,0.105263157,21547
"Total","Matt Vierling","DET",193,609,562,141,91,24,8,18,72,60,41,0,147,5,1,0,9,4,7,0.250889679,21558
"Total","Alfonso Rivas III","2 Tms",38,103,90,22,10,8,1,3,7,14,9,0,31,3,1,0,1,1,0,0.244444444,21560
"Total","Romy Gonzalez","2 Tms",42,84,79,18,11,2,3,2,10,17,3,0,24,0,1,1,0,9,0,0.227848101,21562
"Total","Cesar Salazar","HOU",18,36,30,7,5,2,0,0,5,5,3,0,8,0,2,1,1,0,0,0.233333333,21587
"Total","Kyle Isbel","KCR",158,452,422,95,59,21,4,11,63,42,23,0,79,1,3,3,7,11,2,0.225118483,21614
"Total","Alec Bohm","PHI",226,700,630,176,119,42,1,14,79,109,52,1,108,9,9,0,17,6,1,0.279365079,21618
"Total","Jake McCarthy","ARI",149,414,363,92,70,13,5,4,52,29,35,1,79,8,3,5,3,23,5,0.253443526,21622
"Total","Nick Maton","DET",90,278,236,42,26,9,0,7,27,29,37,1,70,3,2,0,4,0,2,0.177966101,21635
"Total","Jeremy Pena","HOU",230,721,653,164,121,29,2,12,87,68,48,1,152,12,4,1,14,13,9,0.251148545,21636
"Total","Rafael Marchan","PHI",11,26,24,6,4,1,0,1,2,3,2,0,5,0,0,0,0,0,0,0.25,21646
"Total","Miguel Amaya","CHC",97,237,205,42,32,4,0,6,21,20,18,0,56,11,2,1,4,0,0,0.204878048,21693
"Total","Oswaldo Cabrera","NYY",154,423,382,87,66,14,0,7,48,41,31,1,78,2,4,4,8,7,2,0.227748691,21707
"Total","Oneil Cruz","PIT",85,275,248,65,38,16,1,10,34,30,25,3,86,1,1,0,2,10,1,0.262096774,21711
"Total","Enmanuel Valdez","BOS",97,282,260,69,39,18,0,12,34,43,18,0,67,0,3,0,7,5,1,0.265384615,21716
"Total","Jair Camargo","MIN",2,4,3,0,0,0,0,0,1,0,1,0,2,0,0,0,0,0,0,0,21730
"Total","Jose Fermin","STL",31,56,45,11,9,1,1,0,3,4,6,0,9,3,0,2,2,1,2,0.244444444,21746
"Total","Esteury Ruiz","OAK",128,375,338,80,61,15,2,2,35,33,16,0,81,10,0,6,5,49,6,0.23668639,21780
"Total","Jonathan Aranda","TBR",50,139,121,29,19,6,1,3,20,16,15,1,40,2,1,0,1,0,0,0.239669421,21837
"Total","Freddy Fermin","KCR",105,288,265,74,53,10,1,10,36,39,17,0,60,0,5,1,10,0,0,0.279245283,21840
"Total","Will Benson","CIN",183,500,440,113,59,26,9,19,70,51,56,0,179,2,2,0,4,26,6,0.256818181,21853
"Total","Bo Naylor","CLE",123,347,304,69,39,15,1,14,43,46,39,2,94,1,3,0,4,6,1,0.226973684,21865
"Total","Christopher Morel","CHC",190,615,544,123,73,18,2,30,73,90,59,0,176,7,4,1,13,11,4,0.226102941,21897
"Total","Rodolfo Castro","2 Tms",58,134,120,20,18,2,0,0,5,7,11,0,48,3,0,0,0,0,1,0.166666666,21987
"Total","Grant Koch","PIT",3,6,6,0,0,0,0,0,0,0,0,0,5,0,0,0,0,0,0,0,22045
"Total","Dane Myers","MIA",41,81,74,18,14,2,0,2,14,11,6,0,26,0,1,0,1,4,1,0.243243243,22054
"Total","Nick Pratto","KCR",84,263,233,56,40,13,0,3,20,29,21,0,108,5,4,0,2,1,0,0.240343347,22117
"Total","Ryan Vilade","DET",2,4,3,1,1,0,0,0,0,2,1,0,0,0,0,0,0,0,0,0.333333333,22165
"Total","Akil Baddoo","DET",129,404,351,72,43,14,2,13,45,38,50,2,104,0,2,1,4,14,3,0.205128205,22168
"Total","Cal Mitchell","PIT",2,5,4,0,0,0,0,0,0,0,1,0,1,0,0,0,0,0,0,0,22169
"Total","Mark Vientos","NYM",92,244,225,51,34,4,0,13,32,30,15,0,66,2,2,0,2,1,0,0.226666666,22184
"Total","Brice Turang","MIL",206,657,593,150,111,23,4,12,75,64,53,1,126,2,4,5,10,43,8,0.252951096,22186
"Total","MJ Melendez","KCR",217,681,601,136,70,38,6,22,73,61,74,3,182,3,3,0,3,5,4,0.226289517,22197
"Total","Jeter Downs","WSN",4,3,1,0,0,0,0,0,2,0,2,0,1,0,0,0,0,1,0,0,22202
"Total","Sam Huff","TEX",14,25,24,5,3,0,0,2,3,2,1,0,9,0,0,0,0,0,0,0.208333333,22209
"Total","Luis Campusano","SDP",101,293,275,78,54,16,0,8,38,49,15,0,36,2,1,0,14,0,0,0.283636363,22217
"Total","Mason McCoy","TOR",1,0,0,0,0,0,0,0,1,0,0,0,0,0,0,0,0,0,0,0,22232
"Total","Jack Suwinski","PIT",203,601,507,108,54,22,1,31,77,82,83,4,167,5,6,0,4,15,2,0.213017751,22244
"Total","Bubba Thompson","2 Tms",28,33,31,6,1,4,1,0,11,4,1,0,11,0,1,0,0,5,1,0.193548387,22261
"Total","Nolan Gorman","STL",188,599,531,118,62,20,0,36,73,94,62,1,203,3,3,0,5,12,2,0.222222222,22263
"Total","Xavier Edwards","MIA",35,95,89,29,23,6,0,0,12,3,4,0,13,0,0,2,1,5,1,0.325842696,22266
"Total","Samad Taylor","2 Tms",25,41,37,8,7,1,0,0,9,1,4,0,13,0,0,0,1,6,0,0.216216216,22274
"Total","Jake Burger","2 Tms",196,594,547,132,73,25,2,32,71,90,33,0,167,9,5,0,8,1,0,0.24131627,22275
"Total","Nick Allen","OAK",105,278,257,50,42,5,1,2,17,16,13,0,48,1,1,6,4,2,1,0.194552529,22277
"Total","Cal Stevenson","SFG",4,11,8,0,0,0,0,0,1,0,3,0,2,0,0,0,0,0,0,0,22411
"Total","Taylor Walls","TBR",108,308,263,45,30,7,2,6,37,29,42,0,82,1,2,0,2,20,1,0.171102661,22458
"Total","Livan Soto","2 Tms",5,15,12,2,2,0,0,0,2,0,3,0,3,0,0,0,0,0,0,0.166666666,22471
"Total","Buddy Kennedy","2 Tms",8,12,8,2,1,0,0,1,3,4,2,0,3,1,1,0,0,1,0,0.25,22505
"Total","Triston Casas","BOS",144,468,406,109,66,18,1,24,59,59,60,4,113,1,1,0,7,0,1,0.268472906,22514
"Total","Heliot Ramos","SFG",61,186,172,44,33,4,0,7,18,29,13,0,53,0,1,0,4,2,0,0.255813953,22515
"Total","Johnathan Rodriguez","CLE",8,15,12,1,1,0,0,0,3,3,3,0,8,0,0,0,0,0,0,0.083333333,22530
"Total","Tyler Freeman","CLE",120,295,261,62,45,12,0,5,39,30,19,0,46,9,2,4,13,10,3,0.237547892,22532
"Total","Lawrence Butler","OAK",90,255,235,50,33,9,0,8,22,22,17,0,73,1,2,0,4,4,0,0.212765957,22542
"Total","Michael Siani","2 Tms",73,139,129,33,26,5,1,1,20,11,5,0,36,0,1,4,2,6,2,0.255813953,22557
"Total","Jarred Kelenic","2 Tms",168,528,474,123,73,32,2,16,56,57,49,4,165,2,3,0,8,15,5,0.25949367,22558
"Total","Gabriel Arias","CLE",121,322,298,75,45,20,1,9,37,32,21,0,90,1,2,0,10,4,4,0.251677852,22563
"Total","Alejandro Kirk","TOR",152,414,362,87,65,14,0,8,27,45,38,1,44,7,7,0,16,0,0,0.240331491,22581
"Total","Jordan Diaz","OAK",66,176,161,36,25,4,0,7,12,16,12,0,43,2,1,0,9,0,1,0.223602484,22650
"Total","Gabriel Moreno","ARI",147,419,367,92,65,17,2,8,43,56,43,0,70,4,5,0,13,4,2,0.250681198,22664
"Total","Maikel Garcia","KCR",206,719,648,158,124,22,5,7,81,68,57,0,153,2,9,3,11,28,7,0.24382716,22715
"Total","Steward Berroa","TOR",1,0,0,0,0,0,0,0,0,0,0,0,0,0,0,0,0,0,1,0,22766
"Total","Geraldo Perdomo","ARI",158,496,410,101,70,21,4,6,75,46,65,1,92,6,3,12,6,15,4,0.246341463,22799
"Total","Oswald Peraza","NYY",49,140,129,28,19,7,0,2,11,9,9,0,36,2,0,0,0,4,1,0.217054263,22823
"Total","Alexander Canario","CHC",13,29,26,6,2,1,1,2,3,7,2,0,14,1,0,0,0,1,0,0.23076923,22842
"Total","Wenceel Perez","DET",66,208,191,48,31,9,4,4,27,16,15,0,40,0,1,1,1,5,2,0.2513089,22857
"Total","Tucupita Marcano","PIT",66,183,167,40,24,11,2,3,13,18,10,0,28,1,2,3,1,5,2,0.239520958,22871
"Total","Lenyn Sosa","CHW",89,240,230,49,33,10,0,6,18,15,5,0,58,1,1,3,4,3,1,0.213043478,22896
"Total","Yainer Diaz","HOU",174,505,476,142,89,26,2,25,66,84,15,0,80,5,9,0,23,1,0,0.298319327,23003
"Total","David Banuelos","BAL",1,1,1,0,0,0,0,0,0,0,0,0,0,0,0,0,0,0,0,0,23250
"Total","Canaan Smith-Njigba","PIT",12,30,25,3,1,1,1,0,3,5,4,0,11,0,1,0,0,1,0,0.12,23264
"Total","Jacob Amaya","2 Tms",3,5,5,1,1,0,0,0,0,1,0,0,0,0,0,0,0,0,0,0.2,23296
"Total","Ryan Noda","OAK",150,480,398,86,51,23,1,11,56,41,72,1,163,8,2,0,4,3,1,0.216080402,23312
"Total","Nelson Velazquez","2 Tms",98,285,258,55,25,10,0,20,46,47,20,0,78,4,3,0,7,1,0,0.213178294,23359
"Total","Jose Barrero","CIN",35,87,78,19,10,8,0,1,10,11,8,0,28,0,1,0,0,1,1,0.243589743,23378
"Total","Jose Caballero","2 Tms",146,368,323,69,49,12,2,6,43,36,28,0,87,12,5,0,5,35,9,0.213622291,23401
"Total","Luis Vazquez","CHC",1,0,0,0,0,0,0,0,1,0,0,0,0,0,0,0,0,0,0,0,23442
"Total","Chandler Seagle","SDP",1,1,1,0,0,0,0,0,0,0,0,0,0,0,0,0,0,0,0,0,23552
"Total","Chris Roller","MIL",1,1,1,0,0,0,0,0,0,0,0,0,1,0,0,0,0,0,0,0,23557
"Total","Davis Schneider","TOR",102,294,250,56,25,21,1,9,34,34,36,0,79,7,1,0,0,1,0,0.224,23565
"Total","Wander Franco","TBR",108,395,358,96,61,17,5,13,48,44,33,3,61,1,3,0,14,20,6,0.268156424,23667
"Total","Brayan Rocchio","CLE",93,238,208,53,38,13,0,2,28,15,23,0,42,4,2,1,8,5,6,0.254807692,23690
"Total","Jose Tena","CLE",16,26,25,6,4,2,0,0,2,3,1,0,12,0,0,0,0,0,0,0.24,23691
"Total","Everson Pereira","NYY",25,80,72,11,8,3,0,0,4,6,6,0,31,2,0,0,0,3,0,0.152777777,23695
"Total","Julio Rodriguez","SEA",240,815,750,193,130,30,1,32,103,92,51,3,200,12,2,0,17,46,10,0.257333333,23697
"Total","Ronny Mauricio","NYM",21,60,55,17,14,2,0,1,7,6,5,0,14,0,0,0,0,6,0,0.309090909,23698
"Total","Ezequiel Duran","TEX",156,425,398,108,78,20,0,10,49,37,17,0,114,7,2,1,8,7,3,0.271356783,23733
"Total","Wilyer Abreu","BOS",89,271,243,70,38,22,2,8,37,33,27,0,73,0,1,0,3,10,3,0.288065843,23772
"Total","Leo Jimenez","TOR",1,4,3,2,2,0,0,0,1,0,0,0,0,1,0,0,0,0,0,0.666666666,23782
"Total","Jordyn Adams","LAA",11,29,29,5,5,0,0,0,1,0,0,0,10,0,0,0,0,0,2,0.172413793,23788
"Total","Blaze Alexander","ARI",40,91,84,19,16,2,0,1,6,13,6,0,21,1,0,0,1,1,1,0.226190476,23789
"Total","Alek Thomas","ARI",119,341,316,80,50,17,4,9,47,38,18,1,70,3,3,1,7,10,1,0.253164556,23792
"Total","Parker Meadows","DET",66,198,173,32,18,5,3,6,22,16,23,1,57,2,0,0,0,12,3,0.184971098,23800
"Total","Ji Hwan Bae","PIT",101,278,249,51,34,13,2,2,40,26,25,0,67,2,1,1,2,18,9,0.204819277,23818
"Total","Jorge Barrosa","ARI",2,3,3,0,0,0,0,0,1,0,0,0,0,0,0,0,0,0,0,0,23968
"Total","Osleivis Basabe","TBR",28,63,59,11,8,2,0,1,9,7,4,0,17,0,0,0,2,0,1,0.186440677,23985
"Total","Curtis Mead","TBR",47,118,111,22,19,1,0,2,11,5,4,0,30,2,0,0,4,2,0,0.198198198,23986
"Total","Ezequiel Tovar","COL",231,707,670,175,108,46,5,16,88,79,23,0,184,6,2,6,14,9,3,0.261194029,24064
"Total","Jhonkensy Noel","CLE",7,19,17,5,2,1,0,2,3,2,1,0,7,1,0,0,0,0,0,0.294117647,24257
"Total","Ceddanne Rafaela","BOS",102,301,285,70,46,13,1,10,36,44,8,0,81,3,4,1,4,12,6,0.245614035,24262
"Total","Liover Peguero","PIT",52,143,133,27,20,1,0,6,17,17,7,0,48,0,1,2,4,5,1,0.203007518,24273
"Total","Johan Rojas","PHI",106,263,242,62,49,6,3,4,35,33,11,0,49,4,0,6,3,21,3,0.256198347,24336
"Total","Jose Rodriguez","CHW",1,0,0,0,0,0,0,0,1,0,0,0,0,0,0,0,0,0,0,0,24388
"Total","Terrin Vavra","BAL",22,54,47,11,11,0,0,0,9,4,5,0,12,0,0,2,5,1,0,0.234042553,24400
"Total","J.P. Martinez","2 Tms",21,48,46,10,7,2,0,1,8,1,2,0,18,0,0,0,0,1,0,0.217391304,24451
"Total","Tyler Cropley","KCR",2,5,4,1,1,0,0,0,0,1,0,0,2,0,1,0,0,0,0,0.25,24485
"Total","Max Schuemann","OAK",60,174,151,37,30,4,0,3,20,10,17,0,50,3,2,1,2,7,0,0.245033112,24488
"Total","Richie Palacios","2 Tms",100,311,268,62,41,13,0,8,40,29,36,2,58,4,2,0,5,12,1,0.231343283,24589
"Total","Jonathan Ornelas","TEX",9,16,13,3,2,1,0,0,3,0,1,0,5,1,0,1,0,0,0,0.23076923,24597
"Total","Addison Barger","TOR",19,58,55,9,7,2,0,0,5,4,2,0,15,0,0,0,0,1,0,0.163636363,24598
"Total","Steven Kwan","CLE",200,678,604,177,124,34,9,10,100,57,64,2,64,5,4,1,7,13,3,0.293046357,24610
"Total","Jarren Duran","BOS",184,600,550,161,82,51,12,16,87,63,43,1,135,4,2,0,2,38,4,0.292727272,24617
"Total","Ryan Jeffers","MIN",147,436,374,98,56,22,2,18,57,64,36,0,108,17,5,4,9,4,2,0.262032085,24618
"Total","Owen Miller","MIL",84,224,208,52,36,11,0,5,23,24,11,1,42,2,3,0,5,11,0,0.25,24655
"Total","Brendan Donovan","STL",167,561,496,140,99,22,1,18,70,65,48,2,83,14,2,1,4,7,4,0.282258064,24679
"Total","Jonah Bride","2 Tms",27,71,60,11,8,3,0,0,7,6,7,0,18,2,2,0,3,0,1,0.183333333,24703
"Total","Logan O'Hoppe","LAA",122,374,344,92,56,15,1,20,47,53,22,0,91,5,2,1,6,1,1,0.26744186,24729
"Total","James Outman","LAD",179,520,449,102,59,16,3,24,78,67,59,1,164,10,2,0,4,14,4,0.227171492,24770
"Total","David Villar","SFG",33,88,77,13,4,3,0,6,13,12,7,0,29,3,1,0,0,0,1,0.168831168,24782
"Total","Andy Pages","LAD",68,224,204,46,30,9,1,6,30,18,13,0,56,5,2,0,5,1,1,0.225490196,24816
"Total","David Fry","CLE",77,188,172,48,31,12,0,5,23,22,9,0,43,5,2,0,9,4,1,0.279069767,24934
"Total","Vinny Capra","2 Tms",6,12,11,2,2,0,0,0,2,0,1,0,2,0,0,0,0,0,0,0.181818181,25040
"Total","Nate Eaton","KCR",17,39,36,2,2,0,0,0,2,1,2,0,14,1,0,0,0,3,0,0.055555555,25055
"Total","David Hensley","HOU",27,55,51,3,3,0,0,0,7,1,4,0,24,0,0,0,0,0,0,0.058823529,25111
"Total","Levi Jordan","CIN",3,5,5,1,0,1,0,0,1,0,0,0,2,0,0,0,0,0,0,0.2,25138
"Total","Daniel Schneemann","CLE",23,65,54,13,6,4,1,2,7,11,9,0,16,0,2,0,0,1,0,0.24074074,25180
"Total","Endy Rodriguez","PIT",51,146,133,33,21,7,2,3,18,11,12,0,34,0,1,0,1,0,0,0.2481203,25332
"Total","Michael Stefanic","LAA",29,79,69,19,16,2,1,0,5,9,8,0,9,2,0,0,1,0,1,0.275362318,25353
"Total","Austin Shenton","TBR",17,43,36,7,2,4,0,1,3,3,7,0,12,0,0,0,0,0,0,0.194444444,25425
"Total","Greg Jones","COL",4,6,5,1,0,0,0,1,1,1,1,0,4,0,0,0,0,0,0,0.2,25448
"Total","Peyton Burdick","MIA",9,28,26,5,3,1,0,1,3,2,1,0,15,1,0,0,0,1,0,0.192307692,25459
"Total","Cam Eden","TOR",2,2,2,0,0,0,0,0,1,0,0,0,0,0,0,0,0,0,0,0,25476
"Total","Brenton Doyle","COL",198,570,513,121,79,21,5,16,76,64,40,1,170,5,6,6,15,39,7,0.235867446,25479
"Total","TJ Hopkins","CIN",16,21,20,3,3,0,0,0,3,1,1,0,8,0,0,0,1,0,0,0.15,25482
"Total","Joey Ortiz","2 Tms",72,190,164,45,28,11,2,4,23,22,23,0,26,1,2,0,5,3,2,0.274390243,25493
"Total","Cade Marlowe","SEA",29,74,63,14,10,2,0,2,10,5,11,0,24,0,0,0,1,4,2,0.222222222,25505
"Total","Aaron Schunk","COL",7,8,8,1,1,0,0,0,2,0,0,0,1,0,0,0,0,0,0,0.125,25524
"Total","Korey Lee","CHW",83,219,208,41,26,7,1,7,18,20,11,0,66,0,0,0,2,2,2,0.197115384,25543
"Total","Jake Alu","WSN",48,150,136,31,27,2,1,1,12,14,8,0,34,3,2,1,2,5,1,0.227941176,25569
"Total","Kyle McCann","OAK",33,98,84,25,18,3,0,4,10,11,14,1,29,0,0,0,2,0,0,0.297619047,25575
"Total","Marco Luciano","SFG",20,49,44,10,7,2,1,0,6,1,5,0,19,0,0,0,1,0,0,0.227272727,25616
"Total","Bryan Ramos","CHW",13,37,36,6,4,2,0,0,3,1,1,0,8,0,0,0,2,0,0,0.166666666,25621
"Total","Drew Millas","WSN",19,44,39,11,6,3,0,2,3,5,5,0,7,0,0,0,2,1,0,0.282051282,25643
"Total","Will Brennan","CLE",193,563,523,144,105,26,0,13,59,56,30,4,67,7,3,0,6,14,6,0.275334608,25660
"Total","Bobby Witt Jr.","KCR",244,880,805,234,138,44,18,34,130,132,57,5,148,6,11,1,11,57,18,0.290683229,25764
"Total","CJ Abrams","WSN",218,703,638,174,102,38,8,26,104,76,46,5,124,13,4,2,6,49,9,0.272727272,25768
"Total","Pedro Pages","STL",25,56,49,10,7,1,0,2,8,6,5,0,15,0,1,1,2,1,0,0.204081632,25782
"Total","Blake Sabol","SFG",116,327,293,76,52,11,0,13,37,42,26,1,100,5,2,1,4,3,2,0.259385665,25805
"Total","Jared Triolo","PIT",106,319,278,69,55,8,0,6,31,38,34,0,87,3,4,0,4,7,2,0.248201438,25807
"Total","Grae Kessinger","HOU",25,43,38,5,4,1,0,0,3,0,5,0,10,0,0,0,1,0,1,0.131578947,25813
"Total","Shea Langeliers","OAK",188,556,508,110,55,20,4,31,62,87,35,1,162,8,4,1,12,5,2,0.216535433,25816
"Total","Braden Shewmake","2 Tms",24,62,59,6,3,2,0,1,3,3,1,0,9,0,2,0,0,4,1,0.101694915,25817
"Total","Andre Lipcius","DET",9,27,26,6,4,1,0,1,1,4,1,0,6,0,0,0,1,0,0,0.23076923,25822
"Total","Michael Toglia","COL",77,215,194,38,21,6,2,9,31,25,17,0,63,2,2,0,4,3,1,0.195876288,25845
"Total","Ryan Kreidler","DET",23,39,36,4,3,0,0,1,5,2,3,0,16,0,0,0,0,2,1,0.111111111,25867
"Total","Corbin Carroll","ARI",223,726,636,166,91,37,15,23,134,81,76,1,148,11,3,0,8,55,8,0.261006289,25878
"Total","Michael Harris II","ATL",194,582,540,150,96,31,5,18,81,56,34,2,113,3,4,1,11,23,6,0.277777777,25931
"Total","Kerry Carpenter","DET",163,526,479,140,81,27,6,26,70,78,36,4,133,7,3,0,6,4,1,0.292275574,25961
"Total","Orelvis Martinez","TOR",1,3,3,1,1,0,0,0,0,0,0,0,1,0,0,0,0,0,0,0.333333333,25967
"Total","Riley Greene","DET",179,610,536,155,96,29,6,24,87,63,69,3,162,2,3,0,7,11,1,0.289179104,25976
"Total","Nasim Nunez","WSN",10,6,5,0,0,0,0,0,3,0,1,0,1,0,0,0,0,3,1,0,25979
"Total","Vaughn Grissom","2 Tms",41,116,107,21,17,3,1,0,5,9,6,0,19,3,0,0,3,0,0,0.196261682,26031
"Total","Francisco Alvarez","NYM",139,371,339,85,45,18,1,21,48,57,25,0,94,6,1,0,13,0,0,0.250737463,26121
"Total","Brett Baty","NYM",146,426,382,88,67,10,0,11,45,39,39,1,111,2,1,1,8,2,0,0.230366492,26123
"Total","Dominic Fletcher","2 Tms",51,145,133,36,26,8,0,2,11,17,10,1,33,0,0,2,1,0,2,0.270676691,26149
"Total","Kyle Stowers","BAL",24,65,62,12,7,4,0,1,3,9,2,0,25,0,1,0,1,0,1,0.193548387,26151
"Total","Andrew Vaughn","CHW",228,743,675,171,110,34,2,25,77,91,49,0,172,15,4,0,23,1,0,0.253333333,26197
"Total","Tyler Fitzgerald","SFG",34,58,53,14,8,4,1,1,6,6,4,0,18,1,0,0,0,5,1,0.264150943,26208
"Total","Darell Hernaiz","OAK",20,43,37,4,4,0,0,0,3,3,6,0,10,0,0,0,1,0,0,0.108108108,26224
"Total","Adley Rutschman","BAL",222,749,657,163,113,27,1,22,87,79,83,7,129,3,6,0,14,1,2,0.248097412,26288
"Total","Gunnar Henderson","BAL",221,729,657,189,94,39,9,47,138,117,63,2,174,6,3,0,7,15,2,0.287671232,26289
"Total","Bryson Stott","PHI",230,713,641,173,117,36,4,16,87,76,53,2,107,6,12,1,10,38,4,0.269890795,26294
"Total","Oliver Dunn","MIL",37,97,89,20,15,2,2,1,11,6,6,0,36,1,0,1,1,3,0,0.224719101,26295
"Total","Josh Jung","TEX",123,407,378,97,60,19,2,16,51,54,22,0,126,5,2,0,5,2,2,0.256613756,26299
"Total","Michael Busch","2 Tms",105,326,278,65,39,14,0,12,42,34,42,1,109,2,4,0,2,2,1,0.233812949,26319
"Total","Spencer Steer","CIN",236,744,653,163,98,39,3,23,79,88,75,0,162,14,2,0,10,21,2,0.249617151,26323
"Total","Jonny DeLuca","2 Tms",46,118,108,19,13,3,0,3,7,14,7,0,27,2,0,1,0,7,1,0.175925925,26365
"Total","JJ Bleday","OAK",164,531,457,104,60,24,3,17,59,45,68,2,106,3,3,0,8,4,2,0.227571115,26368
"Total","Josh Smith","TEX",153,421,362,87,53,23,2,9,53,35,40,0,82,16,1,2,5,1,0,0.240331491,26396
"Total","Kyren Paris","LAA",28,66,55,7,5,1,0,1,6,5,9,0,24,0,0,1,1,4,0,0.127272727,26420
"Total","Dominic Canzone","2 Tms",107,300,278,62,35,14,0,13,36,34,20,2,64,1,1,0,8,2,0,0.223021582,26438
"Total","Matt Wallner","MIN",81,242,196,51,26,11,1,13,40,42,29,1,81,16,1,0,1,2,1,0.260204081,26466
"Total","Luis Matos","SFG",90,246,234,52,39,9,1,3,18,27,10,0,30,1,0,1,6,2,0,0.222222222,26467
"Total","Davis Wendzel","TEX",9,12,11,2,2,0,0,0,0,0,0,0,5,1,0,0,0,0,0,0.181818181,26469
"Total","Spencer Horwitz","TOR",40,125,103,31,22,5,0,4,15,12,17,1,22,5,0,0,1,0,0,0.300970873,26477
"Total","Noelvi Marte","CIN",43,122,115,30,19,8,0,3,14,14,6,0,32,1,0,0,1,7,1,0.260869565,26517
"Total","Angel Martinez","CLE",6,17,11,3,2,1,0,0,2,0,5,0,2,0,0,1,0,0,0,0.272727272,26540
"Total","Jonatan Clase","SEA",10,20,19,5,4,1,0,0,3,3,1,0,6,0,0,0,1,2,0,0.263157894,26599
"Total","Elly De La Cruz","CIN",183,556,497,126,68,23,13,22,98,67,57,4,177,1,1,0,12,50,10,0.253521126,26668
"Total","Austin Martin","MIN",34,91,83,22,14,7,0,1,21,7,8,0,18,0,0,0,2,5,1,0.26506024,27462
"Total","Spencer Torkelson","DET",207,703,626,140,81,37,0,22,82,74,64,0,188,9,3,0,14,3,0,0.223642172,27465
"Total","Tyler Soderstrom","OAK",91,267,237,45,31,4,0,10,19,23,25,1,79,3,2,0,12,0,0,0.189873417,27467
"Total","Zach DeLoach","CHW",8,21,18,2,1,1,0,0,1,1,3,0,7,0,0,0,0,0,0,0.111111111,27471
"Total","Jordan Walker","STL",127,385,348,98,65,19,2,12,39,40,29,0,91,5,3,0,6,6,4,0.281609195,27475
"Total","Patrick Bailey","SFG",148,437,392,90,59,22,1,8,40,56,35,0,108,3,5,2,5,2,0,0.229591836,27478
"Total","Masyn Winn","STL",109,311,278,74,57,13,2,2,27,26,23,0,55,0,6,4,1,7,3,0.26618705,27479
"Total","Nick Gonzales","PIT",78,234,213,54,38,11,1,4,23,30,11,0,54,4,4,2,3,3,2,0.253521126,27490
"Total","Justin Foscue","TEX",1,1,1,0,0,0,0,0,0,0,0,0,0,0,0,0,0,0,0,0,27501
"Total","Ha-Seong Kim","SDP",226,687,582,140,102,19,3,16,96,63,88,3,136,5,8,4,9,39,7,0.240549828,27506
"Total","David Hamilton","BOS",71,197,179,43,26,11,1,5,27,16,17,0,49,1,0,0,1,20,1,0.240223463,27531
"Total","Edouard Julien","MIN",159,530,439,110,67,20,1,22,76,52,84,0,167,3,3,1,7,9,0,0.250569476,27534
"Total","Duke Ellis","CHW",6,3,3,0,0,0,0,0,0,0,0,0,1,0,0,0,0,4,0,0,27543
"Total","Garrett Mitchell","MIL",23,78,67,17,12,2,1,2,10,6,11,0,25,0,0,0,0,1,1,0.253731343,27555
"Total","Austin Wells","NYY",72,225,196,43,20,15,0,8,28,27,23,0,42,1,4,0,3,1,0,0.219387755,27562
"Total","Casey Schmitt","SFG",80,193,176,34,20,11,0,3,24,21,8,0,51,4,2,3,5,1,1,0.193181818,27577
"Total","Jacob Hurtubise","CIN",27,59,48,9,7,1,1,0,7,4,6,0,15,2,1,2,0,2,0,0.1875,27599
"Total","Alika Williams","PIT",48,116,108,26,21,5,0,0,7,4,6,0,30,1,0,1,1,1,0,0.24074074,27604
"Total","Alec Burleson","STL",184,538,491,134,86,29,1,18,57,64,32,0,71,6,4,2,15,8,2,0.272912423,27615
"Total","Nick Loftin","KCR",55,154,138,28,21,6,1,0,13,11,14,0,25,0,1,1,3,2,0,0.20289855,27630
"Total","Anthony Volpe","NYY",237,766,699,153,98,27,7,21,97,73,54,0,199,8,3,1,8,31,5,0.21888412,27647
"Total","Vinnie Pasquantino","KCR",142,475,420,105,56,30,2,17,50,67,44,3,57,4,6,0,8,0,0,0.25,27676
"Total","Michael Massey","KCR",161,481,451,108,67,19,1,21,50,63,22,1,95,3,4,1,7,4,1,0.239467849,27684
"Total","Joey Wiemer","MIL",111,299,260,44,27,11,0,6,32,26,32,0,81,5,2,0,3,8,2,0.169230769,27690
"Total","Brett Wisely","SFG",80,212,196,39,27,8,0,4,22,17,14,0,52,0,2,0,3,2,3,0.198979591,27735
"Total","Pete Crow-Armstrong","CHC",57,147,130,24,16,4,3,1,10,15,8,0,42,2,1,6,1,16,2,0.184615384,27769
"Total","Evan Carter","TEX",66,197,169,43,20,10,3,10,33,25,25,1,51,1,2,0,2,5,0,0.254437869,27790
"Total","Jordan Westburg","BAL",138,404,372,104,60,26,6,12,53,53,21,0,82,7,4,0,4,7,2,0.279569892,27815
"Total","Matt Mervis","CHC",36,106,96,15,10,2,0,3,9,11,8,0,29,1,0,0,1,0,0,0.15625,27845
"Total","Colt Keith","DET",78,255,238,59,43,8,1,7,25,29,14,1,43,2,1,0,3,4,1,0.247899159,27899
"Total","Adael Amador","COL",10,31,30,5,4,1,0,0,0,0,1,0,6,0,0,0,1,1,0,0.166666666,27962
"Total","Jasson Dominguez","NYY",8,26,24,7,2,1,0,4,6,7,2,0,6,0,0,0,0,1,0,0.291666666,28080
"Total","Junior Caminero","TBR",7,24,23,5,4,1,0,0,2,5,1,0,5,0,0,0,1,0,0,0.217391304,28163
"Total","Jackson Chourio","MIL",70,194,181,49,33,8,0,8,25,29,10,0,49,0,2,1,2,5,1,0.270718232,28806
"Total","Blake Dunn","CIN",7,5,4,0,0,0,0,0,2,0,0,0,1,1,0,0,0,0,0,0,29487
"Total","Jackson Merrill","SDP",83,231,217,71,52,9,2,8,32,34,11,1,43,1,0,2,0,8,2,0.32718894,29490
"Total","James Wood","WSN",6,15,12,5,3,1,0,1,4,5,3,0,5,0,0,0,0,0,1,0.416666666,29518
"Total","Ryan Bliss","SEA",17,37,33,7,5,2,0,0,5,3,1,0,10,1,0,2,1,1,1,0.212121212,29547
"Total","Ben Rice","NYY",16,47,40,13,6,3,0,4,5,12,6,0,6,0,1,0,1,0,1,0.325,29576
"Total","Colton Cowser","BAL",98,273,233,47,24,14,1,8,36,32,33,2,74,5,2,0,6,4,1,0.201716738,29591
"Total","Connor Norby","BAL",4,10,10,2,1,0,0,1,2,2,0,0,3,0,0,0,0,0,0,0.2,29592
"Total","Justyn-Henry Malloy","DET",25,73,64,10,6,1,0,3,5,4,7,0,27,1,1,0,0,1,1,0.15625,29606
"Total","Henry Davis","PIT",87,249,219,42,30,6,0,6,28,20,24,0,84,2,3,0,2,2,3,0.191780821,29617
"Total","Sal Frelick","MIL",136,444,386,102,80,17,2,3,65,33,50,0,74,4,3,0,4,18,2,0.264248704,29622
"Total","Joey Loperfido","HOU",24,70,64,19,13,5,0,1,6,11,3,0,24,2,0,1,1,2,1,0.296875,29630
"Total","Matt McLain","CIN",87,302,273,76,47,15,4,10,48,33,23,0,94,6,0,0,5,9,4,0.278388278,29695
"Total","Hunter Goodman","COL",51,140,128,23,12,6,2,3,10,22,8,0,42,1,3,0,4,2,1,0.1796875,29715
"Total","Zack Gelof","OAK",136,441,400,103,55,25,3,20,57,51,32,0,135,5,2,2,7,19,3,0.2575,29766
"Total","Brett Harris","OAK",20,59,47,7,3,1,0,3,9,9,9,0,11,2,1,0,1,0,1,0.14893617,29788
"Total","Kyle Manzardo","CLE",29,69,65,14,6,8,0,0,3,4,2,0,18,1,1,0,0,0,0,0.215384615,29794
"Total","Jacob Young","WSN",98,284,255,64,49,14,1,0,31,22,16,0,58,6,1,6,6,22,2,0.250980392,29931
"Total","Tyler Black","MIL",12,32,28,6,5,1,0,0,1,1,4,0,12,0,0,0,0,3,0,0.214285714,29949
"Total","Jordan Lawlar","ARI",10,22,21,3,3,0,0,0,2,0,0,0,8,1,0,0,0,0,0,0.142857142,29976
"Total","Christian Encarnacion-Strand","CIN",87,266,248,62,38,10,0,14,35,46,10,0,76,6,2,0,7,2,0,0.25,30011
"Total","Seiya Suzuki","CHC",193,627,560,152,90,30,6,26,76,81,55,1,167,5,7,0,8,7,5,0.271428571,30116
"Total","Oscar Colas","CHW",79,228,211,48,38,6,0,4,28,17,13,1,61,1,1,2,2,4,4,0.227488151,30162
"Total","Heston Kjerstad","BAL",29,78,68,17,10,2,0,5,7,13,7,1,24,2,0,0,0,0,0,0.25,31166
"Total","Zach Neto","LAA",163,531,479,103,56,32,0,15,56,58,31,0,127,15,4,2,11,13,5,0.215031315,31347
"Total","Victor Scott II","STL",18,52,48,4,1,3,0,0,4,2,1,0,11,1,2,0,0,2,0,0.083333333,31349
"Total","Graham Pauley","SDP",13,30,30,4,2,0,0,2,4,5,0,0,14,0,0,0,1,0,0,0.133333333,31363
"Total","Tyler Locklear","SEA",6,18,17,4,2,1,0,1,2,2,0,0,7,1,0,0,1,1,0,0.235294117,31396
"Total","Jordan Beck","COL",20,62,61,13,8,3,0,2,4,8,0,0,24,0,1,0,0,2,0,0.213114754,31431
"Total","Wade Meckler","SFG",19,55,48,10,9,1,0,0,6,3,6,0,23,1,0,0,0,0,0,0.208333333,31490
"Total","Trey Lipscomb","WSN",34,95,82,22,21,0,0,1,14,8,10,0,16,1,1,0,3,7,0,0.268292682,31567
"Total","Brooks Lee","MIN",5,16,15,7,5,1,0,1,2,6,0,0,2,0,1,0,2,0,0,0.466666666,31595
"Total","Jackson Holliday","BAL",10,31,30,2,2,0,0,0,5,1,1,0,17,0,0,0,0,0,0,0.066666666,31781
"Total","Masataka Yoshida","BOS",180,562,524,153,103,34,2,14,71,66,30,0,78,7,1,0,13,7,0,0.291984732,31837
"Total","Nolan Schanuel","LAA",107,368,321,85,70,7,0,8,44,26,35,1,58,7,3,1,8,2,0,0.264797507,33189
"Total","Wyatt Langford","TEX",65,204,189,50,38,10,1,1,19,22,14,1,37,1,0,0,5,6,1,0.264550264,33333
"Total","Jung Hoo Lee","SFG",35,112,101,28,23,4,0,1,11,5,9,0,8,1,1,0,0,2,3,0.277227722,33824