Name,Team,G,PA,HR,R,RBI,SB,BB%,K%,ISO,BABIP,AVG,OBP,SLG,wOBA,xwOBA,wRC+,BsR,Off,Def,WAR,NameASCII,PlayerId,MLBAMID
"Juan Soto","- - -",262,1163,61,180,181,17,0.184006878,0.17282889,0.262032086,0.306451612,0.288770053,0.419965576,0.550802139,0.4122010484454323,,169.3052273845999,-2.053101629251614,94.51890541440153,-8.647524561034516,12.670961181172585,"Juan Soto",20123,665742
"Shohei Ohtani","- - -",236,1060,75,181,169,44,0.138679245,0.233962264,0.337807607,0.34662045,0.307606263,0.406457739,0.64541387,0.4324658318845237,,181.84162953180385,5.198402271373197,108.15855194497504,-25.385800728574395,12.063165178314986,"Shohei Ohtani",19755,660271
"Freddie Freeman","LAD",265,1186,45,194,169,28,0.112141652,0.15935919,0.224409449,0.346784363,0.314960629,0.403878583,0.539370078,0.39890265439245165,,157.8470922239496,2.4257402387447655,85.91702816115006,-13.862807527184486,11.320963768602443,"Freddie Freeman",5361,518692
"Gunnar Henderson","BAL",251,1082,56,181,145,24,0.097966728,0.246765249,0.253638253,0.312111801,0.267151767,0.343807763,0.52079002,0.367707708146837,,140.07921791875546,8.07736153434962,58.92772730492914,11.45127235079417,10.860726904811958,"Gunnar Henderson",26289,683002
"Corey Seager","TEX",209,922,52,137,145,3,0.101952277,0.169197396,0.259213759,0.318107667,0.303439803,0.377440347,0.562653562,0.39257212750539433,,152.53281321859342,-5.989822407718748,51.6032686083258,6.315500960685313,8.961682499689609,"Corey Seager",13624,608369
"Kyle Tucker","HOU",217,936,48,139,152,40,0.134615384,0.142094017,0.256345177,0.278317152,0.279187817,0.376077586,0.535532994,0.38410129467905996,,149.24842977792036,4.461074173683301,58.95591958717408,-10.203885369934142,8.131486982479077,"Kyle Tucker",18345,663656
"Bryce Harper","PHI",213,930,44,144,137,16,0.143010752,0.212903225,0.235368956,0.338181818,0.292620865,0.395698924,0.527989821,0.39149419575342725,,150.30089037827315,0.28040093587333104,56.66854644278564,-12.875660424120724,7.662295216764625,"Bryce Harper",11579,547180
"Yordan Alvarez","HOU",211,913,51,135,151,5,0.122672508,0.173055859,0.269081501,0.313485113,0.297542043,0.397590361,0.566623544,0.40566494029939376,,165.04345894226438,-6.903029756154865,63.30731287815476,-21.834971441421658,7.293014354849436,"Yordan Alvarez",19556,670541
"Jarren Duran","BOS",204,832,21,119,91,46,0.073317307,0.229567307,0.204755615,0.365454545,0.293262879,0.34939759,0.498018494,0.36225554314683517,,128.51056284572175,13.488855892792344,41.28080575615874,1.1522496721008793,7.163805310917052,"Jarren Duran",24617,680776
"Steven Kwan","CLE",234,1055,15,150,83,27,0.089099526,0.098578199,0.119450317,0.31332533,0.291754756,0.357414448,0.411205073,0.3368860719317482,,118.08485921034432,4.165663644205779,26.30139104735772,8.038374324329197,7.109464981378447,"Steven Kwan",24610,680757
"Brandon Nimmo","NYM",248,1111,40,148,131,12,0.115211521,0.230423042,0.19246862,0.313253012,0.259414225,0.358558558,0.451882845,0.35325896530349155,,129.2695223218329,-1.6699304733192548,37.830269611593806,-5.7526116606313735,7.056050091689616,"Brandon Nimmo",12927,607043
"Rafael Devers","BOS",243,1044,56,154,163,7,0.102490421,0.20881226,0.253275109,0.306153846,0.278384279,0.359195402,0.531659388,0.37364550078787456,,135.55762113483073,-3.488795058132382,40.16949383021964,-6.223656999412924,7.01872512109269,"Rafael Devers",17350,646240
"Christian Yelich","MIL",217,947,30,150,118,49,0.124604012,0.209081309,0.175609756,0.35016835,0.290243902,0.382010582,0.465853658,0.3663202807865041,,133.06919344261163,12.052167550195009,49.69449834786914,-13.946440267842263,6.878942089333098,"Christian Yelich",11477,592885
"Matt Olson","ATL",263,1143,67,169,183,1,0.122484689,0.245844269,0.260913706,0.295031055,0.260913705,0.35695538,0.521827411,0.37187326007045063,,135.55942620259358,-2.4814253197982907,48.059569297213216,-21.215291061787866,6.537198858207419,"Matt Olson",14344,621566
"Corbin Carroll","ARI",254,1072,31,179,111,74,0.093283582,0.189365671,0.182497332,0.29254571,0.25506937,0.336466165,0.437566702,0.33532815139919436,,112.31414303024916,18.86760169127956,35.75977008675159,-8.991830580460373,6.322602173397826,"Corbin Carroll",25878,682998
"J.P. Crawford","SEA",222,973,28,136,97,7,0.135662898,0.206577595,0.161835749,0.289036544,0.243961352,0.351546391,0.405797101,0.334822907228834,,119.06830121362698,1.6627295532962307,24.017911008578434,4.2280667966697365,6.133127876055761,"J.P. Crawford",15491,641487
"Cody Bellinger","CHC",209,900,35,134,134,25,0.074444444,0.162222222,0.18865598,0.313664596,0.292231812,0.346666666,0.480887792,0.3514838551754113,,124.28410774962788,2.8508870457299054,29.742695277554496,-6.312458497239277,5.417420812723503,"Cody Bellinger",15998,641355
"Brandon Marsh","PHI",213,754,21,91,96,22,0.119363395,0.312997347,0.175115208,0.380597014,0.267281105,0.355909694,0.442396313,0.3461070027395825,,119.22971386698548,3.7021981393918395,21.479650253604063,4.9293802913744,5.244130648597763,"Brandon Marsh",20202,669016
"Andrés Giménez","CLE",248,1015,20,119,107,45,0.048275862,0.167487684,0.122826087,0.283197831,0.248913043,0.307234886,0.37173913,0.2973227979648658,,91.11111549484598,5.3983213364263065,-5.127987121790646,23.051404248690233,5.234361404133582,"Andres Gimenez",19950,665926
"Bryson Stott","PHI",245,1007,21,122,104,54,0.078450844,0.158887785,0.127494456,0.294836956,0.263858093,0.325049701,0.391352549,0.31218444190889716,,96.24494988608333,7.989521313254954,3.599761144819677,14.152810952160507,5.210728602298725,"Bryson Stott",26294,681082
"Riley Greene","DET",200,843,28,108,88,11,0.102016607,0.264531435,0.189586115,0.357285429,0.276368491,0.352731591,0.465954606,0.35337136264921515,,127.99419283437302,2.024456213170197,29.707458475459962,-7.251458572543925,5.149631806153674,"Riley Greene",25976,682985
"Brandon Lowe","TBR",164,647,33,87,101,8,0.112828438,0.264296754,0.228571428,0.277777777,0.2375,0.333848531,0.466071428,0.3449025082145313,,126.15242616546827,2.041519962484017,21.95371639075665,0.966020917519927,4.5185880976525326,"Brandon Lowe",18882,664040
"TJ Friedl","CIN",164,667,22,87,82,33,0.08245877,0.16341829,0.181196581,0.295404814,0.268376068,0.345978755,0.449572649,0.3446342239445104,,112.22388950068137,7.621597226243466,17.788220838709627,2.8337443590862677,4.321265710863749,"TJ Friedl",19522,670770
"Michael Harris II","ATL",205,817,23,106,77,28,0.048959608,0.195838433,0.158169935,0.324232081,0.278431372,0.31862745,0.436601307,0.32470521513894385,,103.56185948471635,4.91415317193605,8.853732427296649,6.602999270893633,4.321173271538869,"Michael Harris II",25931,671739
"Josh Naylor","CLE",218,900,39,107,169,15,0.078888888,0.153333333,0.2039555,0.288161993,0.276885043,0.338153503,0.480840543,0.3456162411837556,,124.7552613213921,-3.7754129900131375,22.602256497992293,-10.348212325479835,4.282906609237367,"Josh Naylor",18839,647304
"Luis Arraez","- - -",245,1056,13,123,97,7,0.049242424,0.054924242,0.09908999,0.345986984,0.335692618,0.372865275,0.434782608,0.34923010121598796,,123.31555039348396,-2.735363468338619,27.44539137044524,-21.36919721146114,4.199544638077647,"Luis Arraez",18568,650333
"Daulton Varsho","TOR",252,931,31,112,100,25,0.085929108,0.2481203,0.177380952,0.254733218,0.213095238,0.284482758,0.39047619,0.2934621971144774,,87.59976084336134,4.6831804369576275,-9.03659475647648,18.61585078202188,4.150507982818556,"Daulton Varsho",19918,662139
"CJ Abrams","WSN",246,1036,33,143,113,63,0.06081081,0.193050193,0.182978724,0.285112359,0.251063829,0.312984496,0.434042553,0.3214333353975848,,103.1251600642603,8.531112009426579,11.927127251451937,-6.145681129768491,4.147692833326004,"CJ Abrams",25768,682928
"Lars Nootbaar","STL",169,719,21,92,67,15,0.134909596,0.200278164,0.160714285,0.297356828,0.253246753,0.354253835,0.413961038,0.33713907429150175,,115.52336744648696,3.080320915207267,16.775667590742074,-0.011185496114194393,4.140194888485004,"Lars Nootbaar",21454,663457
"Nathaniel Lowe","TEX",243,1054,25,126,124,3,0.127134724,0.223908918,0.144273128,0.329249617,0.26431718,0.360531309,0.408590308,0.3389657051957605,,115.0139974671763,-4.752672533271834,14.004177052259223,-8.946151969954371,4.108054620112313,"Nathaniel Lowe",19566,663993
"Ryan McMahon","COL",251,1052,38,130,117,8,0.110266159,0.301330798,0.18574514,0.338541666,0.25161987,0.335238095,0.43736501,0.334362064651325,,97.1895111968944,-4.992507326067425,-8.955625322287103,12.440885270247236,3.987840929708251,"Ryan McMahon",15112,641857
"Max Kepler","MIN",207,784,30,108,101,2,0.081632653,0.206632653,0.191761364,0.29672447,0.261363636,0.326947637,0.453125,0.3359261832626996,,116.88051435271292,-3.554469602648169,12.244310069927588,0.9697383921593428,3.986026911148542,"Max Kepler",12144,596146
"Jazz Chisholm Jr.","MIA",197,808,32,94,101,43,0.077970297,0.275990099,0.182312926,0.312629399,0.248979591,0.312267657,0.431292517,0.31979966327139264,,102.59426496505942,6.714658840093762,9.241279598836105,0.6075779563980177,3.77904258657376,"Jazz Chisholm Jr.",20454,665862
"Max Muncy","LAD",175,746,45,119,133,1,0.142091152,0.272117962,0.260869565,0.229166666,0.214170692,0.331099195,0.475040257,0.3425035638583673,,118.68912133685127,-1.6146211699815467,15.436797224424883,-3.4140562729444355,3.759501155541889,"Max Muncy",13301,571970
"Josh Lowe","TBR",184,681,25,87,101,41,0.066079295,0.262848751,0.191759112,0.341067285,0.272583201,0.320117474,0.464342313,0.33432883903340255,,118.57077105645818,6.403897444251925,21.667584781384583,-7.3003952271537855,3.7342528984018926,"Josh Lowe",19953,666139
"James Outman","LAD",196,707,26,96,80,18,0.114568599,0.323903818,0.171334432,0.31741573,0.228995057,0.332390381,0.400329489,0.322687682028195,,104.99858077701738,3.312601395417005,8.142612764708858,5.224607408628799,3.7101601032501033,"James Outman",24770,681546
"Edouard Julien","MIN",172,617,23,85,54,9,0.147487844,0.327390599,0.179190751,0.346801346,0.242774566,0.357142857,0.421965317,0.3432703327822995,,121.86788723441643,-1.358831524848938,14.85361807669048,0.8433049226296134,3.668474438801112,"Edouard Julien",27534,666397
"LaMonte Wade Jr.","SFG",205,753,20,94,64,3,0.155378486,0.195219123,0.142625607,0.319474835,0.26904376,0.388518024,0.411669367,0.3528104625832826,,127.70143037978005,-2.6123177104163915,22.593132420396405,-13.303117010742426,3.5303589352839433,"LaMonte Wade Jr.",18126,664774
"Josh Smith","TEX",187,601,16,75,58,7,0.09983361,0.214642262,0.156862745,0.29972752,0.247058823,0.353433835,0.403921568,0.33635557227886764,,114.52803945571982,0.8416549910325557,10.770859094519409,0.5805701343342662,3.2406972667144878,"Josh Smith",26396,669701
"Ryan O'Hearn","BAL",196,676,26,89,99,8,0.063609467,0.173076923,0.187800963,0.309917355,0.282504012,0.331851851,0.470304975,0.342738011110735,,122.95879940540112,-0.444472917355597,17.818416283055715,-9.08342303428799,3.1872033454876907,"Ryan O'Hearn",16442,656811
"Bo Naylor","CLE",143,475,17,62,56,8,0.107368421,0.277894736,0.178997614,0.274725274,0.219570405,0.305263157,0.398568019,0.3061871930610302,,97.81769752343097,1.314520831918344,0.31898657614820625,14.991961933905259,3.1454976654946734,"Bo Naylor",21865,666310
"Kerry Carpenter","DET",168,622,28,78,93,6,0.069131832,0.245980707,0.218472469,0.335064935,0.278863232,0.34032258,0.497335701,0.3564644833276798,,129.05202128754223,-1.3907447996898554,19.94582394866029,-9.848292108275928,3.144211830230641,"Kerry Carpenter",25961,681481
"Luke Raley","- - -",208,694,30,91,78,21,0.054755043,0.315561959,0.213483146,0.319148936,0.240770465,0.313583815,0.454253611,0.3317764482401699,,117.36520914697907,2.236991195837618,16.681632757385124,-9.127905519446358,3.094853302435034,"Luke Raley",19354,670042
"Brendan Donovan","STL",192,793,20,92,82,8,0.079445145,0.134930643,0.135977337,0.29845626,0.274787535,0.348484848,0.410764872,0.3335243053828614,,114.74305963595609,-0.9334179040888557,13.232025064399936,-9.888227325049229,3.069517974190356,"Brendan Donovan",24679,680977
"Jeff McNeil","NYM",251,997,19,117,88,15,0.062186559,0.108324974,0.117127071,0.272030651,0.256353591,0.317220543,0.373480662,0.304747973924197,,96.24977757858079,-0.0037502320101339137,-4.376298599048011,0.5044951869640499,3.000472478994098,"Jeff McNeil",15362,643446
"Nolan Jones","COL",155,615,23,79,76,23,0.126829268,0.307317073,0.203773585,0.371875,0.267924528,0.364820846,0.471698113,0.3594348083184466,,112.90258859319802,1.6610578874824569,11.945951348245769,-2.49358466360718,2.995785498575759,"Nolan Jones",20529,666134
"Mike Yastrzemski","SFG",191,651,23,86,76,4,0.104454685,0.268817204,0.201048951,0.301333333,0.237762237,0.325617283,0.438811188,0.3298224850285868,,112.86263029335036,0.6042262924602255,10.729083693106471,-3.226407357142307,2.994692650576023,"Mike Yastrzemski",14854,573262
"Kevin Kiermaier","TOR",208,613,12,81,54,19,0.063621533,0.246329526,0.141323793,0.304239401,0.239713774,0.292763157,0.381037567,0.292837081477046,,86.80415364921505,3.6731362339342013,-5.643655564043421,14.428168222308159,2.9388120697703943,"Kevin Kiermaier",11038,595281
"Nolan Gorman","STL",213,823,46,100,126,13,0.10328068,0.345078979,0.230136986,0.28960396,0.223287671,0.30619684,0.453424657,0.3264301351740067,,109.18239339003424,-0.36639477231074125,9.061216892187971,-8.474598119966686,2.8604252270936987,"Nolan Gorman",22263,669357
"Jason Heyward","LAD",170,527,20,74,62,5,0.092979127,0.165085388,0.203023758,0.265927977,0.250539956,0.328244274,0.453563714,0.33618575847399623,,114.84141462446449,0.45456290734000504,10.141074541704565,0.11652495828457177,2.8232004805728397,"Jason Heyward",4940,518792
"Joc Pederson","- - -",205,716,29,94,91,5,0.124301675,0.223463687,0.2,0.290167865,0.25,0.359550561,0.45,0.3501680943137365,,125.09580027070487,-0.1731899493606761,21.203126424440303,-19.945942126214504,2.610725559226716,"Joc Pederson",11899,592626
"Kyle Schwarber","PHI",251,1141,66,174,161,4,0.170026292,0.29097283,0.245425188,0.242592592,0.212055974,0.350569675,0.457481162,0.34933724715596154,,121.43099075798294,-5.222080248553539,24.37560448421272,-37.69533568690531,2.5866711063258156,"Kyle Schwarber",16478,656941
"Sal Frelick","MIL",148,566,5,74,44,21,0.106007067,0.162544169,0.086868687,0.306733167,0.258585858,0.34163701,0.345454545,0.30861135765751063,,95.81838144378705,3.463340761954896,0.5742237319083361,5.47657013963908,2.569362077133116,"Sal Frelick",29622,686217
"Josh Rojas","- - -",197,669,8,80,57,18,0.086696562,0.222720478,0.100166945,0.304932735,0.240400667,0.307692307,0.340567612,0.2876910997661579,,84.78504187887798,0.5910873466636986,-11.850708708996306,14.41855941771064,2.5343102334767638,"Josh Rojas",19734,668942
"Austin Wells","NYY",86,293,11,35,35,1,0.112627986,0.194539249,0.19047619,0.244680851,0.226190476,0.316151202,0.416666666,0.3189646665173298,,107.58067306695092,0.058748346025822684,2.6273434579136694,12.177233652444556,2.519718532525025,"Austin Wells",27562,669224
"Jake Cronenworth","SDP",227,950,24,105,108,8,0.083157894,0.184210526,0.15852205,0.273148148,0.239570917,0.315677966,0.398092967,0.31165179224277506,,102.3973653511973,1.7654179704841226,4.1682794444130495,-12.614615389378741,2.4252230169888174,"Jake Cronenworth",18036,630105
"Jarred Kelenic","- - -",193,740,22,78,81,19,0.083783783,0.302702702,0.166915052,0.337995337,0.248882265,0.312584573,0.415797317,0.3144082772488497,,102.40906057747357,2.1464916507247835,4.318297251889986,-5.8713245370890945,2.397089972263914,"Jarred Kelenic",22558,672284
"Mike Tauchman","CHC",180,678,13,104,67,12,0.132743362,0.203539823,0.119584055,0.304651162,0.249566724,0.354505169,0.369150779,0.3240026175623109,,106.0726332784043,1.465592736902181,6.488416022794022,-5.841039728489704,2.3850264716763308,"Mike Tauchman",15274,643565
"Jackson Merrill","SDP",101,376,12,45,49,11,0.045212765,0.191489361,0.157746479,0.323529411,0.28169014,0.315508021,0.439436619,0.32595665892710957,,115.79456998896366,2.8021497768349946,9.768036075113075,0.4472869629971683,2.377061035363997,"Jackson Merrill",29490,701538
"Oneil Cruz","PIT",100,409,16,52,55,12,0.080684596,0.308068459,0.193548387,0.330472103,0.25,0.310513447,0.443548387,0.32338792452671256,,106.66701356868967,2.791335199493915,6.012313901358908,3.016106404364109,2.358981180350452,"Oneil Cruz",21711,665833
"Jesús Sánchez","MIA",218,723,26,75,90,10,0.076071922,0.25726141,0.186930091,0.308035714,0.249240121,0.312066574,0.436170212,0.3227372059238471,,103.98808886570144,-0.6010386120178737,3.0077578193628582,-4.724772351561114,2.301255959478249,"Jesus Sanchez",19913,660821
"Colton Cowser","BAL",120,392,14,52,47,8,0.112244897,0.293367346,0.181008902,0.27014218,0.210682492,0.31377551,0.391691394,0.3103866872115013,,102.21384646109475,1.670186620671302,2.5001719177692445,6.582690370734781,2.2874416262175963,"Colton Cowser",29591,681297
"Wilyer Abreu","BOS",105,348,10,47,45,10,0.091954022,0.281609195,0.195512821,0.367149758,0.275641025,0.341954022,0.471153846,0.35030427643622475,,121.15639029184938,0.7025833639781922,9.35536653823262,1.024047760758549,2.2369041542236605,"Wilyer Abreu",23772,677800
"JJ Bleday","OAK",185,721,22,80,63,5,0.116504854,0.210818307,0.182539682,0.252723311,0.219047619,0.3125,0.401587301,0.31231140310053707,,104.82339580915739,-0.8647199674742296,3.0715217566554633,-5.28086353559047,2.23529380832952,"JJ Bleday",26368,668709
"Cedric Mullins","BAL",209,761,25,92,106,36,0.077529566,0.226018396,0.174165457,0.261044176,0.224963715,0.286657859,0.399129172,0.29643210224689,,90.73209773858943,5.400102100102231,-2.8043706324608664,-0.6233717369614169,2.2155686539610797,"Cedric Mullins",17929,656775
"Luis García Jr.","WSN",210,816,20,95,95,22,0.050245098,0.138480392,0.136897002,0.291731669,0.269882659,0.304294478,0.406779661,0.3069550668138837,,93.2962723643203,-1.2635173698654398,-8.197343295082574,2.087065420579165,2.2115073360175566,"Luis Garcia Jr.",20391,671277
"Brandon Belt","TOR",103,404,19,53,43,0,0.150990099,0.3490099,0.235988201,0.370165745,0.253687315,0.368811881,0.489675516,0.3690375660548435,,138.23094505489752,-2.1762499227188528,16.330449744742104,-8.328429037239403,2.1784641364205566,"Brandon Belt",10264,474832
"Triston Casas","BOS",154,592,30,78,75,0,0.138513513,0.256756756,0.232741617,0.311926605,0.260355029,0.363175675,0.493096646,0.3665071155141,,129.58229059215915,-4.155091160908341,16.724429061645445,-15.375539930537343,2.158975088493711,"Triston Casas",22514,671213
"Matt Wallner","MIN",100,323,18,47,50,2,0.105263157,0.346749226,0.263940521,0.342857142,0.245353159,0.368421052,0.50929368,0.3773659165971768,,144.84759407075106,0.23226482543395832,17.458852136761966,-6.9812901839613914,2.1551541006880495,"Matt Wallner",26466,670242
"Kyle Isbel","KCR",174,577,12,83,61,13,0.058925476,0.188908145,0.146616541,0.275362318,0.236842105,0.283712784,0.383458646,0.28934187312886095,,79.59458919655472,4.628073735162616,-9.326674871732834,10.452688007615507,2.0728863561936954,"Kyle Isbel",21614,664728
"Trent Grisham","- - -",209,707,19,83,69,16,0.131541725,0.275813295,0.157453936,0.251295336,0.194304857,0.309557774,0.351758793,0.2958878664459501,,89.54501352971488,1.6790005704388022,-7.3027142742342654,4.053299545834307,2.0546814622587473,"Trent Grisham",18564,663757
"Ben Rortvedt","- - -",105,295,5,30,30,1,0.128813559,0.250847457,0.101960785,0.295454545,0.223529411,0.328813559,0.325490196,0.29813986410528925,,94.9197367481574,-0.9340485086431727,-2.868563677647984,12.410766249988228,1.995061753072831,"Ben Rortvedt",20287,666163
"Brice Turang","MIL",235,845,12,93,77,57,0.0852071,0.19408284,0.093421052,0.292517006,0.242105263,0.307875894,0.335526315,0.2863026888709484,,80.00609873065059,7.077408504206687,-13.910905673151504,4.143570707528852,1.9596971289914944,"Brice Turang",22186,668930
"Will Benson","CIN",200,632,22,81,65,32,0.112341772,0.354430379,0.211191336,0.350482315,0.236462093,0.324881141,0.447653429,0.3338141201415266,,106.84787108043936,0.23197555693332106,5.90790783252347,-7.691403389442712,1.9567859135829637,"Will Benson",21853,666181
"Alex Verdugo","- - -",242,1019,23,123,101,6,0.075564278,0.155053974,0.149512459,0.274900398,0.249187432,0.308447937,0.398699891,0.30694788026247055,,92.89803316811775,-1.932289698626846,-10.374151055509184,-5.679518827237189,1.8214693923091283,"Alex Verdugo",17027,657077
"Lawrence Butler","OAK",113,354,15,39,44,7,0.073446327,0.27118644,0.2,0.291666666,0.24,0.296610169,0.44,0.3173569966170747,,108.48907101776015,0.9428948606946506,4.230115677721645,1.3978892953600734,1.8043036268359895,"Lawrence Butler",22542,671732
"Jack Suwinski","PIT",230,805,35,92,100,21,0.126708074,0.306832298,0.200581396,0.266343825,0.210755813,0.315920398,0.411337209,0.3160294521600008,,97.5726951327869,3.219766639871523,1.3672687175446576,-10.72878959798254,1.7507568013995658,"Jack Suwinski",22244,669261
"Richie Palacios","- - -",115,389,11,53,36,19,0.110539845,0.190231362,0.145400593,0.283464566,0.246290801,0.338501291,0.391691394,0.32134865475939467,,110.14953552374976,3.0021774529013783,7.740004265332933,-3.884123763476964,1.7074937670201198,"Richie Palacios",24589,680700
"Michael Busch","- - -",124,441,14,56,44,3,0.113378684,0.317460317,0.176623377,0.344680851,0.246753246,0.333333333,0.423376623,0.3300365563143383,,113.50322388789652,0.8505946877412498,7.5620072300598205,-6.519184339791536,1.6760234040689512,"Michael Busch",26319,683737
"Jake McCarthy","ARI",184,571,5,71,37,39,0.087565674,0.189141856,0.096192384,0.313624678,0.254509018,0.335106382,0.350701402,0.30612859399873454,,93.26608871972547,7.252990766894072,2.3059267151774243,-5.436149698216468,1.6721484585299888,"Jake McCarthy",21622,664983
"Ryan Noda","OAK",158,595,17,70,56,3,0.149579831,0.339495798,0.158536586,0.316363636,0.211382113,0.343434343,0.369918699,0.32010154750254666,,108.26784264960085,-0.3582746523898095,5.774380751527622,-10.000888298847713,1.5720341142233007,"Ryan Noda",23312,676116
"Jake Fraley","CIN",183,615,17,69,81,34,0.084552845,0.191869918,0.150362319,0.309523809,0.266304347,0.336585365,0.416666666,0.3281222640204002,,102.54862321876631,1.5735981829930097,3.58533656059223,-8.904931659810245,1.563739382184977,"Jake Fraley",19260,641584
"Spencer Horwitz","TOR",54,190,5,21,19,0,0.110526315,0.184210526,0.147239264,0.346774193,0.294478527,0.389473684,0.441717791,0.3650564428359743,,138.9301685528851,-1.1016435693018138,7.488233367767693,1.219119633664377,1.543391261228714,"Spencer Horwitz",26477,687462
"Mickey Moniak","LAA",169,597,20,65,76,12,0.040201005,0.31323283,0.176056338,0.334254143,0.248239436,0.283082077,0.424295774,0.30294542304621447,,91.34388886305715,-0.07443329994566739,-5.894134420654771,1.1718991820816882,1.5079244787820845,"Mickey Moniak",19956,666160
"Michael Conforto","SFG",205,769,25,87,98,4,0.104031209,0.23146944,0.162721894,0.278242677,0.23372781,0.319895968,0.396449704,0.3125083490191954,,100.99436285538708,-2.3993230471387506,-1.5061426645804399,-10.07878300891025,1.464673604654694,"Michael Conforto",16376,624424
"Nicky Lopez","- - -",180,565,1,56,40,11,0.084955752,0.152212389,0.058350101,0.282238442,0.235412474,0.313513513,0.293762575,0.2768270247691386,,72.9162408540331,0.18846491537988186,-17.8214179785729,11.750723173376173,1.2743073397571165,"Nicky Lopez",19339,670032
"Michael Massey","KCR",177,635,23,66,84,6,0.042519685,0.196850393,0.166947724,0.263274336,0.23946037,0.275316455,0.406408094,0.29189271584932475,,80.52928593138695,1.2342031570151448,-13.585167045102404,4.388620524085127,1.2526163543482816,"Michael Massey",27684,686681
"Evan Carter","TEX",68,237,10,38,27,5,0.11392405,0.282700421,0.223300971,0.27480916,0.22330097,0.316455696,0.446601941,0.3277593227261204,,109.36124612498966,1.1786928712390363,3.9812337731877188,0.30559312039986253,1.2095948705436685,"Evan Carter",27790,694497
"Colt Keith","DET",93,342,10,38,38,5,0.076023391,0.187134502,0.14057508,0.2875,0.252396166,0.312865497,0.392971246,0.30909322521204124,,99.63475161766333,-0.23774884222075343,-0.3826486871896616,-0.010131605667993426,1.1095232610317172,"Colt Keith",27899,690993
"Cavan Biggio","- - -",177,524,12,77,53,7,0.112595419,0.276717557,0.116853932,0.3,0.22247191,0.332053742,0.339325842,0.3045071421795294,,95.08792910875765,0.4504132134607062,-2.5224325075741936,-4.176709554856643,1.1048975259451104,"Cavan Biggio",19252,624415
"Zach McKinstry","DET",218,711,12,77,50,24,0.078762306,0.222222222,0.119751166,0.268343815,0.217729393,0.284908321,0.337480559,0.2752720865779602,,72.889524120682,4.263025484746322,-18.471667840480542,5.176019220467424,1.0709086301042656,"Zach McKinstry",19392,656716
"Michael Siani","- - -",100,234,2,32,14,14,0.042735042,0.264957264,0.075471698,0.315436241,0.231132075,0.271111111,0.306603773,0.256260716120402,,65.51596446622976,2.2152674929238856,-7.376866100299891,9.378837652435767,1.033262963767132,"Michael Siani",22557,672279
"David Hamilton","BOS",88,268,5,37,17,27,0.082089552,0.253731343,0.126530612,0.319767441,0.244897959,0.309701492,0.371428571,0.3012790888992708,,87.69160146519553,4.266185188491363,0.3274690904092368,0.7700838148593903,1.031481139673551,"David Hamilton",27531,666152
"Parker Meadows","DET",72,242,6,30,18,12,0.11983471,0.293388429,0.14354067,0.255639097,0.191387559,0.297520661,0.334928229,0.2824299056005676,,78.51563551751708,2.000656836666167,-4.062032831192777,6.216049769893289,1.0274927627114954,"Parker Meadows",23800,678009
"Cade Marlowe","SEA",35,103,3,14,11,4,0.126213592,0.320388349,0.177777778,0.351851851,0.244444444,0.339805825,0.422222222,0.3328017893346768,,116.1179507345934,0.8755949714686722,2.8472699178000545,3.0223303688690066,0.9390362183256815,"Cade Marlowe",25505,687799
"DJ Stewart","NYM",127,368,16,36,45,2,0.125,0.27173913,0.198697068,0.25388601,0.211726384,0.333333333,0.410423452,0.3282592747706533,,113.12977237529346,-0.2458814380443073,5.784079457769053,-8.99338046880439,0.9273411660381794,"DJ Stewart",17766,621466
"Vinnie Pasquantino","KCR",160,670,20,68,92,0,0.088059701,0.125373134,0.175972927,0.26,0.253807106,0.321375186,0.429780033,0.32248145825154073,,103.24240684829321,-3.546464268816635,-0.9926816179314129,-12.363257277291268,0.9147233377511079,"Vinnie Pasquantino",27676,686469
"Charlie Blackmon","COL",175,731,15,99,74,9,0.091655266,0.147742818,0.161490683,0.30095238,0.26863354,0.350205198,0.430124223,0.3401455472035663,,101.11466812588009,-1.8169790380634367,-0.7343726367208836,-15.129488695180044,0.8914396086075673,"Charlie Blackmon",7859,453568
"Trevor Larnach","MIN",123,447,18,54,72,3,0.109619686,0.266219239,0.193877551,0.277992277,0.229591836,0.315436241,0.423469387,0.3203310752663377,,106.76239224088822,-0.06514198216609657,3.4362640469314054,-9.791518355486915,0.8760446336592206,"Trevor Larnach",21501,663616
"Joey Gallo","- - -",157,497,26,56,51,2,0.138832997,0.428571428,0.227488152,0.255434782,0.172985781,0.295774647,0.400473933,0.3049269734371093,,94.50149429268856,-0.025547842495143414,-3.1987622672086475,-5.837423101125751,0.7890704716154031,"Joey Gallo",14128,608336
"Alec Burleson","STL",202,715,26,77,96,10,0.053146853,0.128671328,0.173515982,0.274725274,0.267884322,0.310734463,0.441400304,0.32398980914872916,,108.32052714410734,-3.4081069545354694,3.314462916542107,-21.17820234131068,0.6820821404617525,"Alec Burleson",27615,676475
"Reese McGuire","BOS",125,364,4,25,34,5,0.065934065,0.252747252,0.088957055,0.32051282,0.242331288,0.296918767,0.331288343,0.27823716034742296,,69.94948281415891,-1.5677516493014991,-14.428409541546724,8.906220075325109,0.6717278246147973,"Reese McGuire",15674,624512
"Blake Sabol","SFG",121,382,13,39,45,4,0.07591623,0.329842931,0.149122807,0.341463414,0.242690058,0.313157894,0.391812865,0.3080224622837157,,96.16065054894436,-0.18929885001853108,-2.0885028573061835,-4.305259642540477,0.6612829447618337,"Blake Sabol",25805,666165
"Heston Kjerstad","BAL",37,101,5,9,15,1,0.108910891,0.297029702,0.209302326,0.352941176,0.26744186,0.37,0.476744186,0.36301613766319896,,137.92157863781645,0.29952158936066553,4.747052403781903,-1.867688954109326,0.6406306510870792,"Heston Kjerstad",31166,677008
"Travis Jankowski","TEX",176,437,2,48,40,26,0.096109839,0.164759725,0.059431525,0.292063492,0.242894056,0.323394495,0.302325581,0.2849285731075007,,77.8330074432935,3.83079252357129,-7.459868108543738,-0.685955211520195,0.6377720538976365,"Travis Jankowski",13768,608671
"Masataka Yoshida","BOS",195,790,19,91,97,8,0.060759493,0.141772151,0.143448276,0.312080536,0.28275862,0.339240506,0.426206896,0.33371727972091,,107.41228478478254,-3.378065077122301,3.6249639275771273,-24.02947164976422,0.6282053676863972,"Masataka Yoshida",31837,807799
"Nolan Schanuel","LAA",124,522,10,55,40,4,0.114942528,0.159003831,0.099099099,0.286516853,0.252252252,0.349420849,0.351351351,0.31555906785525945,,101.31963448610755,-2.987053991528228,-2.1256232312277388,-9.155803454108536,0.6111126619506256,"Nolan Schanuel",33189,694384
"Akil Baddoo","DET",138,426,13,47,38,15,0.117370892,0.265258215,0.15860215,0.25,0.201612903,0.29481132,0.360215053,0.2877226469076075,,81.0420399872785,4.332166421227157,-5.1991826778100005,-3.5489515762310475,0.5656076448630613,"Akil Baddoo",22168,668731
"Brandon Crawford","- - -",118,391,8,36,41,3,0.092071611,0.260869565,0.118840579,0.238493723,0.188405797,0.271794871,0.307246376,0.2583346642687879,,62.89708779161374,-0.0871354170885752,-17.876949367429923,10.066684276796877,0.5463385040767341,"Brandon Crawford",5343,543063
"Gavin Lux","LAD",85,298,5,33,29,4,0.067114093,0.211409395,0.111510791,0.28095238,0.230215827,0.281879194,0.341726618,0.27561438623690765,,78.54700971708998,0.41465772152878344,-7.084022435171738,2.259298008168116,0.5456902311025205,"Gavin Lux",19955,666158
"Alek Thomas","ARI",147,467,12,60,52,12,0.047109207,0.214132762,0.154022989,0.266871165,0.227586206,0.269396551,0.381609195,0.27985254657448755,,73.41721822954283,5.3932821792550385,-9.925665155184834,-0.6340255238173995,0.5316306348216149,"Alek Thomas",23792,677950
"Matt Thaiss","LAA",124,397,10,40,38,2,0.120906801,0.28463476,0.123529412,0.29090909,0.217647058,0.322418136,0.34117647,0.29798074202104047,,86.71738984154925,-2.5392920104786754,-8.845237931787786,0.6952858841978014,0.5310000026661167,"Matt Thaiss",19318,642136
"Kyle McCann","OAK",38,112,4,12,11,0,0.125,0.348214285,0.153061225,0.436363636,0.285714285,0.375,0.43877551,0.3561158969595626,,136.9778271452321,-2.576184595003724,2.227925198741165,-0.8844795157201588,0.5158198679871996,"Kyle McCann",25575,668832
"Kody Clemens","PHI",73,213,7,23,23,0,0.051643192,0.258215962,0.174129354,0.287769784,0.233830845,0.276995305,0.407960199,0.2956769452408446,,84.9317514740804,0.35851193219423294,-3.6713178759956344,1.3449279628694057,0.5054771075442676,"Kody Clemens",20572,665019
"Garrett Mitchell","MIL",34,124,4,14,11,3,0.112903225,0.322580645,0.174311926,0.333333333,0.23853211,0.322580645,0.412844036,0.3203887386668113,,102.44748425441341,0.6944775409065187,1.0656149375906554,-0.34196496196091175,0.4990857052922428,"Garrett Mitchell",27555,669003
"Jesse Winker","- - -",160,568,12,66,67,14,0.137323943,0.232394366,0.124472574,0.3003003,0.236286919,0.355123674,0.360759493,0.3227882727663568,,106.02283747972699,-3.5958660691976547,-0.03200249520942222,-14.72597071412747,0.49522867726007735,"Jesse Winker",13590,608385
"Daniel Schneemann","CLE",38,121,4,11,15,1,0.115702479,0.305785123,0.209523809,0.287878787,0.219047619,0.305785123,0.428571428,0.31692801674535453,,107.41593829792247,-1.3311687363311648,-0.29027836377604244,1.0682774516753852,0.4875234324641575,"Daniel Schneemann",25180,682177
"Tyler Wade","- - -",89,172,0,26,9,11,0.081395348,0.209302325,0.032679738,0.316239316,0.241830065,0.309523809,0.274509803,0.2671311887956801,,74.04529022734091,2.295602324884385,-2.9705005061486824,1.3906583829084411,0.432543752266959,"Tyler Wade",15730,642180
"Anthony Rizzo","NYY",169,712,20,77,69,0,0.075842696,0.203651685,0.127158556,0.27368421,0.235478806,0.311797752,0.362637362,0.2992679237816404,,92.46685532977682,-6.1181963928975165,-12.34592507089982,-7.143206685781479,0.41930392003350603,"Anthony Rizzo",3473,519203
"Joshua Palacios","PIT",107,318,12,33,45,5,0.059748427,0.194968553,0.170068027,0.262443438,0.238095238,0.287974683,0.408163265,0.3005805219276042,,86.37751455892956,0.8742808196693659,-4.509918724785723,-2.3263278014492244,0.39920477108447017,"Joshua Palacios",19818,641943
"MJ Melendez","KCR",233,890,27,91,85,8,0.093258426,0.275280898,0.174185463,0.283018867,0.221804511,0.297752808,0.395989974,0.30129100417606997,,87.23266797943305,1.9114532170351595,-11.456951166610565,-14.586006737226853,0.39770539491866996,"MJ Melendez",22197,669004
"Rougned Odor","SDP",59,157,4,21,18,2,0.108280254,0.235668789,0.152173913,0.24742268,0.20289855,0.299363057,0.355072463,0.29127801869325576,,85.61952411411782,0.9384591290727258,-1.8585338000851324,0.2635824088938534,0.37113006021943007,"Rougned Odor",12282,596059
"Estevan Florial","- - -",55,182,3,16,19,5,0.098901098,0.335164835,0.150943396,0.291666666,0.194968553,0.287292817,0.345911949,0.28161882530918436,,81.18069073932328,1.6618817448616028,-2.358058414781217,-0.3803460821509361,0.3315219168949315,"Estevan Florial",19151,664314
"Ben Rice","NYY",30,114,6,12,19,0,0.122807017,0.263157894,0.226804124,0.206349206,0.195876288,0.298245614,0.422680412,0.3132630581395668,,104.84011987360796,-0.41316352249123156,0.2268873335225834,-0.8585731294006109,0.31797598995134124,"Ben Rice",29576,700250
"Joey Loperfido","HOU",35,111,2,11,15,2,0.054054054,0.342342342,0.13,0.360655737,0.24,0.3,0.37,0.2949136062101884,,90.97488227054787,0.7381062721833587,-0.42395591097822427,-0.11571398377418518,0.31741683481140665,"Joey Loperfido",29630,694388
"Alex Kirilloff","MIN",145,497,16,55,61,1,0.086519114,0.255533199,0.177272727,0.303630363,0.245454545,0.319919517,0.422727272,0.3213122511102307,,106.75828647255982,-1.765436328947544,2.3743374794320085,-16.1141316331923,0.2841811553562179,"Alex Kirilloff",20325,666135
"César Salazar","HOU",22,48,0,6,8,0,0.0625,0.208333333,0.05,0.28125,0.225,0.29787234,0.275,0.25993312673365815,,66.07612970397098,0.2517092184862122,-1.7303404388598076,2.7625866197049618,0.27759834810020917,"Cesar Salazar",21587,663967
"Pete Crow-Armstrong","CHC",78,211,3,14,18,20,0.056872037,0.274881516,0.105820106,0.224806201,0.169312169,0.229268292,0.275132275,0.2256770075821295,,42.07994266136036,3.7537701814435422,-10.745782173598698,5.821395310107619,0.2383063586277765,"Pete Crow-Armstrong",27769,691718
"Jung Hoo Lee","SFG",37,158,2,15,8,2,0.063291139,0.082278481,0.068965517,0.272727272,0.262068965,0.310126582,0.331034482,0.2850680426706242,,86.389780639832,-0.13691072072833776,-2.6592467397095376,-0.4262618781067431,0.23469786803388837,"Jung Hoo Lee",33824,808982
"Billy McKinney","NYY",48,147,6,19,14,1,0.115646258,0.265306122,0.1796875,0.273809523,0.2265625,0.319727891,0.40625,0.31474910819367186,,101.26834588613445,0.285216175718233,0.5086184642198628,-3.3460888359695673,0.21937341785790454,"Billy McKinney",15654,641856
"Will Brennan","CLE",214,699,13,69,65,16,0.045779685,0.124463519,0.109756098,0.277280858,0.25609756,0.297567954,0.365853658,0.2885163073917087,,84.76039126282602,-1.3074380900943652,-13.998959031598817,-7.499761627987027,0.20491980598956028,"Will Brennan",25660,686823
"Forrest Wall","ATL",28,47,1,9,3,8,0.106382978,0.212765957,0.119047619,0.387096774,0.309523809,0.382978723,0.428571428,0.357136643947439,,127.229019349309,-0.04661334818229079,1.617575260407083,-1.2499851835891604,0.1887204230564955,"Forrest Wall",16496,657088
"Michael Pérez","NYM",3,8,0,1,0,0,0,0.125,0.125,0.571428571,0.5,0.5,0.625,0.4864214062690735,,215.78020121731205,-0.0015452343504875898,1.1459284776715313,0.32175129279494286,0.17336862787658708,"Michael Perez",12977,605421
"Austin Shenton","TBR",17,44,1,3,3,0,0.159090909,0.295454545,0.189189189,0.260869565,0.189189189,0.318181818,0.378378378,0.3110660910606384,,105.80954476296502,-0.2356335036456585,0.06088260529634193,0.18317381292581558,0.17325719605880885,"Austin Shenton",25425,668853
"Dominic Fletcher","- - -",56,186,2,14,20,0,0.069892473,0.258064516,0.101190476,0.330508474,0.244047619,0.306010928,0.345238095,0.28674647277528115,,79.78334176895281,-1.1776433404302225,-5.43835059546783,1.04905876936391,0.16357743916500303,"Dominic Fletcher",26149,666150
"Oliver Dunn","MIL",41,104,1,11,7,3,0.057692307,0.384615384,0.094736842,0.37037037,0.221052631,0.281553398,0.315789473,0.26681942384219864,,69.90674983337244,0.8355412785895169,-2.8354484093517516,0.8493091273121536,0.1591276845136697,"Oliver Dunn",26295,686554
"Brett Wisely","SFG",102,306,5,26,26,4,0.052287581,0.27124183,0.112280702,0.301507537,0.228070175,0.269736842,0.340350877,0.26727222396354927,,71.8094713732763,-1.748793237915379,-12.405397452465753,3.4258158141747117,0.15760310108395859,"Brett Wisely",27735,689172
"Michael Brantley","HOU",15,57,2,7,7,0,0.035087719,0.035087719,0.148148148,0.25490196,0.277777777,0.298245614,0.425925925,0.30869161036976595,,95.86115594269852,-0.5503526558168232,-0.8330270677796514,0.3963823653757572,0.15123558765549266,"Michael Brantley",4106,488726
"Sam Hilliard","- - -",60,125,6,25,14,7,0.08,0.368,0.216216216,0.344262295,0.243243243,0.300813008,0.459459459,0.3209183001127399,,96.58974661639364,0.010241991374641657,-0.5257665224330904,-2.264171751390677,0.1460630203536058,"Sam Hilliard",17954,656541
"Jake Cave","- - -",147,414,8,47,43,7,0.072463768,0.265700483,0.126984127,0.303030303,0.232804232,0.288135593,0.359788359,0.2824583086863305,,69.82055695904079,1.2975687342695892,-13.80759219999354,1.1341677522286773,0.14466394124899729,"Jake Cave",14477,595909
"Enmanuel Valdez","BOS",106,331,12,37,45,6,0.066465256,0.241691842,0.181518152,0.289719626,0.244224422,0.294832826,0.425742574,0.3102788474059757,,92.53725524610455,0.5504485910059884,-2.3017579779956687,-7.227361984550953,0.13936978642572323,"Enmanuel Valdez",21716,665839
"Rafael Ortega","- - -",61,153,1,20,9,8,0.143790849,0.241830065,0.046875,0.274725274,0.203125,0.322368421,0.25,0.27089576893731165,,71.2036265074554,1.6226857230067253,-3.6711836017122614,-0.3996721557341516,0.10215158793940107,"Rafael Ortega",10323,542364
"Zack Collins","CLE",2,6,0,0,0,0,0.333333333,0.333333333,0,1,0.5,0.666666666,0.5,0.526146392027537,,247.83812761683183,-0.03236592293251306,1.0304799297080176,-0.3307702485471964,0.09027611262217972,"Zack Collins",19181,641470
"Mike Ford","- - -",101,313,17,34,38,0,0.083067092,0.306709265,0.211469534,0.251497005,0.211469534,0.293929712,0.422939068,0.3106718535621326,,99.78743673692033,-1.76079170871526,-1.6938183684198673,-7.887707088375464,0.08888200027653481,"Mike Ford",15585,645801
"Cody Thomas","OAK",19,46,1,1,2,0,0.086956521,0.369565217,0.142857142,0.375,0.238095238,0.304347826,0.38095238,0.30030896611835645,,93.83652688864841,-0.16875335946679115,-0.5084692920587751,-0.2274840883910656,0.08380078677616287,"Cody Thomas",19828,642137
"Brett Baty","NYM",158,560,13,56,50,2,0.080357142,0.269642857,0.106719367,0.282798833,0.217391304,0.284684684,0.324110671,0.2708783931895714,,73.23610762085498,-0.4240533139090985,-18.83099872267808,0.485529734287411,0.08127668545104871,"Brett Baty",26123,683146
"Tyler Black","MIL",12,38,0,2,1,3,0.105263157,0.315789473,0.05882353,0.363636363,0.235294117,0.315789473,0.294117647,0.2783408008123699,,77.77429828970878,0.6412867435719818,-0.3493622617604214,-0.354687312617898,0.060385697246918696,"Tyler Black",29949,672012
"Joey Votto","CIN",65,242,14,26,38,0,0.111570247,0.256198347,0.230769231,0.212121212,0.201923076,0.314049586,0.432692307,0.3256492979270368,,98.33356200299352,-0.4805863859655801,-0.9801870229379364,-6.679033676162362,0.053453493704821886,"Joey Votto",4314,458015
"Conner Capel","- - -",37,94,0,7,3,6,0.127659574,0.287234042,0.061728395,0.388888888,0.259259259,0.361702127,0.320987654,0.31295900332166793,,102.16349678024561,-0.14609633828513324,0.1109985643385254,-2.7790447229053825,0.052503759963922814,"Conner Capel",19983,668843
"Jace Peterson","- - -",148,456,6,37,38,15,0.109649122,0.234649122,0.09090909,0.257839721,0.202020202,0.295154185,0.292929292,0.26544332029545203,,68.24873676311579,2.096007554937387,-15.392252779293681,0.3388744352851063,0.03615047333625576,"Jace Peterson",12325,607054
"Tristan Gray","- - -",9,12,1,1,1,0,0,0.25,0.25,0.125,0.166666666,0.166666666,0.416666666,0.24055269360542297,,60.74218074861221,-0.007721890564425848,-0.6396313194750076,0.5954107074066997,0.03132233434580232,"Tristan Gray",19877,656484
"Andrew Stevenson","MIN",25,40,0,4,1,4,0.05,0.2,0.027027027,0.24137931,0.189189189,0.25,0.216216216,0.2164197728037834,,32.34516093165486,0.32067305999225937,-2.9219124296914987,1.6007520023267716,0.004942590792871596,"Andrew Stevenson",17932,664057
"Jonathan Aranda","TBR",52,155,3,21,16,0,0.116129032,0.29032258,0.126865671,0.310344827,0.223880597,0.322580645,0.350746268,0.2989367784617783,,94.4513829375414,-0.18921279479400255,-1.1793470583138614,-3.9539123945869505,0.004182134539126248,"Jonathan Aranda",21837,666018
"Anthony Bemboom","BAL",6,13,0,0,0,0,0.153846153,0.153846153,0,0.222222222,0.181818181,0.307692307,0.181818181,0.2428367963204017,,51.66211386286126,-0.03900496638379991,-0.7919505407628646,0.2574988550040871,-0.00887142931065557,"Anthony Bemboom",13854,621532
"Nathan Lukes","TOR",29,31,0,4,2,0,0.129032258,0.29032258,0.115384615,0.277777777,0.192307692,0.29032258,0.307692307,0.26593059878195485,,66.76524598436878,-0.04835347746848129,-1.2828411027654274,0.12438569590449333,-0.009587087854459289,"Nathan Lukes",18123,664770
"Raimel Tapia","- - -",64,169,3,28,13,10,0.100591715,0.23668639,0.101351351,0.301886792,0.236486486,0.317365269,0.337837837,0.2930601035763404,,80.15196262318126,1.6342957261949778,-2.5002086840637876,-3.411176557186991,-0.014426550490391515,"Raimel Tapia",14350,606132
"Jake Lamb","LAA",19,54,2,7,5,0,0.055555555,0.277777777,0.137254902,0.264705882,0.215686274,0.259259259,0.352941176,0.266665804165381,,63.95951116658192,-0.21150438766926527,-2.5434424493250942,0.5284793190658092,-0.0164017886562942,"Jake Lamb",13329,571875
"Dominic Smith","- - -",220,807,17,78,76,2,0.087980173,0.16976456,0.11927878,0.284710017,0.248266296,0.325898389,0.367545076,0.3078277399463038,,91.62880768044384,-7.931532672140747,-16.2219777779954,-11.046985792461783,-0.021078256270552043,"Dominic Smith",15653,642086
"Jacob Hurtubise","CIN",29,68,0,7,4,2,0.088235294,0.264705882,0.055555555,0.27027027,0.185185185,0.296875,0.24074074,0.25350866094231606,,55.88116515720507,0.7385215815156698,-2.7804331247042957,0.24382685869932175,-0.024175895134152664,"Jacob Hurtubise",27599,674441
"Alfonso Rivas III","- - -",48,123,3,8,15,1,0.073170731,0.292682926,0.19266055,0.309859154,0.229357798,0.303278688,0.422018348,0.31285096582819205,,94.41196430493494,-0.8213888143654913,-1.6728850668819324,-2.790897235972807,-0.029757479132605014,"Alfonso Rivas III",21560,663845
"Franchy Cordero","NYY",24,71,6,9,13,0,0.028169014,0.352112676,0.289855072,0.184210526,0.188405797,0.211267605,0.478260869,0.28614912906163176,,81.44507345233052,-0.0143685324001126,-1.592888814690536,-1.1451058397069573,-0.030409387532490215,"Franchy Cordero",14567,614173
"Travis Blankenhorn","WSN",10,37,1,2,1,0,0.162162162,0.162162162,0.096774194,0.166666666,0.161290322,0.297297297,0.258064516,0.2624232027981732,,60.67175469095722,-0.022249373141676188,-1.8249547416236305,0.10546150803565979,-0.04651795657095309,"Travis Blankenhorn",18395,663905
"David Dahl","- - -",23,71,4,7,9,0,0.042253521,0.323943661,0.208955224,0.219512195,0.19402985,0.225352112,0.402985074,0.26687771417725253,,69.66460462963785,-0.04408893419895321,-2.606213937186707,-0.4560374803841114,-0.06003112682761365,"David Dahl",13744,621311
"Nick Martini","CIN",81,242,11,33,40,1,0.057851239,0.219008264,0.211009174,0.248407643,0.229357798,0.290456431,0.440366972,0.31317643530635914,,94.07738302896442,-0.9489383997861296,-2.4411882989971936,-6.236543812789023,-0.0638028107345443,"Nick Martini",12005,605361
"Jake Bauers","- - -",157,494,19,55,63,10,0.103238866,0.336032388,0.190804598,0.288537549,0.211494252,0.299595141,0.40229885,0.30563883909589135,,95.57829402034349,-2.9958321433514357,-5.63151994899471,-11.995694816112518,-0.06712275258494071,"Jake Bauers",15194,641343
"Cal Stevenson","SFG",6,12,0,1,0,0,0.25,0.166666666,0,0,0,0.25,0,0.17397572100162506,,5.5146386251226005,-0.07231226982548833,-1.4769496846250536,0.3469166299328208,-0.07216117164922482,"Cal Stevenson",22411,670276
"Miles Mastrobuoni","CHC",103,245,1,33,8,15,0.081632653,0.187755102,0.049773756,0.28,0.226244343,0.289256198,0.276018099,0.25649567182399025,,60.419070422996846,2.564276155666448,-9.097384882122974,0.07709525106474757,-0.0770840825027603,"Miles Mastrobuoni",20017,670156
"Austin Meadows","DET",6,21,0,0,2,0,0,0.142857142,0.047619047,0.277777777,0.238095238,0.238095238,0.285714285,0.22732893058231898,,38.32288732652188,-0.04347962560132146,-1.595423130473939,0.059421231970191,-0.08140643285072885,"Austin Meadows",15672,640457
"Cal Mitchell","PIT",2,5,0,0,0,0,0.2,0.2,0,0,0,0.2,0,0.13918057680130005,,-22.956736409092855,-0.007705123629420996,-0.7693294193965275,-0.2731689438223839,-0.08707079012420628,"Cal Mitchell",22169,668751
"Brad Miller","TEX",27,67,1,8,6,0,0.149253731,0.164179104,0.125,0.244444444,0.214285714,0.328358208,0.339285714,0.3002377374848323,,86.73131345652257,0.05437128385528922,-1.0108389139850085,-2.2796905792783946,-0.09917532214447367,"Brad Miller",12775,543543
"Willie Calhoun","- - -",103,365,9,39,33,0,0.087671232,0.139726027,0.145454545,0.268382352,0.248484848,0.315068493,0.393939393,0.3085154496933803,,97.34616355455225,-1.9786294046789408,-3.125929489460355,-10.019953603390604,-0.10266267672658325,"Willie Calhoun",17838,641432
"Adam Haseley","CHW",28,39,0,6,2,1,0.076923076,0.205128205,0.055555555,0.285714285,0.222222222,0.282051282,0.277777777,0.2530884910852481,,55.467377430265664,0.18850200017914176,-1.8925141814705118,-0.5766129177063704,-0.11294691309645404,"Adam Haseley",19878,656514
"Tony Kemp","- - -",129,429,5,43,27,15,0.104895104,0.095571095,0.092391305,0.215384615,0.203804347,0.298578199,0.296195652,0.27066038598381514,,73.40942409055555,0.033524216152727604,-13.572348272897845,-2.2712415219284594,-0.12071404058787558,"Tony Kemp",14894,643393
"Meibrys Viloria","CLE",10,4,0,0,0,0,0.25,0,0,0,0,0.25,0,0.17397572100162506,,3.7409161219710434,-0.007705123629420996,-0.46905912717355097,-0.9239799529314041,-0.12524183619520604,"Meibrys Viloria",17109,650619
"Tommy La Stella","SEA",12,24,0,2,2,0,0.125,0.208333333,0.047619048,0.25,0.19047619,0.291666666,0.238095238,0.24912832925717035,,58.00488213338725,-0.2510856417939067,-1.4587399208406024,-0.6481481194496155,-0.12808236712515692,"Tommy La Stella",12371,600303
"Brett Phillips","LAA",40,71,3,9,6,3,0.112676056,0.507042253,0.158730159,0.333333333,0.174603174,0.267605633,0.333333333,0.2676201068179708,,64.62095925293376,0.687498718034476,-2.3222967259813223,-1.407786317751743,-0.12933796330230743,"Brett Phillips",14735,621433
"Daniel Vogelbach","- - -",135,398,14,38,56,0,0.128140703,0.246231155,0.15942029,0.270386266,0.223188405,0.326633165,0.382608695,0.3140524085282679,,100.93594236165703,-3.675459167920053,-3.021925114098914,-11.558640658855438,-0.1334146182250846,"Daniel Vogelbach",14130,596129
"Wade Meckler","SFG",20,64,0,6,4,0,0.09375,0.390625,0.017857143,0.419354838,0.232142857,0.328125,0.25,0.2728378940373659,,71.79027491749282,0.34368970803916454,-1.8929564622184878,-1.6488829860463738,-0.13706124008710366,"Wade Meckler",31490,685133
"Trenton Brooks","SFG",12,29,0,3,1,1,0.137931034,0.206896551,0,0.157894736,0.12,0.24137931,0.12,0.18656521213465724,,19.125616440152292,0.14701763162156567,-2.6039767985965288,0.2134009152650833,-0.14586535178270602,"Trenton Brooks",19384,670092
"Ben Gamel","- - -",17,27,0,8,2,1,0.111111111,0.222222222,0.083333334,0.222222222,0.166666666,0.259259259,0.25,0.23469658692677817,,50.2004644449852,0.13487447798252106,-1.5165716698803924,-1.0310496911406517,-0.16458057746548987,"Ben Gamel",12160,592325
"Taylor Kohlwey","SDP",5,13,0,0,0,0,0,0.384615384,0,0.25,0.153846153,0.153846153,0.153846153,0.1357748141655555,,-18.62736333645487,-0.015410247258841991,-1.9259086893612953,-0.20606202393537387,-0.1686949834836718,"Taylor Kohlwey",19212,670128
"Jared Young","CHC",16,47,2,8,8,2,0.063829787,0.276595744,0.279069768,0.214285714,0.186046511,0.255319148,0.465116279,0.301619402905728,,88.2984054886039,0.3908827763516456,-0.29045326126695725,-3.0003775358200073,-0.16943872830381862,"Jared Young",20404,676724
"Zach DeLoach","CHW",9,25,0,1,1,0,0.12,0.36,0.045454545,0.23076923,0.136363636,0.24,0.181818181,0.20379838466644287,,26.226877761818102,-0.04418241424718872,-2.1835809114896483,-0.32618947932496667,-0.1758650683919705,"Zach DeLoach",27471,676113
"Kole Calhoun","CLE",43,174,6,18,25,0,0.074712643,0.212643678,0.159235669,0.24137931,0.216560509,0.281609195,0.375796178,0.2859938072747198,,81.38310709886049,-1.035980950575322,-4.917386539998598,-2.8540991661138833,-0.1803716147525976,"Kole Calhoun",11200,594777
"Josh Lester","BAL",11,23,0,0,4,0,0.04347826,0.304347826,0,0.266666666,0.181818181,0.217391304,0.181818181,0.1837412196656932,,10.701674337692037,-0.07611590484157205,-2.537071232561102,-0.07377734035253525,-0.18175318765741896,"Josh Lester",17737,623507
"Livan Soto","- - -",5,15,0,2,0,0,0.2,0.2,0,0.222222222,0.166666666,0.333333333,0.166666666,0.25685208241144813,,61.33188608358435,-0.39268724573776126,-1.1331549015634566,-1.2396305091679096,-0.18844206020484103,"Livan Soto",22471,670869
"Dominic Canzone","- - -",113,341,13,41,35,2,0.070381231,0.2228739,0.180952381,0.242290748,0.215873015,0.272727272,0.396825396,0.28764926771850363,,86.04533137437228,-1.2075516338227317,-6.907938368463513,-6.494819218060002,-0.1922826576158927,"Dominic Canzone",26438,686527
"Luis Guillorme","- - -",107,245,1,20,15,1,0.085714285,0.208163265,0.086757991,0.289940828,0.228310502,0.293388429,0.315068493,0.2694553562219707,,70.5789741020943,-0.7307379442318052,-9.400613058663936,-0.8359262410085648,-0.20274645779814726,"Luis Guillorme",16451,641645
"Duke Ellis","CHW",8,4,0,1,0,4,0,0.5,0,0,0,0,0,0,,-100,0.800000011920929,-0.19524859391173277,-1.9813089780509472,-0.2119798323257499,"Duke Ellis",27543,668752
"Matt Beaty","- - -",30,72,0,8,4,0,0.083333333,0.194444444,0.065573771,0.29787234,0.229508196,0.347222222,0.295081967,0.300081316795614,,85.41303205009515,-0.9432196533307433,-2.220507351437541,-2.375899739563465,-0.2125096315663194,"Matt Beaty",17710,607461
"Kyle Stowers","BAL",33,70,1,4,9,0,0.042857142,0.357142857,0.106060607,0.292682926,0.196969696,0.228571428,0.303030303,0.23205454775265286,,46.58965247698991,-0.6794979165715631,-5.187569496452584,0.6175518836826086,-0.21677234634645998,"Kyle Stowers",26151,669065
"Garrett Stubbs","PHI",80,258,2,27,19,7,0.085271317,0.248062015,0.060869565,0.268292682,0.2,0.28125,0.260869565,0.2496961725410074,,55.03142428582,2.3712350740097463,-11.619099618136769,0.5830403206055053,-0.226146179503673,"Garrett Stubbs",18067,596117
"Tyler Naquin","CHW",5,8,0,0,0,0,0,0.875,0,0,0,0,0,0,,-100,0,-2.108405018333434,-0.45809448324143887,-0.2285878370981965,"Tyler Naquin",13359,571980
"Bligh Madris","- - -",15,40,0,5,0,0,0.1,0.275,0.055555556,0.28,0.194444444,0.275,0.25,0.24250022768974305,,50.86058837018829,-0.11512140044942498,-2.468413859623897,-1.369273005053401,-0.24701219526940965,"Bligh Madris",20054,676632
"Ji Hwan Bae","PIT",119,397,2,59,34,26,0.080604534,0.249370277,0.075418994,0.308880308,0.229050279,0.294416243,0.304469273,0.26862547013360233,,64.2021449718829,2.8547011495247716,-14.64663983082044,-1.2204091264866292,-0.2485627811181498,"Ji Hwan Bae",23818,678225
"Adam Frazier","- - -",208,661,16,80,73,13,0.074130105,0.161875945,0.134228188,0.250526315,0.226510067,0.29312977,0.360738255,0.28801210800200017,,82.49873820709828,1.6136314671020955,-11.928086799334647,-12.608606153400615,-0.2501253150661541,"Adam Frazier",15223,624428
"Tucker Barnhart","- - -",78,219,1,19,15,2,0.114155251,0.333333333,0.047368421,0.299145299,0.189473684,0.285714285,0.236842105,0.2449775703491703,,52.30222665496635,-0.9930247727315873,-13.62310042129435,3.813787093386054,-0.2546866872675397,"Tucker Barnhart",10200,571466
"David Peralta","- - -",177,530,9,58,65,4,0.052830188,0.173584905,0.117886179,0.294710327,0.25609756,0.298113207,0.373983739,0.29163297622100165,,84.93151782631921,-3.62509110243991,-13.487758829432298,-7.023523771204054,-0.2571921189615641,"David Peralta",2136,444482
"Jason Vosler","- - -",22,73,3,7,10,0,0.05479452,0.356164383,0.202898551,0.225,0.173913043,0.219178082,0.376811594,0.2536718241155964,,52.03420275162531,0.2500348458997905,-4.109957430466438,-0.9819531729444861,-0.2608567495413503,"Jason Vosler",16686,613564
"Terrin Vavra","BAL",27,56,0,9,5,1,0.089285714,0.214285714,0,0.324324324,0.244897959,0.314814814,0.244897959,0.26055462823973763,,63.94273153225919,-0.13535613496787846,-2.5547881814800704,-2.05523921828717,-0.2683408442699623,"Terrin Vavra",24400,679631
"Irving Lopez","STL",5,12,0,0,1,0,0,0.416666666,0,0,0,0,0,0,,-100,0,-3.159510917192458,-0.07042792346328497,-0.281558530684238,"Irving Lopez",20463,676761
"Eddie Rosario","- - -",222,801,30,95,105,11,0.061173533,0.238451935,0.177897574,0.265654648,0.229110512,0.275689223,0.407008086,0.2929273853487472,,82.40719494869975,0.019292496785055846,-16.517966064393534,-12.89610092510702,-0.28436412972273517,"Eddie Rosario",12155,592696
"Trey Cabbage","- - -",59,135,2,17,15,2,0.029629629,0.392592592,0.13076923,0.355263157,0.223076923,0.244444444,0.353846153,0.25747091902626884,,61.973744033800756,-0.16030721552670002,-6.235435326998925,-1.1196525869891047,-0.2885923363338653,"Trey Cabbage",21078,663550
"Jackson Holliday","BAL",10,36,0,5,1,0,0.055555555,0.5,0,0.125,0.058823529,0.111111111,0.058823529,0.08741506271892124,,-50.87232748797309,0.18095186725258827,-6.119411599973805,2.1333052087575197,-0.2917786761693065,"Jackson Holliday",31781,702616
"Graham Pauley","SDP",13,32,2,4,5,0,0,0.46875,0.1875,0.133333333,0.125,0.125,0.3125,0.18383824452757835,,18.746837350684963,0.182622947730124,-2.8671743993280434,-1.0391245521605015,-0.2923291087218069,"Graham Pauley",31363,688363
"Taylor Trammell","- - -",32,64,3,9,11,0,0.15625,0.390625,0.169811321,0.16,0.132075471,0.28125,0.301886792,0.26910154800862074,,73.25981539367196,-0.4659586572088301,-2.579582043225898,-2.5507949721068144,-0.2980970983589075,"Taylor Trammell",19960,666211
"CJ Alexander","KCR",4,8,0,0,0,0,0,0.375,0,0.2,0.125,0.125,0.125,0.11043667048215866,,-41.38543252879867,-0.006998422555625439,-1.3190417151033218,-1.864838620647788,-0.30285855017298746,"CJ Alexander",20557,680769
"Eric Hosmer","CHC",31,100,2,7,14,0,0.06,0.25,0.095744681,0.298507462,0.234042553,0.28,0.329787234,0.2691801345348358,,66.55163332972582,-0.1875115767979878,-4.331259931511738,-2.150778669398278,-0.308681849825742,"Eric Hosmer",3516,543333
"José Tena","CLE",21,38,0,2,3,0,0.078947368,0.394736842,0.057142857,0.35,0.2,0.263157894,0.257142857,0.2365240752696991,,48.867758816871834,-0.21541046723723412,-2.565982121907993,-1.923540087416768,-0.3238895218883063,"Jose Tena",23691,677588
"Tucupita Marcano","PIT",75,220,3,16,18,5,0.045454545,0.159090909,0.123762376,0.26506024,0.232673267,0.276497695,0.356435643,0.27506129395577217,,68.13554603568517,0.32476310757920146,-8.359792882199965,-2.459831789135933,-0.3359860813062242,"Tucupita Marcano",22871,672779
"Blake Rutherford","WSN",16,36,0,4,2,0,0.027777777,0.277777777,0,0.24,0.171428571,0.194444444,0.171428571,0.16642001767953238,,-3.687261345761715,-0.011460629757493734,-4.6357644776257985,0.03913487121462822,-0.3367957165278338,"Blake Rutherford",19957,666164
"J.P. Martínez","- - -",24,54,1,9,4,1,0.037037037,0.37037037,0.1,0.322580645,0.22,0.24074074,0.32,0.23998057731875666,,46.01778750476443,0.6235228818841279,-2.8523180217485424,-2.422277195379138,-0.34258923339330366,"J.P. Martinez",24451,679881
"Edwin Ríos","- - -",23,44,1,4,2,0,0.136363636,0.454545454,0.108108108,0.125,0.081081081,0.227272727,0.189189189,0.20515565845099362,,23.320464150081953,0.07773863436887041,-4.029670969361808,-0.9631768972612917,-0.352340855237824,"Edwin Rios",18316,621458
"Kyle Manzardo","CLE",30,87,0,4,7,0,0.034482758,0.264367816,0.121951219,0.283333333,0.207317073,0.24137931,0.329268292,0.2477698017810953,,59.6623477670239,0.2077177104074508,-3.863116200787519,-2.6596084136981517,-0.3829819930810674,"Kyle Manzardo",29794,700932
"Pavin Smith","ARI",96,289,10,35,44,1,0.134948096,0.186851211,0.16194332,0.222826086,0.206477732,0.315972222,0.368421052,0.30527527526848847,,91.04551932841889,-0.849524105200544,-4.16545803081701,-9.679414876969531,-0.3926418085909299,"Pavin Smith",19892,656976
"Isan Díaz","- - -",8,26,0,0,1,0,0.076923076,0.346153846,0,0.066666666,0.041666666,0.115384615,0.041666666,0.08747469461881198,,-50.33660142629976,-0.023183583034551702,-4.940187670116069,0.08713248884305358,-0.3959337851660386,"Isan Diaz",17922,656371
"Jake Alu","WSN",51,175,2,14,16,5,0.057142857,0.24,0.062893082,0.29059829,0.226415094,0.281609195,0.289308176,0.25609339962060423,,56.428354810932454,-0.8954686485230923,-10.341741047331896,0.3269972484558821,-0.40768625221421434,"Jake Alu",25569,666906
"Canaan Smith-Njigba","PIT",15,37,0,3,5,1,0.108108108,0.432432432,0.09375,0.235294117,0.125,0.216216216,0.21875,0.19895438568012133,,17.11467913252408,-0.3942438242956996,-4.193493237078234,-1.330497620627284,-0.42589295533055943,"Canaan Smith-Njigba",23264,675986
"Mike Moustakas","- - -",112,386,12,43,48,0,0.059585492,0.246113989,0.144886364,0.296442687,0.24715909,0.292746113,0.392045454,0.29388478963406056,,77.01794286385923,-1.9453939052764326,-12.576053382886414,-5.351952315308154,-0.4741925893575833,"Mike Moustakas",4892,519058
"Ji Man Choi","- - -",39,117,6,12,13,0,0.085470085,0.299145299,0.221153846,0.169230769,0.163461538,0.239316239,0.384615384,0.266868715102856,,64.9605865508945,-0.09714374435134232,-5.175944168765321,-3.5484971625264734,-0.4748812043276749,"Ji Man Choi",5452,596847
"James Wood","WSN",20,83,2,7,12,2,0.072289156,0.34939759,0.092105263,0.311111111,0.210526315,0.277108433,0.302631578,0.2616909275571984,,66.24432188386406,-0.12517225742340088,-3.4114605458705323,-4.412617690861225,-0.5191941704671144,"James Wood",29518,695578
"Jackie Bradley Jr.","KCR",43,113,1,10,6,0,0.044247787,0.256637168,0.076190476,0.173333333,0.133333333,0.1875,0.209523809,0.18048859547291482,,1.9646807313022256,-0.24111838988028467,-13.514867029654251,4.097309093689546,-0.5529590727036403,"Jackie Bradley Jr.",12984,598265
"Brett Sullivan","SDP",40,103,2,8,8,0,0.048543689,0.22330097,0.092783505,0.246575342,0.206185567,0.242718446,0.298969072,0.23793057793552436,,50.87516843802005,0.08773034019395709,-6.1521789240482345,-2.985469347925118,-0.5676134874886968,"Brett Sullivan",18217,664954
"Matt Carpenter","- - -",113,352,7,28,39,1,0.142045454,0.289772727,0.127586206,0.272727272,0.2,0.32,0.327586206,0.2932479623385838,,88.12514273579171,-2.5284241903573275,-7.642203344091012,-10.143883700715378,-0.5927124822931168,"Matt Carpenter",8090,572761
"Corey Dickerson","WSN",50,152,2,12,17,0,0.046052631,0.184210526,0.104166666,0.295652173,0.25,0.282894736,0.354166666,0.27697801472325073,,70.42907027314209,-2.297650711145252,-7.866007120551617,-3.3753555482253432,-0.6076705162240762,"Corey Dickerson",10762,572816
"Darick Hall","PHI",18,56,1,2,3,0,0.035714285,0.321428571,0.074074074,0.228571428,0.166666666,0.196428571,0.24074074,0.19316818245819636,,14.10261655717424,-1.2115841279737651,-7.170762975226107,-1.3609092109836638,-0.6616501629108349,"Darick Hall",19717,669742
"Nick Pratto","KCR",96,345,7,33,35,1,0.084057971,0.4,0.120915033,0.387878787,0.232026143,0.307246376,0.352941176,0.2922545680101367,,79.43212615164992,-1.38622469548136,-9.888615700835647,-8.77619731798768,-0.6822968812035026,"Nick Pratto",22117,668472
"Jon Singleton","- - -",114,381,9,46,35,0,0.118110236,0.254593175,0.108108108,0.269565217,0.213213213,0.304461942,0.321321321,0.282505905847224,,81.03357686754993,-2.9565314990031766,-11.67725398545302,-7.870644842856564,-0.705187333968069,"Jon Singleton",10441,572138
"Addison Barger","TOR",21,64,0,5,4,1,0.03125,0.296875,0.032786885,0.214285714,0.147540983,0.174603174,0.180327868,0.1600077502311222,,-1.6407422719017615,0.6825619908049703,-6.863168952600642,-2.3364294581115246,-0.7375866922374327,"Addison Barger",24598,680718
"Seth Brown","OAK",186,609,22,52,72,7,0.078817733,0.287356321,0.171171171,0.275,0.218018018,0.282894736,0.389189189,0.29200523178502796,,89.85909613632403,-2.443008878704859,-9.72145639944867,-18.1196592412889,-0.7531789889259844,"Seth Brown",18171,664913
"Kolten Wong","- - -",87,250,4,25,27,3,0.072,0.212,0.080357143,0.217647058,0.183035714,0.256,0.263392857,0.23597544169425963,,48.066223228209594,-0.018909772858023643,-15.534188148514602,-0.673592391423881,-0.7632832939894175,"Kolten Wong",12532,543939
"Nick Gordon","- - -",121,340,10,41,39,5,0.032352941,0.211764705,0.150769231,0.247967479,0.218461538,0.241887905,0.369230769,0.2622314964072191,,65.6391257112318,-1.6189832841046154,-15.487492908627654,-4.6674510656739585,-0.8730744449115346,"Nick Gordon",16337,624503
"Braden Shewmake","- - -",31,71,1,4,4,5,0.014084507,0.154929577,0.073529412,0.120689655,0.117647058,0.126760563,0.19117647,0.13635834254009624,,-19.52367356286502,0.9127972107380629,-9.07482699262366,-1.8430210929363966,-0.8854883047482421,"Braden Shewmake",25817,669699
"Victor Scott II","STL",21,65,0,6,2,2,0.03076923,0.23076923,0.050847458,0.108695652,0.084745762,0.138461538,0.13559322,0.12866832292996921,,-21.83969277766351,0.562055527465418,-8.727242182406608,-2.088071797043085,-0.8921503631284486,"Victor Scott II",31349,687363
"Omar Narváez","NYM",77,215,2,16,12,0,0.079069767,0.181395348,0.067357513,0.225806451,0.191709844,0.253521126,0.259067357,0.23133488048410192,,46.276572199048836,-0.5653443611809053,-14.46356377286803,-1.482796285301447,-0.8987095158344535,"Omar Narvaez",13338,553882
"Rowdy Tellez","- - -",192,625,22,55,83,1,0.0864,0.2272,0.155357143,0.263546798,0.230357142,0.2944,0.385714285,0.294598736120074,,84.75252451533152,-3.3150983434170485,-14.997888088335657,-15.270133968209848,-0.913973502248401,"Rowdy Tellez",15679,642133
"Joey Wendle","- - -",130,355,2,36,21,8,0.039436619,0.214084507,0.087087087,0.26744186,0.213213213,0.24715909,0.3003003,0.23952480134638873,,46.3751283769708,2.1064727345947176,-21.33742176921939,-0.3410794618539512,-0.9711765153217082,"Joey Wendle",13853,621563
"Jared Walsh","- - -",56,176,5,19,18,0,0.102272727,0.375,0.133757962,0.232558139,0.159235668,0.25,0.29299363,0.24511553516442125,,50.46037426667404,-1.0806957466083986,-11.490776241912293,-4.782129600644112,-1.0384397030151513,"Jared Walsh",18607,665120
"Oscar Colás","CHW",88,301,5,33,23,4,0.053156146,0.26910299,0.086330935,0.293814432,0.223021582,0.27090301,0.309352517,0.2556132214181375,,57.76106681256079,-0.9249703052919358,-16.149091705195545,-4.802067633718252,-1.068293711773295,"Oscar Colas",30162,693049
"Tyler Soderstrom","OAK",94,304,10,21,27,0,0.088815789,0.289473684,0.136531366,0.24,0.191881918,0.273026315,0.328413284,0.26736252673781746,,73.6000078851838,-1.6122633699560538,-11.26392816312607,-9.61519313271856,-1.0768756825715387,"Tyler Soderstrom",27467,691016
"Matt Mervis","CHC",36,127,3,9,14,0,0.070866141,0.314960629,0.103448276,0.205479452,0.155172413,0.222222222,0.258620689,0.21693180903555856,,32.104989411402485,-1.5179093787446618,-11.983972454142748,-3.009396145120263,-1.0814879331562401,"Matt Mervis",27845,670223
"Nick Maton","- - -",94,293,8,29,32,1,0.129692832,0.249146757,0.13253012,0.205882352,0.172690763,0.287671232,0.305220883,0.26838142601485104,,66.7772717611907,-0.44449238828383386,-12.108169603955965,-8.905904058134183,-1.0942503142238293,"Nick Maton",21635,665155
"Harold Castro","COL",99,270,1,24,31,1,0.033333333,0.244444444,0.062015504,0.331606217,0.251937984,0.275092936,0.313953488,0.2581616496064849,,43.25106221955679,-1.0682320659980178,-20.050144207460125,-4.494483224116266,-1.5357636459579358,"Harold Castro",14691,605612
"Gavin Sheets","CHW",210,675,17,49,73,2,0.093333333,0.197037037,0.136212625,0.242358078,0.212624584,0.288888888,0.348837209,0.2802767853829123,,76.58324723395985,-2.219689562683925,-21.0686307832156,-19.82308820169419,-1.8439083015240307,"Gavin Sheets",19901,657757
"Andrew Benintendi","CHW",233,931,13,95,73,15,0.078410311,0.156820622,0.100235849,0.273775216,0.239386792,0.301075268,0.339622641,0.2816759469189169,,76.9351515267402,0.6253720462555066,-24.585290126440242,-25.47538143582642,-1.9262081046576922,"Andrew Benintendi",17901,643217