Name,Team,G,AB,PA,H,1B,2B,3B,HR,R,RBI,BB,IBB,SO,HBP,SF,SH,GDP,SB,CS,AVG,NameASCII,PlayerId,MLBAMID
"Charlie Culberson","ATL",1,1,1,1,1,0,0,0,0,0,0,0,0,0,0,0,0,0,0,1,"Charlie Culberson",3298,518586
"Jacob Wilson","OAK",1,1,1,1,1,0,0,0,1,0,0,0,0,0,0,0,0,0,0,1,"Jacob Wilson",33266,805779
"Jeter Downs","WSN",6,5,9,2,2,0,0,0,4,1,4,0,1,0,0,0,0,2,0,0.4,"Jeter Downs",22202,669023
"Jose Iglesias","NYM",37,101,109,37,25,8,1,3,18,17,6,1,11,2,0,0,1,2,1,0.366336633,"Jose Iglesias",10231,578428
"Drew Maggi","PIT",3,6,6,2,1,1,0,0,1,1,0,0,1,0,0,0,0,0,0,0.333333333,"Drew Maggi",11381,543482
"Carlos Narvaez","NYY",2,3,3,1,1,0,0,0,0,0,0,0,2,0,0,0,0,0,0,0.333333333,"Carlos Narvaez",19722,665966
"Orelvis Martinez","TOR",1,3,3,1,1,0,0,0,0,0,0,0,1,0,0,0,0,0,0,0.333333333,"Orelvis Martinez",25967,682619
"David Bote","CHC",29,37,38,12,9,3,0,0,3,4,1,0,10,0,0,0,1,0,0,0.324324324,"David Bote",14593,623520
"Ronald Acuña Jr.","ATL",208,835,957,265,172,43,5,45,187,121,107,3,137,12,3,0,19,89,17,0.317365269,"Ronald Acuna Jr.",18401,660670
"Rece Hinds","CIN",10,38,40,12,2,4,1,5,7,11,1,0,12,1,0,0,0,2,0,0.315789473,"Rece Hinds",27493,677956
"Jose Altuve","HOU",189,770,849,238,165,40,2,31,135,97,69,1,155,9,1,0,16,29,6,0.309090909,"Jose Altuve",5417,514888
"Yandy Díaz","TBR",231,906,1016,277,190,56,1,30,130,124,96,0,155,10,4,0,25,0,1,0.305739514,"Yandy Diaz",16578,650490
"Mookie Betts","LAD",224,867,1024,265,156,56,4,49,176,147,143,3,141,9,5,0,10,23,4,0.305651672,"Mookie Betts",13611,605141
"Royce Lewis","MIN",82,306,338,93,56,12,0,25,54,70,29,1,73,2,1,0,7,6,1,0.303921568,"Royce Lewis",20437,668904
"Bobby Witt Jr.","KCR",261,1051,1145,318,193,56,21,48,180,166,70,5,194,9,14,1,13,72,25,0.302568981,"Bobby Witt Jr.",25764,677951
"Harold Ramírez","- - -",184,604,644,179,139,23,3,14,82,91,25,0,121,8,7,0,9,10,5,0.296357615,"Harold Ramirez",14387,623912
"Ryan Vilade","DET",9,27,30,8,7,0,0,1,4,4,2,0,6,0,0,1,2,0,0,0.296296296,"Ryan Vilade",22165,668723
"Victor Robles","- - -",78,184,220,54,42,10,1,1,23,13,21,0,37,7,1,7,4,20,2,0.29347826,"Victor Robles",18363,645302
"Tyler Fitzgerald","SFG",51,130,144,38,20,8,2,8,24,19,13,0,42,1,0,0,1,9,2,0.292307692,"Tyler Fitzgerald",26208,666149
"Jon Berti","- - -",150,443,484,129,102,16,3,8,59,39,33,2,90,2,3,3,11,20,7,0.291196388,"Jon Berti",12037,542932
"Matt McLain","CIN",89,365,403,106,63,23,4,16,65,50,31,0,115,7,0,0,5,14,5,0.290410958,"Matt McLain",29695,680574
"Óscar Mercado","STL",20,31,32,9,6,3,0,0,3,5,1,0,4,0,0,0,0,2,1,0.29032258,"Oscar Mercado",16375,640458
"Trea Turner","PHI",218,902,974,259,166,49,5,39,156,112,60,2,203,11,1,0,14,43,1,0.287139689,"Trea Turner",16252,607208
"Freddy Fermin","KCR",133,404,439,116,83,19,1,13,53,55,27,1,90,2,5,1,17,0,0,0.287128712,"Freddy Fermin",21840,666023
"Donovan Solano","- - -",188,568,641,163,119,35,1,8,63,57,53,1,136,18,2,0,13,1,1,0.28697183,"Donovan Solano",8623,456781
"William Contreras","MIL",239,938,1054,269,176,63,2,28,151,135,104,3,212,7,4,1,37,11,2,0.286780383,"William Contreras",20503,661388
"Aaron Judge","NYY",208,729,909,209,96,40,1,72,155,164,167,16,241,7,5,0,19,8,1,0.286694101,"Aaron Judge",15640,592450
"Marcell Ozuna","ATL",245,904,1018,259,141,49,1,68,146,180,104,2,235,5,5,0,21,0,0,0.286504424,"Marcell Ozuna",10324,542303
"Diego A. Castillo","- - -",5,7,9,2,1,1,0,0,3,2,2,0,1,0,0,0,0,0,0,0.285714285,"Diego A. Castillo",19906,660636
"Alexander Canario","CHC",21,42,45,12,7,2,1,2,5,8,2,0,19,1,0,0,0,1,0,0.285714285,"Alexander Canario",22842,672744
"Marco Luciano","SFG",24,63,72,18,12,5,1,0,10,1,9,0,22,0,0,0,1,1,0,0.285714285,"Marco Luciano",25616,682617
"Andre Lipcius","DET",13,35,38,10,8,1,0,1,3,4,3,0,8,0,0,0,1,0,0,0.285714285,"Andre Lipcius",25822,686531
"Jose Miranda","MIN",116,397,428,113,75,25,1,12,47,56,23,1,61,5,3,0,16,2,1,0.28463476,"Jose Miranda",20538,669304
"Miguel Andujar","- - -",81,293,308,83,56,19,0,8,34,44,13,0,44,1,1,0,8,4,1,0.28327645,"Miguel Andujar",15878,609280
"Alec Bohm","PHI",245,943,1039,267,169,66,1,31,119,168,74,3,155,10,12,0,34,8,3,0.283138918,"Alec Bohm",21618,664761
"Iván Herrera","STL",67,209,236,59,47,8,1,3,30,23,20,0,52,4,2,0,3,4,0,0.28229665,"Ivan Herrera",20599,671056
"Yainer Diaz","HOU",195,704,749,198,126,39,2,31,92,114,26,1,129,6,13,0,26,1,0,0.28125,"Yainer Diaz",23003,673237
"Ernie Clement","TOR",110,258,270,72,50,13,2,7,31,34,6,0,21,1,3,2,4,5,2,0.279069767,"Ernie Clement",20352,676391
"Amed Rosario","- - -",215,764,809,213,154,40,11,8,91,84,36,0,145,5,4,0,24,24,6,0.278795811,"Amed Rosario",15518,642708
"Connor Norby","BAL",5,18,18,5,3,0,0,2,3,3,0,0,4,0,0,0,1,0,0,0.277777777,"Connor Norby",29592,681393
"Seiya Suzuki","CHC",216,818,922,227,138,46,9,34,117,121,87,3,225,7,10,0,10,16,10,0.277506112,"Seiya Suzuki",30116,673548
"Xander Bogaerts","SDP",210,815,899,226,164,37,2,23,110,73,70,0,151,7,7,0,24,24,2,0.277300613,"Xander Bogaerts",12161,593428
"Bo Bichette","TOR",215,877,932,243,169,46,4,24,98,103,47,1,178,5,3,0,26,10,4,0.277080957,"Bo Bichette",19612,666182
"Vladimir Guerrero Jr.","TOR",258,994,1121,275,180,51,0,44,130,156,110,7,169,11,6,0,34,7,4,0.276659959,"Vladimir Guerrero Jr.",19611,665489
"Mauricio Dubón","HOU",214,718,758,198,138,44,3,13,111,76,28,0,102,4,6,2,13,9,4,0.275766016,"Mauricio Dubon",16530,643289
"Heliot Ramos","SFG",92,321,353,88,56,17,0,15,34,51,29,2,98,1,2,0,7,2,0,0.274143302,"Heliot Ramos",22515,671218
"Austin Riley","ATL",246,966,1082,264,155,54,5,50,166,137,91,4,266,12,13,0,21,3,1,0.273291925,"Austin Riley",18360,663586
"Nico Hoerner","CHC",245,981,1097,268,203,47,5,13,148,98,82,1,126,25,8,1,18,57,9,0.273190621,"Nico Hoerner",21479,663538
"Elias Díaz","COL",211,740,802,202,142,40,1,19,70,102,50,2,167,6,6,0,23,1,0,0.272972972,"Elias Diaz",11680,553869
"Rob Refsnyder","BOS",149,378,447,103,74,22,2,5,51,52,54,1,97,10,2,1,12,8,4,0.272486772,"Rob Refsnyder",13770,608701
"Gio Urshela","- - -",138,467,500,127,103,16,2,6,42,56,24,0,79,2,7,0,19,3,2,0.271948608,"Gio Urshela",10681,570482
"Jeremy Peña","HOU",250,960,1050,260,188,49,4,19,130,97,61,1,197,18,5,3,21,25,14,0.270833333,"Jeremy Pena",21636,665161
"Randal Grichuk","- - -",183,591,645,160,95,42,4,19,85,66,41,2,125,9,4,0,15,2,2,0.27072758,"Randal Grichuk",10243,545341
"Julio Rodríguez","SEA",255,1038,1127,281,190,46,2,43,147,140,71,6,287,16,2,0,17,55,14,0.270712909,"Julio Rodriguez",23697,677594
"Josh Jung","TEX",126,495,534,134,81,26,2,25,80,76,32,0,155,5,2,0,7,2,3,0.27070707,"Josh Jung",26299,673962
"Gabriel Moreno","ARI",188,588,663,159,111,35,2,11,64,86,61,1,117,5,9,0,26,7,3,0.270408163,"Gabriel Moreno",22664,672515
"Austin Hays","BAL",207,677,741,183,113,49,2,19,94,81,47,2,181,9,7,1,12,5,2,0.270310192,"Austin Hays",19363,669720
"Yonathan Daza","COL",24,74,80,20,14,6,0,0,8,7,3,0,13,1,1,1,5,1,0,0.27027027,"Yonathan Daza",15794,602074
"David Fry","CLE",137,322,378,87,55,20,0,12,44,49,40,4,86,12,3,0,13,6,1,0.270186335,"David Fry",24934,681807
"Ryan Mountcastle","BAL",208,781,854,211,135,44,2,30,109,112,58,1,190,4,11,0,25,6,1,0.270166453,"Ryan Mountcastle",18373,663624
"Andy Ibáñez","DET",171,496,534,134,86,30,3,15,65,64,31,0,108,3,3,1,8,2,1,0.27016129,"Andy Ibanez",18819,628451
"Ezequiel Duran","TEX",180,582,626,157,111,28,2,16,69,59,32,1,163,8,3,1,11,9,5,0.26975945,"Ezequiel Duran",23733,677649
"Stone Garrett","WSN",89,234,271,63,37,17,0,9,40,40,26,0,82,3,5,0,6,3,1,0.269230769,"Stone Garrett",19273,656448
"Luis Campusano","SDP",121,383,409,103,70,20,0,13,54,65,21,0,51,3,2,0,18,0,0,0.268929503,"Luis Campusano",22217,669134
"Garrett Hampson","- - -",170,358,400,96,69,22,2,3,41,36,32,0,106,3,2,5,5,11,2,0.268156424,"Garrett Hampson",19262,641658
"Luis Torrens","- - -",39,86,94,23,12,8,0,3,12,14,5,0,21,2,1,0,1,0,1,0.26744186,"Luis Torrens",15905,620443
"Juan Yepez","- - -",44,120,131,32,19,9,0,4,15,10,10,0,32,1,0,0,4,1,1,0.266666666,"Juan Yepez",18400,660766
"Dane Myers","MIA",62,150,165,40,28,8,1,3,24,23,9,0,51,3,3,0,1,5,2,0.266666666,"Dane Myers",22054,667472
"J.D. Martinez","- - -",186,703,788,187,98,43,3,43,90,143,64,1,236,6,10,0,20,1,0,0.266002844,"J.D. Martinez",6184,502110
"Nolan Arenado","STL",240,925,1015,246,168,40,2,36,111,135,69,5,159,7,13,0,28,4,4,0.265945945,"Nolan Arenado",9777,571448
"Willson Contreras","STL",182,628,736,167,96,40,0,31,88,93,86,1,178,19,2,1,16,9,4,0.265923566,"Willson Contreras",11609,575929
"Ezequiel Tovar","COL",253,1001,1060,266,163,65,6,32,131,122,39,0,292,7,6,6,20,15,8,0.265734265,"Ezequiel Tovar",24064,678662
"Brendan Rodgers","COL",131,493,528,131,93,25,2,11,62,53,30,1,114,4,1,0,14,1,0,0.265720081,"Brendan Rodgers",17907,663898
"Fernando Tatis Jr.","SDP",221,883,980,234,146,47,2,39,141,114,83,0,212,9,4,1,23,37,7,0.265005662,"Fernando Tatis Jr.",19709,665487
"Marcus Semien","TEX",263,1080,1208,286,179,58,5,44,189,153,115,2,172,6,6,0,9,17,5,0.264814814,"Marcus Semien",12533,543760
"Isiah Kiner-Falefa","- - -",198,583,642,154,118,20,3,13,71,70,41,0,107,9,5,4,21,17,6,0.264150943,"Isiah Kiner-Falefa",16512,643396
"Salvador Perez","KCR",240,905,985,239,161,37,0,41,100,147,47,14,213,20,11,0,23,0,0,0.264088397,"Salvador Perez",7304,521692
"Justin Turner","- - -",233,845,960,223,148,46,0,29,121,127,89,0,170,17,9,0,25,4,3,0.263905325,"Justin Turner",5235,457759
"Brent Rooker","OAK",227,792,900,209,113,39,3,54,110,139,88,3,287,13,7,0,13,10,1,0.263888888,"Brent Rooker",19627,667670
"Jordan Westburg","BAL",163,576,623,152,87,39,7,19,75,76,35,0,142,7,4,1,7,10,4,0.263888888,"Jordan Westburg",27815,676059
"Max Schuemann","OAK",81,239,280,63,48,9,0,6,45,26,32,0,72,3,3,3,3,10,1,0.263598326,"Max Schuemann",24488,680474
"Weston Wilson","PHI",17,38,46,10,8,0,0,2,7,5,7,0,8,0,1,0,0,4,1,0.263157894,"Weston Wilson",19358,642215
"Kevin Newman","- - -",146,428,471,112,76,30,1,5,57,49,26,1,66,4,7,6,12,11,2,0.261682242,"Kevin Newman",17696,621028
"Eloy Jiménez","CHW",181,673,725,176,122,31,0,23,67,80,48,3,138,1,3,0,22,3,0,0.261515601,"Eloy Jimenez",17484,650391
"Jordan Walker","STL",137,478,532,125,83,23,3,16,55,55,43,0,122,7,4,0,11,7,4,0.261506276,"Jordan Walker",27475,691023
"Will Smith","LAD",211,784,921,205,128,40,3,34,130,132,99,7,157,20,18,0,13,3,1,0.261479591,"Will Smith",19197,669257
"Logan O'Hoppe","LAA",139,490,535,128,80,19,1,28,68,72,32,0,132,10,2,1,11,2,3,0.261224489,"Logan O'Hoppe",24729,681351
"Joey Meneses","WSN",230,892,970,233,169,47,1,16,90,131,59,1,193,10,9,0,24,2,0,0.261210762,"Joey Meneses",14366,608841
"Teoscar Hernández","- - -",262,1015,1110,265,166,49,3,47,121,160,73,3,329,13,8,0,12,11,4,0.261083743,"Teoscar Hernandez",13066,606192
"Lourdes Gurriel Jr.","ARI",239,931,992,243,153,50,3,37,111,138,47,1,183,9,5,0,34,10,1,0.261009667,"Lourdes Gurriel Jr.",19238,666971
"Edmundo Sosa","PHI",163,456,495,119,74,24,6,15,62,52,18,0,120,15,2,2,11,9,3,0.260964912,"Edmundo Sosa",17022,624641
"Lane Thomas","WSN",231,916,1007,239,148,49,6,36,140,125,65,0,245,15,11,0,9,46,16,0.26091703,"Lane Thomas",16939,657041
"Armando Alvarez","OAK",7,23,25,6,5,1,0,0,6,1,2,0,3,0,0,0,1,1,0,0.260869565,"Armando Alvarez",19292,669137
"Starling Marte","NYM",152,560,607,146,115,16,3,12,76,58,33,1,125,10,1,3,14,36,4,0.260714285,"Starling Marte",9241,516782
"Nick Castellanos","PHI",259,1018,1096,265,161,57,4,43,125,159,63,1,279,7,8,0,28,14,4,0.260314341,"Nick Castellanos",11737,592206
"Matthew Batten","SDP",44,123,142,32,23,6,1,2,19,11,17,0,30,1,0,1,0,2,2,0.260162601,"Matthew Batten",20157,676946
"Alex Bregman","HOU",259,1011,1151,263,172,48,6,37,153,147,124,1,144,12,4,0,31,6,1,0.260138476,"Alex Bregman",17678,608324
"Pablo Reyes","BOS",85,227,249,59,46,11,0,2,31,25,17,0,40,1,2,2,4,8,4,0.259911894,"Pablo Reyes",16357,622569
"Connor Wong","BOS",202,635,696,165,111,33,3,18,87,70,41,0,196,14,3,3,4,13,6,0.259842519,"Connor Wong",19896,657136
"Spencer Steer","CIN",256,951,1085,247,143,61,5,38,127,150,112,1,225,17,5,0,12,30,4,0.259726603,"Spencer Steer",26323,668715
"Blaze Alexander","ARI",58,158,175,41,31,7,0,3,19,21,13,0,45,3,0,1,1,3,1,0.25949367,"Blaze Alexander",23789,677942
"Manny Machado","SDP",235,915,1004,237,156,38,0,43,120,144,79,6,193,3,7,0,39,8,3,0.259016393,"Manny Machado",11493,592518
"Ke'Bryan Hayes","PIT",201,784,842,203,138,40,7,18,96,82,47,1,162,4,7,0,21,18,8,0.258928571,"Ke'Bryan Hayes",18577,663647
"Noelvi Marte","CIN",57,197,211,51,36,10,0,5,27,24,10,0,53,3,1,0,1,8,2,0.258883248,"Noelvi Marte",26517,682622
"Johan Rojas","PHI",136,383,415,99,78,13,3,5,53,46,14,0,89,7,0,11,5,31,4,0.258485639,"Johan Rojas",24336,679032
"Christian Walker","ARI",260,972,1108,251,137,56,2,56,146,173,108,7,238,13,14,0,23,13,2,0.258230452,"Christian Walker",13419,572233
"Gleyber Torres","NYY",256,949,1073,245,164,44,2,35,135,105,105,0,189,6,11,2,25,17,9,0.258166491,"Gleyber Torres",16997,650402
"Michael Stefanic","LAA",35,93,106,24,20,3,1,0,6,10,11,0,12,2,0,0,1,0,1,0.258064516,"Michael Stefanic",25353,683021
"Miguel Cabrera","DET",98,334,370,86,62,20,0,4,21,34,31,0,74,2,3,0,11,0,0,0.257485029,"Miguel Cabrera",1744,408234
"Tommy Pham","- - -",196,684,765,176,112,39,4,21,88,86,72,1,167,3,6,0,13,28,6,0.257309941,"Tommy Pham",2967,502054
"Carlos Correa","MIN",210,793,897,204,124,45,4,31,111,112,89,5,184,7,7,0,35,0,0,0.257250945,"Carlos Correa",14162,621043
"Tom Murphy","- - -",60,179,197,46,24,13,0,9,22,19,14,0,58,1,2,0,4,0,0,0.25698324,"Tom Murphy",13499,608596
"Wilmer Flores","SFG",197,619,696,159,98,34,0,27,70,86,61,2,96,8,8,0,18,0,0,0.256865912,"Wilmer Flores",5827,527038
"Matt Vierling","DET",226,818,891,210,139,38,10,23,111,86,61,1,195,7,4,1,13,6,7,0.256723716,"Matt Vierling",21558,663837
"Whit Merrifield","- - -",199,703,766,180,134,31,1,14,87,78,51,2,120,5,6,1,17,38,12,0.256045519,"Whit Merrifield",11281,593160
"Jackson Chourio","MIL",90,297,321,76,53,13,0,10,44,41,21,1,71,0,2,1,4,12,3,0.255892255,"Jackson Chourio",28806,694192
"Ryan Jeffers","MIN",176,559,649,143,80,33,2,28,83,90,56,1,156,23,6,5,13,5,2,0.255813953,"Ryan Jeffers",24618,680777
"Jonathan India","CIN",213,782,919,200,130,44,1,25,128,101,102,0,186,23,12,0,20,23,3,0.255754475,"Jonathan India",21523,663697
"Ramón Urías","BAL",175,517,569,132,91,29,4,8,64,56,40,0,130,11,1,0,10,3,1,0.255319148,"Ramon Urias",18795,602104
"Chas McCormick","HOU",175,569,641,145,94,22,3,26,81,91,54,0,170,13,4,1,5,26,8,0.25483304,"Chas McCormick",19599,676801
"Owen Miller","MIL",104,318,341,81,58,18,0,5,31,30,17,1,69,2,4,0,7,13,2,0.254716981,"Owen Miller",24655,680911
"Maikel Garcia","KCR",224,865,951,220,165,36,9,10,120,95,67,0,183,2,12,5,14,46,8,0.25433526,"Maikel Garcia",22715,672580
"Masyn Winn","STL",131,468,516,119,87,20,5,7,53,45,37,1,96,0,7,4,1,11,4,0.254273504,"Masyn Winn",27479,691026
"Riley Adams","WSN",77,240,267,61,35,18,2,6,15,29,19,1,78,4,3,1,8,1,0,0.254166666,"Riley Adams",19864,656180
"J.T. Realmuto","PHI",189,705,775,179,110,36,6,27,99,83,50,3,199,12,6,0,13,17,7,0.253900709,"J.T. Realmuto",11739,592663
"Luis Robert Jr.","CHW",195,735,803,186,89,46,1,50,114,104,49,7,245,12,2,0,15,32,4,0.253061224,"Luis Robert Jr.",20043,673357
"Nick Madrigal","CHC",143,356,388,90,68,19,1,2,39,38,14,0,34,12,0,6,5,11,2,0.252808988,"Nick Madrigal",20521,663611
"Manuel Margot","- - -",187,515,560,130,91,30,2,7,67,63,33,0,91,7,5,0,10,13,3,0.252427184,"Manuel Margot",14712,622534
"Kevin Pillar","- - -",148,373,400,94,56,21,1,16,54,64,16,0,85,6,4,1,7,13,3,0.252010723,"Kevin Pillar",12434,607680
"Mike Trout","LAA",111,417,488,105,59,15,3,28,71,58,61,3,131,8,2,0,4,8,1,0.251798561,"Mike Trout",10155,545361
"Paul Goldschmidt","STL",252,986,1115,248,163,46,0,39,137,118,118,7,286,5,3,0,23,17,2,0.251521298,"Paul Goldschmidt",9218,502671
"Elvis Andrus","CHW",112,374,406,94,67,20,1,6,39,44,25,1,71,4,2,1,11,12,4,0.251336898,"Elvis Andrus",8709,462101
"Matt Duffy","KCR",79,191,209,48,38,8,0,2,17,16,12,0,39,4,2,0,4,1,0,0.2513089,"Matt Duffy",13836,622110
"Bryan De La Cruz","MIA",255,989,1065,248,162,50,0,36,102,125,64,1,256,3,7,0,26,7,2,0.250758341,"Bryan De La Cruz",19600,650559
"Tyler O'Neill","- - -",145,511,578,128,72,27,0,29,81,59,63,5,170,3,1,0,14,8,0,0.250489236,"Tyler O'Neill",15711,641933
"Mark Canha","- - -",228,743,868,186,125,42,1,18,91,98,89,3,152,27,9,0,20,15,1,0.250336473,"Mark Canha",11445,592192
"Manny Piña","OAK",4,12,12,3,2,0,0,1,1,1,0,0,3,0,0,0,1,0,0,0.25,"Manny Pina",2829,444489
"Edward Olivares","- - -",162,528,581,132,84,27,4,17,69,59,38,1,101,9,6,0,10,12,5,0.25,"Edward Olivares",19698,658668
"Zach Remillard","CHW",69,180,199,45,35,8,1,1,19,19,13,1,58,1,0,5,4,5,3,0.25,"Zach Remillard",19788,621545
"Ryan McKenna","- - -",102,136,154,34,23,7,0,4,27,20,10,0,45,3,2,3,4,6,1,0.25,"Ryan McKenna",19928,663630
"Isaac Paredes","TBR",241,848,987,212,121,43,1,47,111,153,107,2,172,29,3,0,23,1,1,0.25,"Isaac Paredes",20036,670623
"Ceddanne Rafaela","BOS",127,437,462,109,70,22,4,13,60,58,16,1,125,3,4,2,7,16,7,0.249427917,"Ceddanne Rafaela",24262,678882
"Jacob Young","WSN",125,393,441,98,75,21,1,1,59,31,28,0,87,10,1,9,8,37,5,0.249363867,"Jacob Young",29931,696285
"Andy Pages","LAD",84,313,343,78,52,17,1,8,49,29,20,0,85,6,4,0,7,1,2,0.249201277,"Andy Pages",24816,681624
"Thairo Estrada","SFG",207,824,876,205,138,40,4,23,104,92,32,1,187,16,4,0,18,24,9,0.248786407,"Thairo Estrada",16426,642731
"Andrew Vaughn","CHW",248,930,1010,231,147,50,2,32,103,124,59,0,220,16,5,0,26,1,0,0.248387096,"Andrew Vaughn",26197,683734
"C.J. Cron","- - -",71,258,278,64,40,12,0,12,38,37,17,0,65,1,2,0,13,0,0,0.248062015,"C.J. Cron",12546,543068
"Esteury Ruiz","OAK",161,504,562,125,90,26,2,7,57,55,24,1,119,18,3,6,8,72,17,0.248015873,"Esteury Ruiz",21780,665923
"Miguel Rojas","LAD",192,577,630,143,101,33,1,8,71,52,38,0,70,6,6,3,17,13,4,0.247833622,"Miguel Rojas",7802,500743
"David Fletcher","- - -",38,97,106,24,21,1,0,2,7,14,7,1,10,0,1,1,2,0,0,0.24742268,"David Fletcher",17992,664058
"Joey Ortiz","- - -",97,279,325,69,45,15,2,7,40,34,39,0,58,2,4,1,5,6,4,0.247311827,"Joey Ortiz",25493,687401
"Jason Delay","PIT",77,182,206,45,29,14,1,1,21,24,17,0,44,3,1,3,5,0,0,0.247252747,"Jason Delay",19806,641511
"Eguy Rosario","SDP",41,89,94,22,9,7,1,5,11,12,3,0,32,1,0,1,2,0,0,0.247191011,"Eguy Rosario",19964,666703
"Ha-Seong Kim","SDP",255,883,1029,218,152,36,3,27,138,103,126,5,189,5,8,7,14,57,13,0.246885617,"Ha-Seong Kim",27506,673490
"Harrison Bader","- - -",187,600,646,148,104,27,2,15,84,76,30,1,125,7,8,1,12,34,11,0.246666666,"Harrison Bader",18030,664056
"Dairon Blanco","KCR",125,211,234,52,34,10,4,4,41,23,15,0,56,3,1,3,2,42,9,0.246445497,"Dairon Blanco",19779,680118
"Mark Vientos","NYM",122,422,457,104,64,17,1,22,49,57,27,0,127,4,4,0,7,1,0,0.246445497,"Mark Vientos",22184,668901
"George Springer","TOR",250,961,1076,236,160,40,2,34,135,112,100,1,196,7,5,0,34,30,5,0.245577523,"George Springer",12856,543807
"Connor Joe","PIT",220,693,789,170,98,49,5,18,104,72,80,1,171,14,2,0,11,5,6,0.245310245,"Connor Joe",16572,656582
"Yan Gomes","CHC",150,473,515,116,80,22,2,12,51,70,23,1,117,10,8,1,11,1,0,0.245243128,"Yan Gomes",9627,543228
"Andruw Monasterio","MIL",127,363,406,89,67,17,1,4,48,37,37,0,89,4,2,0,10,12,3,0.245179063,"Andruw Monasterio",19455,655316
"Orlando Arcia","ATL",235,824,894,202,135,43,0,24,94,92,55,1,179,5,9,1,25,1,0,0.245145631,"Orlando Arcia",13185,606115
"Nick Gonzales","PIT",98,355,387,87,56,21,3,7,39,52,17,1,91,7,6,2,3,3,2,0.245070422,"Nick Gonzales",27490,693304
"Yuli Gurriel","MIA",108,298,329,73,50,16,3,4,32,27,26,3,44,1,4,0,13,4,0,0.244966442,"Yuli Gurriel",19198,493329
"Jhonkensy Noel","CLE",20,49,54,12,4,3,0,5,6,8,3,0,21,1,1,0,0,0,0,0.244897959,"Jhonkensy Noel",24257,678877
"Wyatt Langford","TEX",79,294,326,72,49,14,4,5,32,42,28,3,66,2,2,0,5,9,2,0.244897959,"Wyatt Langford",33333,694671
"Nelson Cruz","SDP",49,143,152,35,24,5,1,5,9,23,6,1,46,2,1,0,2,1,0,0.244755244,"Nelson Cruz",2434,443558
"Jonathan Davis","MIA",34,90,104,22,15,4,1,2,22,10,7,0,29,2,2,2,1,1,2,0.244444444,"Jonathan Davis",15104,641505
"Curtis Mead","TBR",53,180,196,44,35,6,1,2,20,11,11,0,45,4,0,0,5,2,0,0.244444444,"Curtis Mead",23986,678554
"Austin Martin","MIN",52,123,135,30,20,9,0,1,28,9,11,0,27,0,0,1,2,6,2,0.243902439,"Austin Martin",27462,668885
"Jared Triolo","PIT",129,424,482,103,82,14,0,7,50,46,48,0,136,5,5,0,4,10,2,0.242924528,"Jared Triolo",25807,669707
"Andrew McCutchen","PIT",199,717,849,174,117,31,1,25,107,70,119,2,196,9,4,0,15,14,5,0.242677824,"Andrew McCutchen",9847,457705
"Corey Julks","- - -",136,408,445,99,69,21,0,9,46,41,34,0,106,1,2,0,11,18,4,0.242647058,"Corey Julks",20311,667452
"Christian Encarnacion-Strand","CIN",92,338,364,82,54,13,0,15,42,53,18,0,104,6,2,0,9,2,0,0.24260355,"Christian Encarnacion-Strand",30011,687952
"Zach Neto","LAA",184,631,701,153,91,40,0,22,81,80,39,0,162,24,4,3,13,23,7,0.242472266,"Zach Neto",31347,687263
"Otto Lopez","MIA",61,190,204,46,35,8,0,3,22,19,8,0,32,1,2,2,5,8,1,0.242105263,"Otto Lopez",19608,672640
"Garrett Cooper","- - -",159,529,573,128,85,23,2,18,48,72,38,0,167,4,2,0,18,0,0,0.241965973,"Garrett Cooper",15279,643265
"Sean Murphy","ATL",144,488,569,118,68,24,0,26,73,80,60,1,129,20,1,0,22,0,0,0.241803278,"Sean Murphy",19352,669221
"Michael Chavis","WSN",48,91,96,22,17,3,0,2,16,5,5,0,33,0,0,0,3,1,0,0.241758241,"Michael Chavis",17321,656308
"Tyler Stephenson","CIN",226,728,813,176,113,36,3,24,99,91,74,3,188,8,3,0,20,1,1,0.241758241,"Tyler Stephenson",17988,663886
"Jake Burger","- - -",221,799,868,193,106,39,2,46,105,118,50,0,237,13,6,0,10,1,2,0.241551939,"Jake Burger",22275,669394
"Emmanuel Rivera","- - -",167,414,465,100,77,19,0,4,44,41,40,0,98,3,7,1,14,2,0,0.241545893,"Emmanuel Rivera",19890,656896
"René Pinto","TBR",58,145,154,35,21,6,0,8,15,22,6,0,52,1,1,1,2,0,0,0.24137931,"Rene Pinto",19859,650907
"Ty France","SEA",246,887,1005,214,148,46,0,20,107,89,71,0,200,45,2,0,36,1,1,0.241262683,"Ty France",17982,664034
"J.D. Davis","- - -",190,622,703,150,99,28,1,22,74,75,64,0,191,9,6,0,21,1,0,0.241157556,"J.D. Davis",16219,605204
"Christian Arroyo","BOS",66,195,206,47,28,16,0,3,23,24,7,0,45,1,2,1,8,1,3,0.241025641,"Christian Arroyo",16434,624414
"Austin Slater","- - -",138,291,337,70,54,10,0,6,37,32,37,0,93,5,4,0,5,4,3,0.240549828,"Austin Slater",16153,596103
"Byron Buxton","MIN",162,567,634,136,67,37,4,28,94,82,48,3,184,13,6,0,6,15,2,0.239858906,"Byron Buxton",14161,621439
"Alejandro Kirk","TOR",178,542,619,130,96,24,0,10,45,67,61,2,73,7,9,0,27,0,0,0.239852398,"Alejandro Kirk",22581,672386
"Jorge Soler","- - -",226,830,954,199,107,44,1,47,127,111,107,4,235,9,7,0,27,2,0,0.239759036,"Jorge Soler",14221,624585
"Taylor Ward","LAA",197,723,829,173,109,36,0,28,105,92,83,0,185,11,12,0,17,7,5,0.239280774,"Taylor Ward",17548,621493
"Sam Huff","TEX",24,46,49,11,6,2,0,3,5,6,3,0,19,0,0,0,1,0,0,0.239130434,"Sam Huff",22209,669087
"Brenton Doyle","COL",224,758,835,181,114,33,7,27,107,99,56,1,250,7,7,7,19,42,10,0.238786279,"Brenton Doyle",25479,686668
"Travis d'Arnaud","ATL",142,465,512,111,64,27,0,20,57,72,36,0,114,7,4,0,11,1,0,0.238709677,"Travis d'Arnaud",7739,518595
"Brandon Drury","LAA",176,654,713,156,92,34,3,27,80,91,41,0,177,11,7,0,19,0,2,0.23853211,"Brandon Drury",11615,592273
"Myles Straw","CLE",147,462,518,110,88,18,3,1,52,29,42,0,97,2,6,6,10,20,6,0.238095238,"Myles Straw",17620,664702
"Luis Matos","SFG",116,366,396,87,63,17,1,6,36,38,24,1,51,3,1,2,8,3,0,0.237704918,"Luis Matos",26467,682641
"Randy Arozarena","TBR",251,901,1063,214,135,38,3,38,140,120,125,1,257,29,8,0,13,38,17,0.237513873,"Randy Arozarena",19290,668227
"Liover Peguero","PIT",59,198,213,47,35,4,1,7,21,26,11,0,67,1,1,2,6,6,2,0.237373737,"Liover Peguero",24273,678894
"Matt Chapman","- - -",241,889,1015,211,114,64,2,31,135,99,111,3,269,12,3,0,12,15,3,0.237345331,"Matt Chapman",16505,656305
"Kyle Farmer","MIN",183,468,520,111,74,24,2,11,64,61,36,1,117,14,2,0,11,5,9,0.237179487,"Kyle Farmer",14813,571657
"Jake Marisnick","- - -",46,76,83,18,11,3,2,2,10,10,3,0,21,2,1,1,4,2,3,0.236842105,"Jake Marisnick",11339,545350
"Junior Caminero","TBR",7,34,36,8,6,1,0,1,4,7,2,0,8,0,0,0,2,0,0,0.235294117,"Junior Caminero",28163,691406
"Tim Anderson","- - -",188,727,765,171,147,21,2,1,68,34,33,0,190,3,2,0,21,17,6,0.235213204,"Tim Anderson",15172,641313
"Nick Loftin","KCR",72,196,224,46,35,9,1,1,25,23,22,0,33,2,3,1,4,3,0,0.234693877,"Nick Loftin",27630,679845
"Davis Schneider","TOR",127,388,455,91,45,27,1,18,59,56,55,0,131,8,4,0,3,5,0,0.234536082,"Davis Schneider",23565,676914
"Santiago Espinal","- - -",164,431,477,101,75,18,0,8,47,52,32,2,62,3,5,6,9,8,1,0.234338747,"Santiago Espinal",19997,669289
"Dansby Swanson","CHC",240,892,999,209,136,38,4,31,118,111,97,2,251,7,3,0,13,16,4,0.234304932,"Dansby Swanson",18314,621020
"Trey Mancini","CHC",79,235,263,55,39,12,0,4,31,28,21,1,78,2,3,0,5,0,0,0.234042553,"Trey Mancini",15149,641820
"Anthony Rendon","LAA",75,271,320,63,50,11,0,2,36,28,36,0,53,7,6,0,8,6,1,0.232472324,"Anthony Rendon",12861,543685
"Romy Gonzalez","- - -",86,185,197,43,26,10,3,4,20,24,8,0,58,1,2,1,3,13,2,0.232432432,"Romy Gonzalez",21562,663853
"Kyle Higashioka","- - -",137,379,405,88,47,18,1,22,41,66,22,0,118,0,3,1,7,0,0,0.232189973,"Kyle Higashioka",5517,543309
"Tyrone Taylor","- - -",160,435,462,101,54,27,4,16,67,60,18,0,105,6,2,1,14,15,2,0.232183908,"Tyrone Taylor",13675,621438
"Tim Locastro","NYM",43,56,67,13,8,3,0,2,13,3,3,0,22,6,0,2,0,6,0,0.232142857,"Tim Locastro",15124,641796
"Tyler Freeman","CLE",154,432,494,100,68,20,1,11,64,50,37,1,77,16,4,5,16,14,6,0.231481481,"Tyler Freeman",22532,671289
"Jahmai Jones","- - -",39,52,58,12,8,2,1,1,9,7,3,0,21,2,0,1,0,2,1,0.23076923,"Jahmai Jones",18872,663330
"Adolis García","TEX",246,923,1040,213,112,45,0,56,157,156,95,2,281,11,11,0,22,18,4,0.23076923,"Adolis Garcia",19287,666969
"Leo Jiménez","TOR",14,39,44,9,7,2,0,0,4,1,3,0,12,2,0,0,2,0,0,0.23076923,"Leo Jimenez",23782,677870
"Willy Adames","MIL",251,942,1082,217,122,53,2,40,127,148,122,3,265,7,9,0,23,17,6,0.230360934,"Willy Adames",15986,642715
"Hunter Renfroe","- - -",222,747,827,172,97,46,0,29,91,95,72,0,171,5,3,0,22,1,1,0.23025435,"Hunter Renfroe",15464,592669
"DJ LeMahieu","NYY",178,631,716,145,101,25,3,16,67,56,77,2,150,4,3,1,24,2,3,0.229793977,"DJ LeMahieu",9874,518934
"Jake Meyers","HOU",205,597,658,137,83,30,3,21,76,75,47,0,159,11,2,1,9,12,5,0.229480737,"Jake Meyers",20308,676694
"Stuart Fairchild","CIN",172,398,454,91,55,23,2,11,60,52,40,0,115,10,2,4,3,23,4,0.228643216,"Stuart Fairchild",20321,656413
"José Caballero","- - -",189,512,589,117,83,21,2,11,77,52,47,0,151,23,5,2,5,51,14,0.228515625,"Jose Caballero",23401,676609
"Francisco Alvarez","NYM",173,543,603,124,70,24,1,29,69,87,51,0,153,7,2,0,19,3,0,0.228360957,"Francisco Alvarez",26121,682626
"Zack Gelof","OAK",152,575,636,131,72,29,3,27,78,67,49,1,199,7,3,2,9,26,3,0.227826086,"Zack Gelof",29766,680869
"Jose Trevino","NYY",115,325,354,74,54,8,0,12,37,42,21,0,54,4,2,2,17,0,0,0.227692307,"Jose Trevino",16725,624431
"Pete Alonso","NYM",256,959,1100,218,106,44,2,66,149,171,107,10,240,28,6,0,29,6,1,0.227320125,"Pete Alonso",19251,624413
"Anthony Volpe","NYY",262,968,1065,220,139,42,11,28,126,96,82,0,266,8,3,3,17,41,10,0.227272727,"Anthony Volpe",27647,683011
"Elehuris Montero","COL",152,508,554,115,73,25,2,15,63,67,35,0,167,5,6,0,12,0,0,0.226377952,"Elehuris Montero",20543,660707
"Eugenio Suárez","- - -",261,941,1085,213,133,44,2,34,109,147,105,0,329,22,17,0,14,4,1,0.226354941,"Eugenio Suarez",12552,553993
"Carlos Pérez","OAK",68,168,189,38,28,4,0,6,17,20,13,0,40,4,3,1,4,0,0,0.226190476,"Carlos Perez",10642,542208
"Enrique Hernández","- - -",217,681,743,154,106,31,0,17,79,80,52,1,148,3,7,0,26,4,1,0.226138032,"Enrique Hernandez",10472,571771
"Mark Mathias","- - -",27,62,72,14,12,2,0,0,6,6,10,0,15,0,0,0,4,3,0,0.225806451,"Mark Mathias",18032,664029
"José Azocar","SDP",116,164,181,37,27,8,0,2,29,11,9,0,43,2,0,6,3,13,3,0.225609756,"Jose Azocar",18821,640492
"Kris Bryant","COL",106,395,446,89,65,12,0,12,44,41,41,0,102,10,0,0,11,0,0,0.225316455,"Kris Bryant",15429,592178
"Nick Ahmed","- - -",126,360,389,81,59,16,2,4,29,33,22,0,90,1,3,3,6,6,2,0.225,"Nick Ahmed",12147,605113
"Sean Bouchard","COL",52,129,151,29,15,9,0,5,25,15,16,0,47,2,3,1,0,4,1,0.224806201,"Sean Bouchard",21270,656248
"Spencer Torkelson","DET",213,815,914,183,98,49,1,35,112,112,83,1,227,9,6,0,18,3,0,0.224539877,"Spencer Torkelson",27465,679529
"Darin Ruf","- - -",20,49,57,11,8,3,0,0,3,3,8,0,16,0,0,0,0,0,0,0.224489795,"Darin Ruf",9929,573131
"Austin Wynns","- - -",57,147,162,33,22,10,0,1,14,11,9,0,43,2,1,3,4,1,0,0.224489795,"Austin Wynns",15271,642851
"Carson Kelly","- - -",110,312,349,70,51,9,1,9,33,42,30,0,79,5,2,0,5,1,0,0.224358974,"Carson Kelly",13620,608348
"Christopher Morel","CHC",208,745,845,167,95,24,4,44,104,121,83,2,234,10,6,1,18,13,7,0.224161073,"Christopher Morel",21897,666624
"Jacob Stallings","- - -",144,399,460,89,54,26,1,8,42,44,46,1,106,8,3,4,18,0,0,0.223057644,"Jacob Stallings",13723,607732
"Brian Anderson","- - -",99,323,366,72,48,12,3,9,38,40,36,0,110,4,3,0,11,1,3,0.222910216,"Brian Anderson",18289,605119
"Evan Longoria","ARI",74,211,237,47,27,9,0,11,25,28,23,0,73,0,3,0,8,0,0,0.222748815,"Evan Longoria",9368,446334
"Joey Bart","- - -",67,189,212,42,28,8,0,6,21,25,15,0,56,6,2,0,4,0,0,0.222222222,"Joey Bart",21524,663698
"Pedro Pagés","STL",36,99,111,22,17,2,1,2,11,14,9,0,25,0,2,1,4,1,0,0.222222222,"Pedro Pages",25782,686780
"Trey Lipscomb","WSN",51,162,177,36,32,3,0,1,17,10,11,0,34,2,1,0,6,11,2,0.222222222,"Trey Lipscomb",31567,702358
"Andrew Knizner","- - -",106,311,331,69,46,12,0,11,35,40,13,0,84,4,2,1,10,2,0,0.221864951,"Andrew Knizner",19514,668800
"Jorge Mateo","BAL",184,510,558,113,69,28,4,12,88,52,32,0,130,2,6,7,11,45,7,0.221568627,"Jorge Mateo",17273,622761
"Justyn-Henry Malloy","DET",38,113,131,25,15,2,1,7,14,17,15,0,45,2,1,0,0,1,1,0.221238938,"Justyn-Henry Malloy",29606,669234
"Jesús Aguilar","OAK",36,104,115,23,16,2,0,5,8,9,8,2,31,1,1,0,3,0,0,0.221153846,"Jesus Aguilar",11342,542583
"Danny Jansen","TOR",147,462,524,102,51,28,0,23,65,70,48,1,103,12,2,0,4,0,0,0.22077922,"Danny Jansen",16535,643376
"Luke Voit","MIL",22,68,74,15,12,3,0,0,5,4,4,0,27,2,0,0,3,2,0,0.220588235,"Luke Voit",14811,572228
"Chadwick Tromp","ATL",25,68,70,15,8,7,0,0,4,7,1,0,24,0,1,0,2,0,0,0.220588235,"Chadwick Tromp",16953,644433
"Jordan Diaz","OAK",90,272,293,60,41,9,0,10,20,27,17,0,69,3,1,0,10,0,1,0.220588235,"Jordan Diaz",22650,672478
"Nick Senzel","- - -",172,517,575,114,74,20,0,20,74,60,53,1,129,2,2,0,15,7,5,0.220502901,"Nick Senzel",19293,669222
"Mitch Garver","- - -",172,576,674,127,72,24,0,31,76,87,86,1,185,8,3,0,13,0,0,0.220486111,"Mitch Garver",15161,641598
"Ryan Bliss","SEA",31,59,67,13,8,3,1,1,8,7,5,0,21,1,0,2,1,5,3,0.220338983,"Ryan Bliss",29547,669208
"Lenyn Sosa","CHW",104,341,360,75,51,14,0,10,25,29,12,2,83,2,1,4,6,3,1,0.219941348,"Lenyn Sosa",22896,672820
"Hanser Alberto","CHW",30,82,90,18,10,5,0,3,11,16,4,0,13,1,1,2,1,0,0,0.219512195,"Hanser Alberto",11902,593643
"Jean Segura","MIA",85,301,326,66,56,5,2,3,25,21,22,1,47,2,0,1,12,6,2,0.219269102,"Jean Segura",5933,516416
"Miguel Amaya","CHC",125,324,372,71,53,9,1,8,31,36,28,0,84,14,3,3,5,0,0,0.219135802,"Miguel Amaya",21693,665804
"Eric Haase","- - -",96,297,317,65,49,8,1,7,26,34,18,1,91,0,1,1,11,4,1,0.218855218,"Eric Haase",14111,606992
"Adam Duvall","- - -",173,576,632,126,62,33,2,29,69,84,41,1,190,9,6,0,4,4,0,0.21875,"Adam Duvall",10950,594807
"Osleivis Basabe","TBR",31,87,94,19,13,5,0,1,15,12,6,0,25,1,0,0,2,0,1,0.218390804,"Osleivis Basabe",23985,678545
"Cristian Pache","PHI",98,188,213,41,25,12,2,2,21,20,23,0,70,0,1,1,2,2,3,0.218085106,"Cristian Pache",19948,665506
"Jose Barrero","CIN",46,133,149,29,19,8,0,2,15,17,15,0,44,0,1,0,1,3,2,0.218045112,"Jose Barrero",23378,676480
"James McCann","BAL",113,344,372,75,46,20,0,9,42,40,16,0,90,6,3,3,8,4,1,0.218023255,"James McCann",12859,543510
"José Abreu","HOU",176,653,714,142,96,25,1,20,72,97,46,1,158,8,7,0,20,0,1,0.217457886,"Jose Abreu",15676,547989
"Drew Ellis","PHI",12,23,29,5,3,0,0,2,4,4,6,0,7,0,0,0,0,0,1,0.217391304,"Drew Ellis",19873,656403
"Gary Sánchez","- - -",127,388,432,84,43,15,0,26,51,68,33,0,113,8,3,0,7,0,0,0.216494845,"Gary Sanchez",11442,596142
"Jake Rogers","DET",170,528,576,114,65,20,1,28,77,71,38,0,180,5,4,1,9,2,1,0.21590909,"Jake Rogers",19452,668670
"Aledmys Díaz","- - -",123,348,378,75,50,20,1,4,27,25,18,2,75,7,4,1,14,1,0,0.215517241,"Aledmys Diaz",15937,649557
"Samad Taylor","- - -",34,65,74,14,11,2,1,0,13,4,7,0,23,0,1,1,1,8,0,0.215384615,"Samad Taylor",22274,669392
"Christian Vázquez","MIN",160,511,553,110,81,19,0,10,48,49,31,1,124,2,4,5,20,3,1,0.215264187,"Christian Vazquez",9774,543877
"Nelson Velázquez","- - -",117,367,409,79,39,14,1,25,66,61,33,0,112,5,4,0,9,2,0,0.215258855,"Nelson Velazquez",23359,676369
"Ramón Laureano","- - -",150,475,531,102,61,26,4,11,60,43,40,0,162,14,2,0,10,16,3,0.214736842,"Ramon Laureano",17128,657656
"Paul DeJong","- - -",210,695,747,149,93,25,0,31,78,76,34,0,232,13,5,0,18,6,5,0.214388489,"Paul DeJong",18015,657557
"Austin Barnes","LAD",93,271,304,58,48,7,0,3,22,19,26,0,68,2,2,3,8,3,1,0.21402214,"Austin Barnes",12158,605131
"Chris Taylor","LAD",181,500,573,107,67,20,2,18,68,71,64,2,187,6,2,1,6,19,4,0.214,"Chris Taylor",13757,621035
"Giancarlo Stanton","NYY",170,631,696,135,70,23,0,42,77,105,61,3,214,3,1,0,20,0,0,0.213946117,"Giancarlo Stanton",4949,519317
"Oscar Gonzalez","CLE",54,173,180,37,26,7,2,2,15,12,5,0,46,1,1,0,2,0,0,0.213872832,"Oscar Gonzalez",20970,660757
"Gabriel Arias","CLE",175,468,506,100,62,24,1,13,51,41,34,0,166,2,2,0,13,8,6,0.213675213,"Gabriel Arias",22563,672356
"Luke Maile","CIN",117,281,316,60,39,13,0,8,25,33,24,0,88,9,1,1,11,4,1,0.213523131,"Luke Maile",13355,571912
"Jonathan Schoop","DET",55,136,151,29,21,8,0,0,15,7,13,0,37,0,2,0,6,0,0,0.213235294,"Jonathan Schoop",11265,570731
"Jose Siri","TBR",188,616,678,131,64,26,2,39,98,91,44,0,242,7,7,3,9,21,9,0.212662337,"Jose Siri",17452,642350
"Rhys Hoskins","MIL",78,273,314,58,34,9,0,15,31,48,31,1,86,6,3,0,9,2,0,0.212454212,"Rhys Hoskins",16472,656555
"Michael A. Taylor","- - -",205,532,589,113,69,19,2,23,72,64,42,0,200,3,5,7,9,20,2,0.212406015,"Michael A. Taylor",11489,572191
"Nick Allen","OAK",134,373,406,79,66,6,2,5,33,23,22,0,71,1,2,8,8,5,1,0.211796246,"Nick Allen",22277,669397
"Christian Bethancourt","- - -",142,397,420,84,52,19,0,13,58,40,16,0,113,1,3,3,7,1,0,0.211586901,"Christian Bethancourt",10028,542194
"Vaughn Grissom","- - -",46,156,167,33,28,4,1,0,11,12,7,0,34,3,1,0,4,0,1,0.211538461,"Vaughn Grissom",26031,687093
"Alan Trejo","COL",111,270,294,57,42,11,0,4,28,27,18,0,66,2,2,2,5,5,1,0.211111111,"Alan Trejo",20056,676701
"Luken Baker","STL",33,86,99,18,13,3,0,2,9,10,13,0,31,0,0,0,1,0,0,0.209302325,"Luken Baker",21497,663609
"Javier Báez","DET",200,730,780,152,109,28,4,11,76,87,32,0,175,11,6,0,21,18,1,0.208219178,"Javier Baez",12979,595879
"Mitch Haniger","- - -",147,486,536,101,62,23,1,15,56,63,45,0,152,3,2,0,14,1,0,0.20781893,"Mitch Haniger",14274,571745
"Jordan Luplow","- - -",39,77,90,16,11,3,0,2,11,5,12,1,27,1,0,0,1,2,0,0.207792207,"Jordan Luplow",16424,656669
"Shea Langeliers","OAK",223,756,827,157,81,29,6,41,88,116,56,4,238,8,6,1,20,7,3,0.207671957,"Shea Langeliers",25816,669127
"Casey Schmitt","SFG",102,294,319,61,38,16,0,7,33,35,13,0,73,6,3,3,8,2,1,0.207482993,"Casey Schmitt",27577,669477
"Carter Kieboom","WSN",27,87,94,18,12,2,0,4,12,11,6,0,27,1,0,0,2,0,0,0.206896551,"Carter Kieboom",19958,666198
"Derek Hill","- - -",30,92,97,19,15,1,0,3,8,6,5,0,25,0,0,0,1,3,1,0.206521739,"Derek Hill",16947,656537
"Trevor Story","BOS",51,189,202,39,24,12,0,3,13,18,12,1,64,1,0,0,2,11,4,0.206349206,"Trevor Story",12564,596115
"Mike Brosseau","MIL",29,73,78,15,9,2,0,4,4,8,4,0,20,1,0,0,2,0,0,0.205479452,"Mike Brosseau",19683,670712
"Dylan Moore","SEA",151,390,454,80,37,23,5,15,49,47,46,0,139,13,4,1,7,24,6,0.205128205,"Dylan Moore",18042,664238
"Miguel Sanó","LAA",28,83,95,17,12,3,0,2,9,6,9,0,36,2,1,0,2,0,0,0.204819277,"Miguel Sano",12164,593934
"Tyler Nevin","- - -",97,259,300,53,35,9,1,8,28,25,30,0,66,8,3,0,5,1,1,0.204633204,"Tyler Nevin",17893,663527
"Alex Call","WSN",135,391,460,80,56,15,1,8,49,39,56,0,83,8,2,3,1,10,8,0.20460358,"Alex Call",19296,669743
"Miguel Vargas","LAD",109,323,380,66,33,19,4,10,47,41,46,1,76,4,5,1,2,4,2,0.204334365,"Miguel Vargas",20178,678246
"Carlos Pérez","CHW",27,49,53,10,5,4,0,1,5,3,4,0,11,0,0,0,2,0,0,0.204081632,"Carlos Perez",20805,656024
"Josh Harrison","PHI",41,103,114,21,16,3,0,2,8,10,3,0,20,6,2,0,2,0,0,0.203883495,"Josh Harrison",8202,543281
"Avisaíl García","MIA",55,158,169,32,22,4,1,5,12,14,7,1,52,2,0,0,5,2,0,0.202531645,"Avisail Garcia",5760,541645
"Brandon Dixon","SDP",33,79,86,16,10,4,0,2,10,9,1,0,31,4,2,0,1,1,0,0.202531645,"Brandon Dixon",15214,641525
"Alika Williams","PIT",69,163,180,33,25,6,2,0,15,8,11,0,49,1,0,5,2,1,0,0.202453987,"Alika Williams",27604,675961
"Patrick Wisdom","CHC",140,361,408,73,32,12,2,27,53,59,38,0,145,5,2,2,4,9,2,0.202216066,"Patrick Wisdom",13602,621550
"Joey Wiemer","MIL",151,393,437,79,47,19,0,13,50,42,37,0,125,5,2,0,4,12,5,0.201017811,"Joey Wiemer",27690,686894
"Matt Reynolds","CIN",2,5,5,1,1,0,0,0,1,0,0,0,3,0,0,0,0,0,0,0.2,"Matt Reynolds",13788,608703
"Ali Sánchez","MIA",14,35,41,7,7,0,0,0,1,1,2,0,11,1,0,3,1,0,0,0.2,"Ali Sanchez",18551,645305
"Chuckie Robinson","CHW",3,5,5,1,1,0,0,0,0,0,0,0,1,0,0,0,0,0,0,0.2,"Chuckie Robinson",19824,642020
"Jacob Amaya","- - -",5,10,10,2,2,0,0,0,1,2,0,0,1,0,0,0,0,1,0,0.2,"Jacob Amaya",23296,676070
"Nick Fortes","MIA",180,489,529,97,72,17,0,8,45,42,22,0,85,9,2,7,16,4,3,0.198364008,"Nick Fortes",21538,663743
"Chad Wallach","LAA",65,157,172,31,18,5,1,7,18,15,13,0,57,0,0,2,5,0,1,0.197452229,"Chad Wallach",17161,595453
"Clint Frazier","CHW",33,66,76,13,11,1,1,0,10,3,10,0,23,0,0,0,0,4,2,0.196969696,"Clint Frazier",15983,640449
"Henry Davis","PIT",91,310,357,61,39,14,0,8,36,29,38,2,109,5,3,0,4,3,5,0.196774193,"Henry Davis",29617,680779
"Jo Adell","LAA",110,341,377,67,36,11,2,18,46,52,28,1,118,4,3,0,7,14,7,0.196480938,"Jo Adell",20220,666176
"Bryan Ramos","CHW",15,46,48,9,7,2,0,0,4,2,1,0,8,0,1,0,3,0,0,0.195652173,"Bryan Ramos",25621,682868
"Logan Porter","KCR",11,31,38,6,4,1,0,1,4,3,5,0,11,1,0,1,2,0,0,0.193548387,"Logan Porter",20626,682515
"Danny Mendick","- - -",82,197,210,38,24,10,0,4,17,12,10,0,50,2,0,1,4,7,0,0.192893401,"Danny Mendick",18889,664901
"Oswald Peraza","NYY",52,173,191,33,23,8,0,2,15,14,13,0,50,5,0,0,1,4,3,0.190751445,"Oswald Peraza",22823,672724
"Jordan Beck","COL",23,79,81,15,9,4,0,2,4,8,1,1,30,0,1,0,0,2,0,0.189873417,"Jordan Beck",31431,687597
"Jonah Bride","- - -",53,116,137,22,18,4,0,0,11,12,13,0,29,4,3,1,4,0,2,0.189655172,"Jonah Bride",24703,681146
"Wil Myers","CIN",37,127,141,24,18,3,0,3,11,12,12,0,48,0,1,1,3,2,1,0.188976377,"Wil Myers",10047,571976
"Korey Lee","CHW",105,309,325,58,37,11,0,10,29,29,16,0,98,0,0,0,5,5,2,0.187702265,"Korey Lee",25543,686676
"Jonny DeLuca","- - -",81,208,228,39,26,7,1,5,16,25,17,0,56,2,0,1,0,8,3,0.1875,"Jonny DeLuca",26365,676356
"Franmil Reyes","KCR",19,59,65,11,9,0,0,2,5,7,4,0,24,0,2,0,3,0,0,0.186440677,"Franmil Reyes",14566,614177
"Zack Short","- - -",154,291,341,54,35,12,0,7,28,38,42,0,90,1,1,6,3,7,1,0.18556701,"Zack Short",19562,670097
"José Fermín","STL",51,97,112,18,16,1,1,0,5,4,10,0,14,3,0,2,3,1,2,0.18556701,"Jose Fermin",21746,665877
"Curt Casali","- - -",59,135,162,25,21,4,0,0,14,10,20,0,34,3,0,4,3,0,0,0.185185185,"Curt Casali",12510,592200
"Kevin Smith","- - -",51,135,146,25,16,4,0,5,15,11,5,0,51,1,0,5,3,1,0,0.185185185,"Kevin Smith",20242,675656
"Coco Montes","COL",18,38,41,7,4,2,0,1,3,3,2,0,12,1,0,0,0,0,0,0.184210526,"Coco Montes",21547,663796
"Tyler Locklear","SEA",13,38,40,7,4,1,0,2,3,3,1,0,15,1,0,0,3,1,0,0.184210526,"Tyler Locklear",31396,682988
"Hunter Dozier","KCR",29,82,91,15,10,2,1,2,8,9,8,0,29,0,1,0,0,2,0,0.182926829,"Hunter Dozier",15117,641531
"Peyton Burdick","MIA",14,33,37,6,3,2,0,1,4,2,3,0,18,1,0,0,0,1,0,0.181818181,"Peyton Burdick",25459,680814
"Darell Hernaiz","OAK",29,66,75,12,12,0,0,0,7,6,6,0,16,0,2,1,2,1,0,0.181818181,"Darell Hernaiz",26224,687231
"Hunter Goodman","COL",67,198,214,36,14,11,3,8,19,38,9,0,63,3,4,0,5,2,1,0.181818181,"Hunter Goodman",29715,696100
"Luis Urías","- - -",86,223,268,40,24,10,0,6,26,30,28,0,72,15,0,0,6,0,0,0.179372197,"Luis Urias",16622,649966
"Kyle Garlick","MIN",14,28,30,5,2,1,0,2,2,4,2,0,11,0,0,0,0,0,0,0.178571428,"Kyle Garlick",18063,664247
"Mike Zunino","CLE",42,124,140,22,12,7,0,3,11,11,15,0,61,1,0,0,3,0,0,0.177419354,"Mike Zunino",13265,572287
"Austin Hedges","- - -",120,266,299,47,37,8,0,2,23,26,14,0,79,4,4,10,9,3,0,0.176691729,"Austin Hedges",12976,595978
"Buddy Kennedy","- - -",16,34,42,6,4,1,0,1,3,5,6,0,10,1,1,0,0,1,0,0.176470588,"Buddy Kennedy",22505,671083
"Daz Cameron","OAK",31,80,90,14,8,2,0,4,12,8,9,0,19,1,0,0,2,1,0,0.175,"Daz Cameron",18353,663662
"Andrew Velazquez","LAA",54,81,94,14,9,3,0,2,12,3,10,0,30,0,0,3,1,13,3,0.172839506,"Andrew Velazquez",14196,623205
"Tomás Nido","- - -",71,186,201,32,24,4,0,4,19,13,7,0,53,0,3,5,3,0,0,0.17204301,"Tomas Nido",13755,621512
"Jamie Westbrook","BOS",18,35,43,6,2,2,0,2,4,7,4,0,12,1,2,0,0,0,0,0.171428571,"Jamie Westbrook",15504,642197
"Taylor Motter","STL",29,76,82,13,10,3,0,0,3,2,5,0,31,1,0,0,0,0,0,0.171052631,"Taylor Motter",12399,600301
"Martín Maldonado","- - -",165,497,554,85,51,15,0,19,42,47,38,0,190,4,0,15,15,0,0,0.171026156,"Martin Maldonado",6887,455117
"TJ Hopkins","CIN",25,41,44,7,7,0,0,0,7,1,2,0,17,1,0,0,1,1,0,0.170731707,"TJ Hopkins",25482,686759
"Seby Zavala","- - -",91,214,236,36,22,6,0,8,21,20,15,0,86,2,2,3,6,1,0,0.168224299,"Seby Zavala",18887,664874
"Dalton Guthrie","PHI",23,24,28,4,3,1,0,0,4,0,3,0,7,1,0,0,0,0,0,0.166666666,"Dalton Guthrie",21293,656495
"Tyler Cropley","KCR",2,6,7,1,1,0,0,0,0,1,0,0,2,0,1,0,0,0,0,0.166666666,"Tyler Cropley",24485,680418
"Jonathan Ornelas","TEX",18,24,27,4,2,2,0,0,3,1,1,0,9,1,0,1,0,0,0,0.166666666,"Jonathan Ornelas",24597,680716
"Cam Eden","TOR",5,6,6,1,1,0,0,0,1,0,0,0,2,0,0,0,0,0,0,0.166666666,"Cam Eden",25476,686490
"David Villar","SFG",53,145,162,24,9,9,0,6,18,16,11,0,53,4,2,0,1,1,1,0.165517241,"David Villar",24782,681584
"AJ Pollock","- - -",54,133,144,22,13,4,0,5,15,15,9,0,32,0,2,0,1,0,1,0.165413533,"AJ Pollock",9256,572041
"Trayce Thompson","- - -",72,153,179,25,17,2,0,6,17,17,24,0,77,2,0,0,1,2,0,0.163398692,"Trayce Thompson",9952,572204
"Yu Chang","BOS",39,105,112,17,9,2,0,6,12,18,3,0,34,2,0,2,2,4,0,0.161904761,"Yu Chang",14773,644374
"Chris Owings","PIT",11,25,25,4,4,0,0,0,0,0,0,0,12,0,0,0,1,0,0,0.16,"Chris Owings",10030,572008
"Bobby Dalbec","BOS",58,132,146,21,15,4,0,2,12,9,12,0,71,1,0,1,1,4,0,0.159090909,"Bobby Dalbec",19966,666915
"Kyle Lewis","ARI",16,51,54,8,5,2,0,1,2,2,3,0,21,0,0,0,0,0,0,0.156862745,"Kyle Lewis",19508,641786
"Brett Harris","OAK",34,96,115,15,9,3,0,3,15,12,16,0,23,2,1,0,3,0,3,0.15625,"Brett Harris",29788,695391
"Bubba Thompson","- - -",54,71,78,11,5,5,1,0,15,4,4,0,27,1,1,1,1,9,2,0.154929577,"Bubba Thompson",22261,669352
"Josh Donaldson","- - -",51,165,189,25,7,5,0,13,18,26,22,0,50,0,2,0,6,0,0,0.151515151,"Josh Donaldson",5038,518626
"Everson Pereira","NYY",27,93,103,14,10,4,0,0,6,10,8,0,40,2,0,0,1,4,0,0.150537634,"Everson Pereira",23695,677592
"Eli White","ATL",15,27,30,4,2,0,1,1,3,2,2,0,11,1,0,0,0,0,0,0.148148148,"Eli White",19346,642201
"Keston Hiura","LAA",10,27,27,4,4,0,0,0,1,1,0,0,10,0,0,0,0,0,1,0.148148148,"Keston Hiura",20003,669374
"Vinny Capra","- - -",12,27,30,4,2,2,0,0,4,1,2,0,8,0,0,1,1,0,0,0.148148148,"Vinny Capra",25040,681962
"Austin Nola","SDP",52,130,154,19,15,3,0,1,9,8,18,0,31,2,0,4,5,0,0,0.146153846,"Austin Nola",15941,543592
"Jorge Alfaro","- - -",18,48,52,7,2,4,0,1,2,4,2,0,15,2,0,0,3,0,0,0.145833333,"Jorge Alfaro",12180,595751
"Grae Kessinger","HOU",42,55,60,8,5,2,0,1,4,1,5,0,17,0,0,0,1,0,1,0.145454545,"Grae Kessinger",25813,666197
"Roberto Pérez","SFG",5,15,17,2,2,0,0,0,0,1,2,0,6,0,0,0,0,0,0,0.133333333,"Roberto Perez",2900,547379
"Justin Foscue","TEX",6,15,15,2,1,1,0,0,1,1,0,0,7,0,0,0,0,0,0,0.133333333,"Justin Foscue",27501,679822
"Johnathan Rodriguez","CLE",13,31,40,4,3,1,0,0,6,5,9,0,14,0,0,0,1,0,0,0.129032258,"Johnathan Rodriguez",22530,671286
"Jordan Lawlar","ARI",14,31,34,4,4,0,0,0,2,0,2,0,11,1,0,0,0,1,1,0.129032258,"Jordan Lawlar",29976,691783
"Jordyn Adams","LAA",17,39,40,5,5,0,0,0,1,1,0,0,16,0,1,0,0,1,2,0.128205128,"Jordyn Adams",23788,677941
"Davis Wendzel","TEX",27,47,49,6,3,2,0,1,2,2,1,0,12,1,0,0,1,0,0,0.127659574,"Davis Wendzel",26469,673995
"Cam Gallagher","CLE",56,143,149,18,12,6,0,0,6,7,4,0,46,1,1,0,3,0,0,0.125874125,"Cam Gallagher",12981,595956
"Kevin Padlo","LAA",3,8,8,1,0,1,0,0,1,0,0,0,0,0,0,0,1,0,0,0.125,"Kevin Padlo",16593,656821
"Ryan Kreidler","DET",30,58,62,7,6,0,0,1,8,2,4,0,22,0,0,0,0,2,1,0.120689655,"Ryan Kreidler",25867,668952
"David Hensley","HOU",30,84,94,10,8,1,0,1,12,3,10,0,35,0,0,0,0,1,0,0.119047619,"David Hensley",25111,682073
"Brian Serven","- - -",19,34,36,4,3,1,0,0,1,1,1,0,14,1,0,0,0,0,0,0.117647058,"Brian Serven",19422,661531
"Aaron Schunk","COL",14,27,28,3,2,1,0,0,3,0,1,1,10,0,0,0,0,0,0,0.111111111,"Aaron Schunk",25524,668845
"Kyren Paris","LAA",36,91,105,10,7,2,0,1,8,6,11,0,34,1,0,1,1,4,0,0.109890109,"Kyren Paris",26420,677347
"Brian O'Keefe","SEA",8,19,21,2,0,2,0,0,0,2,2,0,7,0,0,0,2,0,0,0.105263157,"Brian O'Keefe",16680,657247
"Alex Jackson","TBR",41,95,105,10,3,5,0,2,10,10,7,0,40,1,1,1,2,0,0,0.105263157,"Alex Jackson",17276,656577
"Levi Jordan","CIN",7,10,11,1,0,1,0,0,1,1,0,0,3,0,1,0,0,0,0,0.1,"Levi Jordan",25138,682119
"Jakson Reetz","SFG",5,12,12,1,0,0,0,1,1,1,0,0,4,0,0,0,1,0,0,0.083333333,"Jakson Reetz",17837,656883
"Nacho Alvarez Jr.","ATL",3,13,13,1,1,0,0,0,0,0,0,0,6,0,0,0,0,0,0,0.076923076,"Nacho Alvarez Jr.",31765,805373
"Nate Eaton","KCR",28,53,56,4,4,0,0,0,2,1,2,0,21,1,0,0,0,3,0,0.075471698,"Nate Eaton",25055,681987
"Luke Williams","- - -",24,29,31,2,2,0,0,0,4,0,1,0,10,1,0,0,1,4,0,0.068965517,"Luke Williams",19931,663897
"Blake Dunn","CIN",12,18,20,1,0,1,0,0,4,0,1,0,7,1,0,0,1,0,0,0.055555555,"Blake Dunn",29487,694362
"Adam Engel","SDP",5,6,6,0,0,0,0,0,0,0,0,0,2,0,0,0,0,0,1,0,"Adam Engel",15082,641553
"Chris Okey","LAA",2,2,2,0,0,0,0,0,0,0,0,0,2,0,0,0,0,0,0,0,"Chris Okey",19245,608360
"Rylan Bannon","HOU",2,6,6,0,0,0,0,0,0,0,0,0,3,0,0,0,0,0,0,0,"Rylan Bannon",19768,676625
"Jhonny Pereda","MIA",5,5,5,0,0,0,0,0,0,0,0,0,1,0,0,0,0,0,0,0,"Jhonny Pereda",19802,640902
"Caleb Hamilton","BOS",4,5,6,0,0,0,0,0,0,0,1,0,5,0,0,0,0,0,0,0,"Caleb Hamilton",19842,643348
"Tres Barrera","STL",6,2,2,0,0,0,0,0,0,0,0,0,0,0,0,0,0,0,0,0,"Tres Barrera",19977,668663
"Connor Kaiser","COL",3,4,4,0,0,0,0,0,0,0,0,0,2,0,0,0,0,0,0,0,"Connor Kaiser",21535,663731
"Jair Camargo","MIN",5,6,7,0,0,0,0,0,1,0,1,0,3,0,0,0,0,0,0,0,"Jair Camargo",21730,665856
"Grant Koch","PIT",3,7,8,0,0,0,0,0,1,0,1,0,6,0,0,0,0,0,0,0,"Grant Koch",22045,667428
"Mason McCoy","TOR",6,1,1,0,0,0,0,0,2,0,0,0,1,0,0,0,0,0,0,0,"Mason McCoy",22232,669200
"David Bañuelos","BAL",1,1,1,0,0,0,0,0,0,0,0,0,0,0,0,0,0,0,0,0,"David Banuelos",23250,675915
"Luis Vazquez","CHC",2,1,1,0,0,0,0,0,1,0,0,0,1,0,0,0,0,0,0,0,"Luis Vazquez",23442,676679
"Chandler Seagle","SDP",1,1,1,0,0,0,0,0,0,0,0,0,0,0,0,0,0,0,0,0,"Chandler Seagle",23552,676882
"Chris Roller","MIL",1,1,1,0,0,0,0,0,0,0,0,0,1,0,0,0,0,0,0,0,"Chris Roller",23557,676896